0
0-0-1
0-12
0-newstore
00
00-backup
00-cache
00-img
00-inc
00-mp
00-ps
000
0000
000000
00000000
0001
0007
001
002
007
007007
01
02
0246
0249
03
04
04webserver
05
0594wm
06
07
08
09
0verkill
0wn
1
1-script
10
10-4
100
1000
1001
1002
1003
1004
1005
1006
1007
1008
1009
101
1010
1011
1012
1013
1014
1015
1016
1017
1018
1019
102
1020
1021
1022
1023
1024
1025
1026
1027
1028
1029
103
1030
1031
1032
1033
1034
1035
1036
1037
1038
1039
104
1040
1041
1042
1043
1044
1045
1046
1047
1048
1049
105
1050
1051
1052
1053
1054
1055
1056
1057
1058
1059
106
1060
1061
1062
1063
1064
1065
1066
10668
1067
1068
1069
107
1070
1071
1072
1073
1074
1075
1076
1077
1078
1079
108
1080
1081
1082
1083
1084
1085
1086
1087
1088
1089
109
1090
1091
1092
1093
1094
1095
1096
1097
1098
1099
10sne1
11
110
1100
1101
1102
1103
1104
1105
1106
1107
1108
1109
111
1110
1111
111111
1112
1113
1114
1115
1116
1117
1118
1119
112
1120
1121
1122
1123
1124
1125
1126
1127
1128
1129
113
1130
1131
1132
1133
1134
1135
1136
1137
1138
1139
114
1140
1141
1142
1143
1144
1145
1146
1147
1148
1149
115
1150
1151
1152
1153
1154
1155
1156
1157
1158
1159
116
1160
1161
1162
1163
1164
1165
1166
1167
1168
1169
117
1170
1171
1172
1173
1174
1175
1176
1177
1178
1179
118
1180
1181
1182
1183
1184
1185
1186
1187
1188
1189
119
1190
1191
1192
1193
1194
1195
1196
1197
1198
1199
12
120
1200
1201
1202
1203
1204
1205
1206
1207
1208
1209
121
1210
1211
1212
121212
1213
1214
1215
1216
1217
1218
1219
122
1220
1221
1222
1223
1224
1225
1226
1227
1228
1229
123
1230
1231
123123
1232
1233
1234
12345
123456
1234567
12345678
1234qwer
1235
1236
1237
1238
1239
123abc
123apps
123go
124
1240
1241
1242
1243
1244
1245
1246
1247
1248
1249
125
1250
1251
1252
1253
1254
1255
1256
1257
1258
1259
126
1260
1261
1262
1263
1264
1265
1266
1267
1268
1269
127
1270
1271
1272
1273
1274
1275
1276
1277
1278
1279
128
1280
1281
1282
1283
1284
1285
1286
1287
1288
1289
129
1290
1291
1292
1293
12931293
1294
1295
1296
1297
1298
1299
12all
12planet
12xyz34
13
130
1300
1301
1302
1303
1304
1305
1306
1307
1308
1309
131
1310
1311
1312
1313
131313
1314
1315
1316
1317
1318
1319
132
1320
1321
1322
1323
1324
1325
1326
1327
1328
1329
133
1330
1331
1332
1333
1334
1335
1336
1337
1338
1339
134
1340
1341
1342
1343
1344
1345
1346
1347
1348
1349
135
1350
1351
1352
1353
1354
1355
1356
1357
13579
1358
1359
136
1360
1361
1362
1363
1364
1365
1366
1367
1368
1369
137
1370
1371
1372
1373
1374
1375
1376
1377
1378
1379
138
1380
1381
1382
1383
1384
1385
1386
1387
1388
1389
139
1390
1391
1392
1393
1394
1395
1396
1397
1398
1399
14
140
1400
1401
1402
1403
1404
1405
1406
1407
1408
1409
141
1410
1411
1412
1413
1414
1415
1416
1417
1418
1419
142
1420
1421
1422
1423
1424
1425
1426
1427
1428
1429
143
1430
1431
1432
1433
1434
1435
1436
1437
1438
1439
144
1440
1441
1442
1443
14430
1444
1445
1446
1447
1448
1449
145
1450
1451
1452
1453
1454
1455
1456
1457
1458
1459
146
1460
1461
1462
1463
1464
1465
1466
1467
1468
1469
147
1470
1471
1472
1473
1474
1475
1476
1477
1478
1479
148
1480
1481
1482
1483
1484
1485
1486
1487
1488
1489
149
1490
1491
1492
1493
1494
1495
1496
1497
1498
1499
15
150
1500
1501
1502
1503
1504
1505
1506
1507
1508
1509
151
1510
1511
1512
1513
1514
1515
1516
1517
1518
1519
152
1520
1521
1522
1523
1524
1525
1526
1527
1528
1529
153
1530
1531
1532
1533
1534
1535
1536
1537
1538
1539
154
1540
1541
1542
1543
1544
1545
1546
1547
1548
1549
155
1550
1551
1552
1553
1554
1555
1556
1557
1558
1559
156
1560
1561
1562
1563
1564
1565
1566
1567
1568
1569
157
1570
1571
1572
1573
1574
1575
1576
1577
1578
1579
158
1580
1581
1582
1583
1584
1585
1586
1587
1588
1589
159
1590
1591
1592
1593
1594
1595
1596
1597
1598
1599
16
160
1600
1601
1602
1603
1604
1605
1606
1607
1608
1609
161
1610
1611
1612
1613
1614
1615
1616
1617
1618
1619
162
1620
1621
1622
1623
1624
1625
1626
1627
1628
1629
163
1630
1631
1632
1633
1634
1635
1636
1637
1638
1639
164
1640
1641
1642
1643
1644
1645
1646
1647
1648
1649
165
1650
1651
1652
1653
1654
1655
1656
1657
1658
1659
166
1660
1661
1662
1663
1664
1665
1666
1667
1668
1669
167
1670
1671
1672
1673
1674
1675
1676
1677
1678
1679
168
1680
1681
1682
1683
1684
1685
1686
1687
1688
1689
169
1690
1691
1692
1693
1694
1695
1696
1697
1698
1699
17
170
1700
1701
1701d
1702
1703
1704
1705
1706
1707
1708
1709
171
1710
1711
1712
1713
1714
1715
1716
1717
1718
1719
172
1720
1721
1722
1723
1724
1725
1726
1727
1728
1729
173
1730
1731
1732
1733
1734
1735
1736
1737
1738
1739
174
1740
1741
1742
1743
1744
1745
1746
1747
1748
1749
175
1750
1751
1752
1753
1754
1755
1756
1757
1758
1759
176
1760
1761
1762
1763
1764
1765
1766
1767
1768
1769
177
1770
1771
1772
1773
1774
1775
1776
1777
1778
1779
178
1780
1781
1782
1783
1784
1785
1786
1787
1788
1789
179
1790
1791
1792
1793
1794
1795
1796
1797
1798
1799
18
180
1800
1801
1802
1803
1804
1805
1806
1807
1808
1809
181
1810
1811
1812
1813
1814
1815
1816
1817
1818
1819
182
1820
1821
1822
1823
1824
1825
1826
1827
1828
1829
183
1830
1831
1832
1833
1834
1835
1836
1837
1838
1839
184
1840
1841
1842
1843
1844
1845
1846
1847
1848
1849
185
1850
1851
1852
1853
1854
1855
1856
1857
1858
1859
186
1860
1861
1862
1863
1864
1865
1866
1867
1868
1869
187
1870
1871
1872
1873
1874
1875
1876
1877
1878
1879
188
1880
1881
1882
1883
1884
1885
1886
1887
1888
1889
189
1890
1891
1892
1893
1894
1895
1896
1897
1898
1899
1899-hoffenheim
19
190
1900
1901
1902
1903
1904
1905
1906
1907
1908
1909
191
1910
1911
1912
1913
1914
1915
1916
1917
1918
1919
192
1920
1921
1922
1923
1924
1925
1926
1927
1928
1929
193
1930
1931
1932
1933
1934
1935
1936
1937
1938
1939
194
1940
1941
1942
1943
1944
1945
1946
1947
1948
1949
195
1950
1951
1952
1953
1954
1955
1956
1957
1958
1959
196
1960
1961
1962
1963
1964
1965
1966
1967
1968
1969
197
1970
1971
1972
1973
1974
1975
1976
1977
1978
1979
198
1980
1981
1982
1983
1984
1985
1986
1987
1988
1989
199
1990
1991
1992
1993
1994
1995
1996
1997
1998
1999
1_files
1a2b3c
1c
1csqlstol
1cterm1
1cv8ku
1cv8wtc
1p2o3i
1q2w3e
1qaz2wsx
1qw23e
1sanjose
1st
1x1
2
2-easy-ways
20
200
2000
2001
2002
2003
2004
2005
2006
2007
2008
2009
201
2010
2011
2012
2013
2014
2015
2016
2017
2018
2019
202
2020
2021
2022
2023
2024
2025
2026
2027
2028
2029
203
2030
2031
2032
2033
2034
2035
2036
2037
2038
2039
204
2040
2041
2042
2043
2044
2045
2046
2047
2048
2049
205
2050
2051
2052
2053
2054
2055
2056
2057
2058
2059
206
2060
2061
2062
2063
2064
2065
2066
2067
2068
2069
207
2070
2071
2072
2073
2074
2075
2076
2077
2078
2079
208
2080
2081
2082
2083
2084
2085
2086
2087
2088
2089
209
2090
2091
2092
2093
2094
2095
2096
2097
2098
2099
20smb
21
21-6
210
2100
2101
2102
2103
2104
2105
2106
2107
2108
2109
211
2110
2111
2112
21122112
2113
2114
2115
2116
2117
2118
2119
212
2120
2121
2122
2123
2124
2125
2126
2127
2128
2129
213
2130
2131
2132
2133
2134
2135
2136
2137
2138
2139
214
2140
2141
2142
2143
2144
2145
2146
2147
2148
2149
215
2150
2151
2152
2153
2154
2155
2156
2157
2158
2159
216
2160
2161
2162
2163
2164
2165
2166
2167
2168
2169
217
2170
2171
2172
2173
2174
2175
2176
2177
2178
2179
218
2180
2181
2182
2183
2184
2185
2186
2187
2188
2189
219
2190
2191
2192
2193
2194
2195
2196
2197
2198
2199
22
220
2200
2200net
2201
2202
2203
2204
2205
2206
2207
2208
2209
221
2210
2211
2212
2213
2214
2215
2216
2217
2218
2219
222
2220
2221
2222
2223
2224
2225
2226
2227
2228
2229
223
2230
2231
2232
2233
2234
2235
2236
2237
2238
2239
224
2240
2241
2242
2243
2244
2245
2246
2247
2248
2249
225
2250
2251
2252
2253
2254
2255
2256
2257
2258
2259
226
2260
2261
2262
2263
2264
2265
2266
2267
2268
2269
227
2270
2271
2272
2273
2274
2275
2276
2277
2278
2279
228
2280
2281
2282
2283
2284
2285
2286
2287
2288
2289
229
2290
2291
2292
2293
2294
2295
2296
2297
2298
2299
23
230
2300
2301
2302
2303
2304
2305
2306
2307
2308
2309
231
2310
2311
2312
2313
2314
2315
2316
2317
2318
2319
232
2320
2321
2322
2323
2324
2325
2326
2327
2328
2329
233
2330
2331
2332
2333
2334
2335
2336
2337
2338
2339
234
2340
2341
2342
2343
2344
2345
2346
2347
2348
2349
235
2350
2351
2352
2353
2354
2355
2356
2357
2358
2359
236
2360
2361
2362
2363
2364
2365
2366
2367
2368
2369
237
2370
2371
2372
2373
2374
2375
2376
2377
2378
2379
238
2380
2381
2382
2383
2384
2385
2386
2387
2388
2389
239
2390
2391
2392
2393
2394
2395
2396
2397
2398
2399
23feb
24
240
2400
2401
2402
2403
2404
2405
2406
2407
2408
2409
241
2410
2411
2412
2413
2414
2415
2416
2417
2418
2419
242
2420
2421
2422
2423
2424
2425
2426
2427
2428
2429
243
2430
2431
2432
2433
2434
2435
2436
2437
2438
2439
244
2440
2441
2442
2443
2444
2445
2446
2447
2448
2449
245
2450
2451
2452
2453
2454
2455
2456
2457
2458
2459
246
2460
2461
2462
2463
2464
2465
2466
2467
2468
2469
247
2470
2471
2472
2473
2474
2475
2476
2477
2478
2479
248
2480
2481
2482
2483
2484
2485
2486
2487
2488
2489
249
2490
2491
2492
2493
2494
2495
2496
2497
2498
2499
24hourfitness
25
250
2500
2501
2502
2503
2504
2505
2506
2507
2508
2509
251
2510
2511
2512
2513
2514
2515
2516
2517
2518
2519
252
2520
2521
2522
2523
2524
2525
2526
2527
2528
2529
253
2530
2531
2532
2533
2534
2535
2536
2537
2538
2539
254
2540
2541
2542
2543
2544
2545
2546
2547
2548
2549
255
2550
2551
2552
2553
2554
2555
2556
2557
2558
2559
256
2560
2561
2562
2563
2564
2565
2566
2567
2568
2569
257
2570
2571
2572
2573
2574
2575
2576
2577
2578
2579
258
2580
2581
2582
2583
2584
2585
2586
2587
2588
2589
259
2590
2591
2592
2593
2594
2595
2596
2597
2598
2599
25all
25fb8
25lh8
26
260
2600
2601
2602
2603
2604
2605
2606
2607
2608
2609
261
2610
2611
2612
2613
2614
2615
2616
2617
2618
2619
262
2620
2621
2622
2623
2624
2625
2626
2627
2628
2629
263
2630
2631
2632
2633
2634
2635
2636
2637
2638
2639
264
2640
2641
2642
2643
2644
2645
2646
2647
2648
2649
265
2650
2651
2652
2653
2654
2655
2656
2657
2658
2659
266
2660
2661
2662
2663
2664
2665
2666
2667
2668
2669
267
2670
2671
2672
2673
2674
2675
2676
2677
2678
2679
268
2680
2681
2682
2683
2684
2685
2686
2687
2688
2689
269
2690
2691
2692
2693
2694
2695
2696
2697
2698
2699
27
270
2700
2701
2702
2703
2704
2705
2706
2707
2708
2709
271
2710
2711
2712
2713
2714
2715
2716
2717
2718
2719
272
2720
2721
2722
2723
2724
2725
2726
2727
2728
2729
273
2730
2731
2732
2733
2734
2735
2736
2737
2738
2739
274
2740
2741
2742
2743
2744
2745
2746
2747
2748
2749
275
2750
2751
2752
2753
2754
2755
2756
2757
2758
2759
276
2760
2761
2762
2763
2764
2765
2766
2767
2768
2769
277
2770
2771
2772
2773
2774
2775
2776
2777
2778
2779
278
2780
2781
2782
2783
2784
2785
2786
2787
2788
2789
279
2790
2791
2792
2793
2794
2795
2796
2797
2798
2799
28
280
2800
2801
2802
2803
2804
2805
2806
2807
2808
2809
281
2810
2811
2812
2813
2814
2815
2816
2817
2818
2819
282
2820
2821
2822
2823
2824
2825
2826
2827
2828
2829
283
2830
2831
2832
2833
2834
2835
2836
2837
2838
2839
284
2840
2841
2842
2843
2844
2845
2846
2847
2848
2849
285
2850
2851
2852
2853
2854
2855
2856
2857
2858
2859
286
2860
2861
2862
2863
2864
2865
2866
2867
2868
2869
287
2870
2871
2872
2873
2874
2875
2876
2877
2878
2879
288
2880
2881
2882
2883
2884
2885
2886
2887
2888
2889
289
2890
2891
2892
2893
2894
2895
2896
2897
2898
2899
29
290
2900
2901
2902
2903
2904
2905
2906
2907
2908
2909
291
2910
2911
2912
2913
2914
2915
2916
2917
2918
2919
292
2920
2921
2922
2923
2924
2925
2926
2927
2928
2929
293
2930
2931
2932
2933
2934
2935
2936
2937
2938
2939
294
2940
2941
2942
2943
2944
2945
2946
2947
2948
2949
295
2950
2951
2952
2953
2954
2955
2956
2957
2958
2959
296
2960
2961
2962
2963
2964
2965
2966
2967
2968
2969
297
2970
2971
2972
2973
2974
2975
2976
2977
2978
2979
298
2980
2981
2982
2983
2984
2985
2986
2987
2988
2989
299
2990
2991
2992
2993
2994
2995
2996
2997
2998
2999
2_files
2bgal
2co
2d
2db
2enetworx
2fax
2g
2welcome
2wire
2xfun1970
2z
3
30
300
3000
3001
3002
3003
3004
3005
3006
3007
3008
3009
301
3010
3011
3012
3013
3014
3015
3016
3017
3018
3019
302
3020
3021
3022
3023
3024
3025
3026
3027
3028
3029
303
3030
3031
3032
3033
3034
3035
3036
3037
3038
3039
304
3040
3041
3042
3043
3044
3045
3046
3047
3048
3049
305
3050
3051
3052
3053
3054
3055
3056
3057
3058
3059
306
3060
3061
3062
3063
3064
3065
3066
3067
3068
3069
307
3070
3071
3072
3073
3074
3075
3076
3077
3078
3079
308
3080
3081
3082
3083
3084
3085
3086
3087
3088
3089
309
3090
3091
3092
3093
3094
3095
3096
3097
3098
3099
31
310
3100
3101
3102
3103
3104
3105
3106
3107
3108
3109
310monitoring
311
3110
3111
3112
3113
3114
3115
3116
3117
3118
3119
312
3120
3121
3122
3123
3124
3125
3126
3127
3128
3129
313
3130
3131
3132
3133
3134
3135
3136
3137
3138
3139
314
3140
3141
3142
3143
3144
3145
3146
3147
3148
3149
315
3150
3151
3152
3153
3154
3155
3156
3157
3158
3159
316
3160
3161
3162
3163
3164
3165
3166
3167
3168
3169
317
3170
3171
3172
3173
3174
3175
3176
3177
3178
3179
318
3180
3181
3182
3183
3184
3185
3186
3187
3188
3189
319
3190
3191
3192
3193
3194
3195
3196
3197
3198
3199
32
320
3200
3201
3202
3203
3204
3205
3206
3207
3208
3209
321
3210
3211
3212
3213
3214
3215
3216
3217
3218
3219
321soft
322
3220
3221
3222
3223
3224
3225
3226
3227
3228
3229
32297
323
3230
3231
3232
3233
3234
3235
3236
3237
3238
3239
324
3240
3241
3242
3243
3244
3245
3246
3247
3248
3249
325
3250
3251
3252
3253
3254
3255
3256
3257
3258
3259
326
3260
3261
3262
3263
3264
3265
3266
3267
3268
3269
327
3270
3271
3272
3273
3274
3275
3276
3277
3278
3279
328
3280
3281
3282
3283
3284
3285
3286
3287
3288
3289
329
3290
3291
3292
3293
3294
3295
3296
3297
3298
3299
33
330
3300
3301
3302
3303
3304
3305
3306
3307
3308
3309
331
3310
3311
3312
3313
3314
3315
3316
3317
3318
3319
332
3320
3321
3322
3323
3324
3325
3326
3327
3328
3329
333
3330
3331
3332
3333
3334
3335
3336
3337
3338
3339
334
3340
3341
3342
3343
3344
3345
3346
3347
3348
3349
335
3350
3351
3352
3353
3354
3355
3356
3357
3358
3359
336
3360
3361
3362
3363
3364
3365
3366
3367
3368
3369
337
3370
3371
3372
3373
3374
3375
3376
3377
3378
3379
338
3380
3381
3382
3383
3384
3385
3386
3387
3388
3389
339
3390
3391
3392
3393
3394
3395
3396
3397
3398
3399
34
340
3400
3401
3402
3403
3404
3405
3406
3407
3408
3409
341
3410
3411
3412
3413
3414
3415
3416
3417
3418
3419
342
3420
3421
3422
3423
3424
3425
3426
3427
3428
3429
343
3430
3431
3432
3433
3434
3435
3436
3437
3438
3439
344
3440
3441
3442
3443
3444
3445
3446
3447
3448
3449
345
3450
3451
3452
3453
3454
3455
3456
3457
3458
3459
346
3460
3461
3462
3463
3464
3465
3466
3467
3468
3469
347
3470
3471
3472
3473
3474
3475
3476
3477
3478
3479
348
3480
3481
3482
3483
3484
3485
3486
3487
3488
3489
349
3490
3491
3492
3493
3494
3495
3496
3497
3498
3499
35
350
3500
3501
3502
3503
3504
3505
3506
3507
3508
3509
351
3510
3511
3512
3513
3514
3515
3516
3517
3518
3519
352
3520
3521
3522
3523
3524
3525
3526
3527
3528
3529
353
3530
3531
3532
3533
3534
3535
3536
3537
3538
3539
354
3540
3541
3542
3543
3544
3545
3546
3547
3548
3549
355
3550
3551
3552
3553
3554
3555
3556
3557
3558
3559
356
3560
3561
3562
3563
3564
3565
3566
3567
3568
3569
357
3570
3571
3572
3573
3574
3575
3576
3577
3578
3579
358
3580
3581
3582
3583
3584
3585
3586
3587
3588
3589
359
3590
3591
3592
3593
3594
3595
3596
3597
3598
3599
36
360
3600
3601
3602
3603
3604
3605
3606
3607
3608
3609
361
3610
3611
3612
3613
3614
3615
3616
3617
3618
3619
362
3620
3621
3622
3623
3624
3625
3626
3627
3628
3629
363
3630
3631
3632
3633
3634
3635
3636
3637
3638
3639
364
3640
3641
3642
3643
3644
3645
3646
3647
3648
3649
365
3650
3651
3652
3653
3654
3655
3656
3657
3658
3659
366
3660
3661
3662
3663
3664
3665
3666
3667
3668
3669
367
3670
3671
3672
3673
3674
3675
3676
3677
3678
3679
368
3680
3681
3682
3683
3684
3685
3686
3687
3688
3689
369
3690
3691
3692
3693
3694
3695
3696
3697
3698
3699
37
370
3700
3701
3702
3703
3704
3705
3706
3707
3708
3709
371
3710
3711
3712
3713
3714
3715
3716
3717
3718
3719
372
3720
3721
3722
3723
3724
3725
3726
3727
3728
3729
373
3730
3731
3732
3733
3734
3735
3736
3737
3738
3739
374
3740
3741
3742
3743
3744
3745
3746
3747
3748
3749
375
3750
3751
3752
3753
3754
3755
3756
3757
3758
3759
376
3760
3761
3762
3763
3764
3765
3766
3767
3768
3769
377
3770
3771
3772
3773
3774
3775
3776
3777
3778
3779
378
3780
3781
3782
3783
3784
3785
3786
3787
3788
3789
379
3790
3791
3792
3793
3794
3795
3796
3797
3798
3799
38
380
3800
3801
3802
3803
3804
3805
3806
3807
3808
3809
381
3810
3811
3812
3813
3814
3815
3816
3817
3818
3819
382
3820
3821
3822
3823
3824
3825
3826
3827
3828
3829
383
3830
3831
3832
3833
3834
3835
3836
3837
3838
3839
384
3840
3841
3842
3843
3844
3845
3846
3847
3848
3849
385
3850
3851
3852
3853
3854
3855
3856
3857
3858
3859
386
3860
3861
3862
3863
3864
3865
3866
3867
3868
3869
387
3870
3871
3872
3873
3874
3875
3876
3877
3878
3879
388
3880
3881
3882
3883
3884
3885
3886
3887
3888
3889
389
3890
3891
3892
3893
3894
3895
3896
3897
3898
3899
39
390
3900
3901
3902
3903
3904
3905
3906
3907
3908
3909
391
3910
3911
3912
3913
3914
3915
3916
3917
3918
3919
392
3920
3921
3922
3923
3924
3925
3926
3927
3928
3929
393
3930
3931
3932
3933
3934
3935
3936
3937
3938
3939
394
3940
3941
3942
3943
3944
3945
3946
3947
3948
3949
395
3950
3951
3952
3953
3954
3955
3956
3957
3958
3959
396
3960
3961
3962
3963
3964
3965
3966
3967
3968
3969
397
3970
3971
3972
3973
3974
3975
3976
3977
3978
3979
398
3980
3981
3982
3983
3984
3985
3986
3987
3988
3989
399
3990
3991
3992
3993
3994
3995
3996
3997
3998
3999
3_files
3com
3d
3d-ftp
3d3
3do
3droi
3dsecure
3g
3gp
3m
3p
3proxy
3r
3rdparty
3ware
4
40
400
4000
4001
4002
4003
4004
4005
4006
4007
4008
4009
401
4010
4011
4012
4013
4014
4015
4016
4017
4018
4019
402
4020
4021
4022
4023
4024
4025
4026
4027
4028
4029
403
4030
4031
4032
4033
4034
4035
4036
4037
4038
4039
404
404-error
4040
4041
4042
4043
4044
4045
4046
4047
4048
4049
404notfound
404redirect
405
4050
4051
4052
4053
4054
4055
4056
4057
4058
4059
406
4060
4061
4062
4063
4064
4065
4066
4067
4068
4069
407
4070
4071
4072
4073
4074
4075
4076
4077
4078
4079
408
4080
4081
4082
4083
4084
4085
4086
4087
4088
4089
409
4090
4091
4092
4093
4094
4095
4096
4097
4098
4099
41
410
4100
4101
4102
4103
4104
4105
4106
4107
4108
4109
411
4110
4111
4112
4113
4114
4115
4116
4117
4118
4119
412
4120
4121
4122
4123
4124
4125
4126
4127
4128
4129
413
4130
4131
4132
4133
4134
4135
4136
4137
4138
4139
414
4140
4141
4142
4143
4144
4145
4146
4147
4148
4149
415
4150
4151
4152
4153
4154
4155
4156
4157
4158
4159
416
4160
4161
4162
4163
4164
4165
4166
4167
4168
4169
417
4170
4171
4172
4173
4174
4175
4176
4177
4178
4179
418
4180
4181
4182
4183
4184
4185
4186
4187
4188
4189
419
4190
4191
4192
4193
4194
4195
4196
4197
4198
4199
42
420
4200
4201
4202
4203
4204
4205
4206
4207
4208
4209
421
4210
4211
4212
4213
4214
4215
4216
4217
4218
4219
422
4220
4221
4222
4223
4224
4225
4226
4227
4228
4229
423
4230
4231
4232
4233
4234
4235
4236
4237
4238
4239
424
4240
4241
4242
4243
4244
4245
4246
4247
4248
4249
425
4250
4251
4252
4253
4254
4255
4256
4257
4258
4259
426
4260
4261
4262
4263
4264
4265
4266
4267
4268
4269
427
4270
4271
4272
4273
4274
4275
4276
4277
4278
4279
427bb
428
4280
4281
4282
4283
4284
4285
4286
4287
4288
4289
429
4290
4291
4292
4293
4294
4295
4296
4297
4298
4299
43
430
4300
4301
4302
4303
4304
4305
4306
4307
4308
4309
431
4310
4311
4312
4313
4314
4315
4316
4317
4318
4319
432
4320
4321
4322
4323
4324
4325
4326
4327
4328
4329
433
4330
4331
4332
4333
4334
4335
4336
4337
4338
4339
434
4340
4341
4342
4343
4344
4345
4346
4347
4348
4349
435
4350
4351
4352
4353
4354
4355
4356
4357
4358
4359
436
4360
4361
4362
4363
4364
4365
4366
4367
4368
4369
437
4370
4371
4372
4373
4374
4375
4376
4377
4378
4379
438
4380
4381
4382
4383
4384
4385
4386
4387
4388
4389
439
4390
4391
4392
4393
4394
4395
4396
4397
4398
4399
44
440
4400
4401
4402
4403
4404
4405
4406
4407
4408
4409
441
4410
4411
4412
4413
4414
4415
4416
4417
4418
4419
442
4420
4421
4422
4423
4424
4425
4426
4427
4428
4429
443
4430
4431
4432
4433
4434
4435
4436
4437
4438
4439
444
4440
4441
4442
4443
4444
4445
4446
4447
4448
4449
445
4450
4451
4452
4453
4454
4455
4456
4457
4458
4459
446
4460
4461
4462
4463
4464
4465
4466
4467
4468
4469
447
4470
4471
4472
4473
4474
4475
4476
4477
4478
4479
448
4480
4481
4482
4483
4484
4485
4486
4487
4488
4489
449
4490
4491
4492
4493
4494
4495
4496
4497
4498
4499
45
450
4500
4501
4502
4503
4504
4505
4506
4507
4508
4509
451
4510
4511
4512
4513
4514
4515
4516
4517
4518
4519
452
4520
4521
4522
4523
4524
4525
4526
4527
4528
4529
453
4530
4531
4532
4533
4534
4535
4536
4537
4538
4539
454
4540
4541
4542
4543
4544
4545
4546
4547
4548
4549
455
4550
4551
4552
4553
4554
4555
4556
4557
4558
4559
456
4560
4561
4562
4563
4564
4565
4566
4567
4568
4569
457
4570
4571
4572
4573
4574
4575
4576
4577
4578
4579
458
4580
4581
4582
4583
4584
4585
4586
4587
4588
4589
459
4590
4591
4592
4593
4594
4595
4596
4597
4598
4599
46
460
4600
4601
4602
4603
4604
4605
4606
4607
4608
4609
461
4610
4611
4612
4613
4614
4615
4616
4617
4618
4619
462
4620
4621
4622
4623
4624
4625
4626
4627
4628
4629
463
4630
4631
4632
4633
4634
4635
4636
4637
4638
4639
464
4640
4641
4642
4643
4644
4645
4646
4647
4648
4649
465
4650
4651
4652
4653
4654
4655
4656
4657
4658
4659
466
4660
4661
4662
4663
4664
4665
4666
4667
4668
4669
467
4670
4671
4672
4673
4674
4675
4676
4677
4678
4679
468
4680
4681
4682
4683
4684
4685
4686
4687
4688
4689
469
4690
4691
4692
4693
4694
4695
4696
4697
4698
4699
47
470
4700
4701
4702
4703
4704
4705
4706
4707
4708
4709
471
4710
4711
4712
4713
4714
4715
4716
4717
4718
4719
472
4720
4721
4722
4723
4724
4725
4726
4727
4728
4729
473
4730
4731
4732
4733
4734
4735
4736
4737
4738
4739
474
4740
4741
4742
4743
4744
4745
4746
4747
4748
4749
475
4750
4751
4752
4753
4754
4755
4756
4757
4758
4759
476
4760
4761
4762
4763
4764
4765
4766
4767
4768
4769
477
4770
4771
4772
4773
4774
4775
4776
4777
4778
4779
478
4780
4781
4782
4783
4784
4785
4786
4787
4788
4789
479
4790
4791
4792
4793
4794
4795
4796
4797
4798
4799
48
480
4800
4801
4802
4803
4804
4805
4806
4807
4808
4809
481
4810
4811
4812
4813
4814
4815
4816
4817
4818
4819
482
4820
4821
4822
4823
4824
4825
4826
4827
4828
4829
483
4830
4831
4832
4833
4834
4835
4836
4837
4838
4839
484
4840
4841
4842
4843
4844
4845
4846
4847
4848
4849
485
4850
4851
4852
4853
4854
4855
4856
4857
4858
4859
486
4860
4861
4862
4863
4864
4865
4866
4867
4868
4869
487
4870
4871
4872
4873
4874
4875
4876
4877
4878
4879
488
4880
4881
4882
4883
4884
4885
4886
4887
4888
4889
489
4890
4891
4892
4893
4894
4895
4896
4897
4898
4899
49
490
4900
4901
4902
4903
4904
4905
4906
4907
4908
4909
491
4910
4911
4912
4913
4914
4915
4916
4917
4918
4919
492
4920
4921
4922
4923
4924
4925
4926
4927
4928
4929
493
4930
4931
4932
4933
4934
4935
4936
4937
4938
4939
494
4940
4941
4942
4943
4944
4945
4946
4947
4948
4949
495
4950
4951
4952
4953
4954
4955
4956
4957
4958
4959
496
4960
4961
4962
4963
4964
4965
4966
4967
4968
4969
497
4970
4971
4972
4973
4974
4975
4976
4977
4978
4979
498
4980
4981
4982
4983
4984
4985
4986
4987
4988
4989
499
4990
4991
4992
4993
4994
4995
4996
4997
4998
4999
4airlines
4d
4dm1n
4homepages
4homes
4images
4rum
4runner
4travel
4u
4x4
5
50
500
5000
5001
5002
5003
5004
5005
5006
5007
5008
5009
501
5010
5011
5012
5013
5014
5015
5016
5017
5018
5019
502
5020
5021
5022
5023
5024
5025
5026
5027
5028
5029
503
5030
5031
5032
5033
5034
5035
5036
5037
5038
5039
504
5040
5041
5042
5043
5044
5045
5046
5047
5048
5049
505
5050
5051
5052
5053
5054
5055
5056
5057
5058
5059
506
5060
5061
5062
5063
5064
5065
5066
5067
5068
5069
507
5070
5071
5072
5073
5074
5075
5076
5077
5078
5079
508
5080
5081
5082
5083
5084
5085
5086
5087
5088
5089
509
5090
5091
5092
5093
5094
5095
5096
5097
5098
5099
51
510
5100
5101
5102
5103
5104
5105
5106
5107
5108
5109
511
5110
5111
5112
5113
5114
5115
5116
5117
5118
5119
512
5120
5121
5122
5123
5124
5125
5126
5127
5128
5129
513
5130
5131
5132
5133
5134
5135
5136
5137
5138
5139
514
5140
5141
5142
5143
5144
5145
5146
5147
5148
5149
515
5150
5151
5152
5153
5154
5155
5156
5157
5158
5159
516
5160
5161
5162
5163
5164
5165
5166
5167
5168
5169
517
5170
5171
5172
5173
5174
5175
5176
5177
5178
5179
518
5180
5181
5182
5183
5184
5185
5186
5187
5188
5189
519
5190
5191
5192
5193
5194
5195
5196
5197
5198
5199
52
520
5200
5201
5202
5203
5204
5205
5206
5207
5208
5209
521
5210
5211
5212
5213
5214
5215
5216
5217
5218
5219
522
5220
5221
5222
5223
5224
5225
5226
5227
5228
5229
523
5230
5231
5232
5233
5234
5235
5236
5237
5238
5239
524
5240
5241
5242
5243
5244
5245
5246
5247
5248
5249
525
5250
5251
5252
5253
5254
5255
5256
5257
5258
5259
526
5260
5261
5262
5263
5264
5265
5266
5267
5268
5269
527
5270
5271
5272
5273
5274
5275
5276
5277
5278
5279
528
5280
5281
5282
5283
5284
5285
5286
5287
5288
5289
529
5290
5291
5292
5293
5294
5295
5296
5297
5298
5299
53
530
5300
5301
5302
5303
5304
5305
5306
5307
5308
5309
531
5310
5311
5312
5313
5314
5315
5316
5317
5318
5319
532
5320
5321
5322
5323
5324
5325
5326
5327
5328
5329
533
5330
5331
5332
5333
5334
5335
5336
5337
5338
5339
534
5340
5341
5342
5343
5344
5345
5346
5347
5348
5349
535
5350
5351
5352
5353
5354
5355
5356
5357
5358
5359
536
5360
5361
5362
5363
5364
5365
5366
5367
5368
5369
537
5370
5371
5372
5373
5374
5375
5376
5377
5378
5379
538
5380
5381
5382
5383
5384
5385
5386
5387
5388
5389
539
5390
5391
5392
5393
5394
5395
5396
5397
5398
5399
53993
54
540
5400
5401
5402
5403
5404
5405
5406
5407
5408
5409
541
5410
5411
5412
5413
5414
5415
5416
5417
5418
5419
542
5420
5421
5422
5423
5424
5425
5426
5427
5428
5429
543
5430
5431
5432
54321
5433
5434
5435
5436
5437
5438
5439
544
5440
5441
5442
5443
5444
5445
5446
5447
5448
5449
545
5450
5451
5452
5453
5454
5455
5456
5457
5458
5459
546
5460
5461
5462
5463
5464
5465
5466
5467
5468
5469
547
5470
5471
5472
5473
5474
5475
5476
5477
5478
5479
548
5480
5481
5482
5483
5484
5485
5486
5487
5488
5489
549
5490
5491
5492
5493
5494
5495
5496
5497
5498
5499
55
550
5500
5501
5502
5503
5504
5505
5506
5507
5508
5509
551
5510
5511
5512
5513
5514
5515
5516
5517
5518
5519
552
5520
5521
5522
5523
5524
5525
5526
5527
5528
5529
553
5530
5531
5532
5533
5534
5535
5536
5537
5538
5539
554
5540
5541
5542
5543
5544
5545
5546
5547
5548
5549
555
5550
5551
5552
5553
5554
5555
5556
5557
5558
5559
556
5560
5561
5562
5563
5564
5565
5566
5567
5568
5569
557
5570
5571
5572
5573
5574
5575
5576
5577
5578
5579
558
5580
5581
5582
5583
5584
5585
5586
5587
5588
5589
559
5590
5591
5592
5593
5594
5595
5596
5597
5598
5599
56
560
5600
5601
5602
5603
5604
5605
5606
5607
5608
5609
561
5610
5611
5612
5613
5614
5615
5616
5617
5618
5619
562
5620
5621
5622
5623
5624
5625
5626
5627
5628
5629
563
5630
5631
5632
5633
5634
5635
5636
5637
5638
5639
564
5640
5641
5642
5643
5644
5645
5646
5647
5648
5649
565
5650
5651
5652
5653
5654
5655
5656
5657
5658
5659
566
5660
5661
5662
5663
5664
5665
5666
5667
5668
5669
567
5670
5671
5672
5673
5674
5675
5676
5677
5678
5679
568
5680
5681
5682
5683
5684
5685
5686
5687
5688
5689
569
5690
5691
5692
5693
5694
5695
5696
5697
5698
5699
57
570
5700
5701
5702
5703
5704
5705
5706
5707
5708
5709
571
5710
5711
5712
5713
5714
5715
5716
5717
5718
5719
572
5720
5721
5722
5723
5724
5725
5726
5727
5728
5729
573
5730
5731
5732
5733
5734
5735
5736
5737
5738
5739
574
5740
5741
5742
5743
5744
5745
5746
5747
5748
5749
575
5750
5751
5752
5753
5754
5755
5756
5757
5758
5759
576
5760
5761
5762
5763
5764
5765
5766
5767
5768
5769
577
5770
5771
5772
5773
5774
5775
5776
5777
5778
5779
578
5780
5781
5782
5783
5784
5785
5786
5787
5788
5789
579
5790
5791
5792
5793
5794
5795
5796
5797
5798
5799
58
580
5800
5801
5802
5803
5804
5805
5806
5807
5808
5809
581
5810
5811
5812
5813
5814
5815
5816
5817
5818
5819
582
5820
5821
5822
5823
5824
5825
5826
5827
5828
5829
583
5830
5831
5832
5833
5834
5835
5836
5837
5838
5839
584
5840
5841
5842
5843
5844
5845
5846
5847
5848
5849
585
5850
5851
5852
5853
5854
5855
5856
5857
5858
5859
586
5860
5861
5862
5863
5864
5865
5866
5867
5868
5869
587
5870
5871
5872
5873
5874
5875
5876
5877
5878
5879
588
5880
5881
5882
5883
5884
5885
5886
5887
5888
5889
589
5890
5891
5892
5893
5894
5895
5896
5897
5898
5899
59
590
5900
5901
5902
5903
5904
5905
5906
5907
5908
5909
591
5910
5911
5912
5913
5914
5915
5916
5917
5918
5919
592
5920
5921
5922
5923
5924
5925
5926
5927
5928
5929
593
5930
5931
5932
5933
5934
5935
5936
5937
5938
5939
594
5940
5941
5942
5943
5944
5945
5946
5947
5948
5949
595
5950
5951
5952
5953
5954
5955
5956
5957
5958
5959
596
5960
5961
5962
5963
5964
5965
5966
5967
5968
5969
597
5970
5971
5972
5973
5974
5975
5976
5977
5978
5979
598
5980
5981
5982
5983
5984
5985
5986
5987
5988
5989
599
5990
5991
5992
5993
5994
5995
5996
5997
5998
5999
5_20
5_25
6
60
600
6000
6001
6002
6003
6004
6005
6006
6007
6008
6009
601
6010
6011
6012
6013
6014
6015
6016
6017
6018
6019
602
6020
6021
6022
6023
6024
6025
6026
6027
6028
6029
603
6030
6031
6032
6033
6034
6035
6036
6037
6038
6039
604
6040
6041
6042
6043
6044
6045
6046
6047
6048
6049
605
6050
6051
6052
6053
6054
6055
6056
6057
6058
6059
606
6060
6061
6062
6063
6064
6065
6066
6067
6068
6069
607
6070
6071
6072
6073
6074
6075
6076
6077
6078
6079
608
6080
6081
6082
6083
6084
6085
6086
6087
6088
6089
609
6090
6091
6092
6093
6094
6095
6096
6097
6098
6099
61
610
6100
6101
6102
6103
6104
6105
6106
6107
6108
6109
611
6110
6111
6112
6113
6114
6115
6116
6117
6118
6119
612
6120
6121
6122
6123
6124
6125
6126
6127
6128
6129
613
6130
6131
6132
6133
6134
6135
6136
6137
6138
6139
614
6140
6141
6142
6143
6144
6145
6146
6147
6148
6149
615
6150
6151
6152
6153
6154
6155
6156
6157
6158
6159
616
6160
6161
6162
6163
6164
6165
6166
6167
6168
6169
617
6170
6171
6172
6173
6174
6175
6176
6177
6178
6179
618
6180
6181
6182
6183
6184
6185
6186
6187
6188
6189
619
6190
6191
6192
6193
6194
6195
6196
6197
6198
6199
62
620
6200
6201
6202
6203
6204
6205
6206
6207
6208
6209
621
6210
6211
6212
6213
6214
6215
6216
6217
6218
6219
622
6220
6221
6222
6223
6224
6225
6226
6227
6228
6229
623
6230
6231
6232
6233
6234
6235
6236
6237
6238
6239
624
6240
6241
6242
6243
6244
6245
6246
6247
6248
6249
625
6250
6251
6252
6253
6254
6255
6256
6257
6258
6259
626
6260
6261
6262
6263
6264
6265
6266
6267
6268
6269
627
6270
6271
6272
6273
6274
6275
6276
6277
6278
6279
628
6280
6281
6282
6283
6284
6285
6286
6287
6288
6289
629
6290
6291
6292
6293
6294
6295
6296
6297
6298
6299
63
630
6300
6301
6302
6303
6304
6305
6306
6307
6308
6309
631
6310
6311
6312
6313
6314
6315
6316
6317
6318
6319
632
6320
6321
6322
6323
6324
6325
6326
6327
6328
6329
633
6330
6331
6332
6333
6334
6335
6336
6337
6338
6339
634
6340
6341
6342
6343
6344
6345
6346
6347
6348
6349
635
6350
6351
6352
6353
6354
6355
6356
6357
6358
6359
636
6360
6361
6362
6363
6364
6365
6366
6367
6368
6369
637
6370
6371
6372
6373
6374
6375
6376
6377
6378
6379
638
6380
6381
6382
6383
6384
6385
6386
6387
6388
6389
639
6390
6391
6392
6393
6394
6395
6396
6397
6398
6399
64
640
6400
6401
6402
6403
6404
6405
6406
6407
6408
6409
641
6410
6411
6412
6413
6414
6415
6416
6417
6418
6419
642
6420
6421
6422
6423
6424
6425
6426
6427
6428
6429
643
6430
6431
6432
6433
6434
6435
6436
6437
6438
6439
644
6440
6441
6442
6443
6444
6445
6446
6447
6448
6449
645
6450
6451
6452
6453
6454
6455
6456
6457
6458
6459
646
6460
6461
6462
6463
6464
6465
6466
6467
6468
6469
647
6470
6471
6472
6473
6474
6475
6476
6477
6478
6479
648
6480
6481
6482
6483
6484
6485
6486
6487
6488
6489
649
6490
6491
6492
6493
6494
6495
6496
6497
6498
6499
65
650
6500
6501
6502
6503
6504
6505
6506
6507
6508
6509
651
6510
6511
6512
6513
6514
6515
6516
6517
6518
6519
652
6520
6521
6522
6523
6524
6525
6526
6527
6528
6529
653
6530
6531
6532
6533
6534
6535
6536
6537
6538
6539
654
6540
6541
6542
6543
654321
6544
6545
6546
6547
6548
6549
655
6550
6551
6552
6553
6554
6555
6556
6557
6558
6559
656
6560
6561
6562
6563
6564
6565
6566
6567
6568
6569
657
6570
6571
6572
6573
6574
6575
6576
6577
6578
6579
658
6580
6581
6582
6583
6584
6585
6586
6587
6588
6589
659
6590
6591
6592
6593
6594
6595
6596
6597
6598
6599
66
660
6600
6601
6602
6603
6604
6605
6606
6607
6608
6609
661
6610
6611
6612
6613
6614
6615
6616
6617
6618
6619
662
6620
6621
6622
6623
6624
6625
6626
6627
6628
6629
663
6630
6631
6632
6633
6634
6635
6636
6637
6638
6639
664
6640
6641
6642
6643
6644
6645
6646
6647
6648
6649
665
6650
6651
6652
6653
6654
6655
6656
6657
6658
6659
666
6660
6661
6662
6663
6664
6665
6666
666666
6667
6668
6669
667
6670
6671
6672
6673
6674
6675
6676
6677
6678
6679
668
6680
6681
6682
6683
6684
6685
6686
6687
6688
6689
669
6690
6691
6692
6693
6694
6695
6696
6697
6698
6699
67
670
6700
6701
6702
6703
6704
6705
6706
6707
6708
6709
671
6710
6711
6712
6713
6714
6715
6716
6717
6718
6719
672
6720
6721
6722
6723
6724
6725
6726
6727
6728
6729
673
6730
6731
6732
6733
6734
6735
6736
6737
6738
6739
674
6740
6741
6742
6743
6744
6745
6746
6747
6748
6749
675
6750
6751
6752
6753
6754
6755
6756
6757
6758
6759
676
6760
6761
6762
6763
6764
6765
6766
6767
6768
6769
677
6770
6771
6772
6773
6774
6775
6776
6777
6778
6779
678
6780
6781
6782
6783
6784
6785
6786
6787
6788
6789
679
6790
6791
6792
6793
6794
6795
6796
6797
6798
6799
68
680
6800
6801
6802
6803
6804
6805
6806
6807
6808
6809
681
6810
6811
6812
6813
6814
6815
6816
6817
6818
6819
682
6820
6821
6822
6823
6824
6825
6826
6827
6828
6829
683
6830
6831
6832
6833
6834
6835
6836
6837
6838
6839
684
6840
6841
6842
6843
6844
6845
6846
6847
6848
6849
685
6850
6851
6852
6853
6854
6855
6856
6857
6858
6859
686
6860
6861
6862
6863
6864
6865
6866
6867
6868
6869
687
6870
6871
6872
6873
6874
6875
6876
6877
6878
6879
688
6880
6881
6882
6883
6884
6885
6886
6887
6888
6889
689
6890
6891
6892
6893
6894
6895
6896
6897
6898
6899
69
690
6900
6901
6902
6903
6904
6905
6906
6907
6908
6909
691
6910
6911
6912
6913
6914
6915
6916
6917
6918
6919
692
6920
6921
6922
6923
6924
6925
6926
6927
6928
6929
693
6930
6931
6932
6933
6934
6935
6936
6937
6938
6939
694
6940
6941
6942
6943
6944
6945
6946
6947
6948
6949
695
6950
6951
6952
6953
6954
6955
6956
6957
6958
6959
696
6960
6961
6962
6963
6964
6965
6966
6967
6968
6969
696969
697
6970
6971
6972
6973
6974
6975
6976
6977
6978
6979
698
6980
6981
6982
6983
6984
6985
6986
6987
6988
6989
699
6990
6991
6992
6993
6994
6995
6996
6997
6998
6999
7
7-zip
70
700
7000
7001
7002
7003
7004
7005
7006
7007
7008
7009
701
7010
7011
7012
7013
7014
7015
7016
7017
7018
7019
702
7020
7021
7022
7023
7024
7025
7026
7027
7028
7029
703
7030
7031
7032
7033
7034
7035
7036
7037
7038
7039
704
7040
7041
7042
7043
7044
7045
7046
7047
7048
7049
705
7050
7051
7052
7053
7054
7055
7056
7057
7058
7059
706
7060
7061
7062
7063
7064
7065
7066
7067
7068
7069
707
7070
7071
7072
7073
7074
7075
7076
7077
7078
7079
708
7080
7081
7082
7083
7084
7085
7086
7087
7088
7089
709
7090
7091
7092
7093
7094
7095
7096
7097
7098
7099
71
710
7100
7101
7102
7103
7104
7105
7106
7107
7108
7109
711
7110
7111
7112
7113
7114
7115
7116
7117
7118
7119
712
7120
7121
7122
7123
7124
7125
7126
7127
7128
7129
713
7130
7131
7132
7133
7134
7135
7136
7137
7138
7139
714
7140
7141
7142
7143
7144
7145
7146
7147
7148
7149
715
7150
7151
7152
7153
7154
7155
7156
7157
7158
7159
716
7160
7161
7162
7163
7164
7165
7166
7167
7168
7169
717
7170
7171
7172
7173
7174
7175
7176
7177
7178
7179
718
7180
7181
7182
7183
7184
7185
7186
7187
7188
7189
719
7190
7191
7192
7193
7194
7195
7196
7197
7198
7199
72
720
7200
7201
7202
7203
7204
7205
7206
7207
7208
7209
721
7210
7211
7212
7213
7214
7215
7216
7217
7218
7219
722
7220
7221
7222
7223
7224
7225
7226
7227
7228
7229
723
7230
7231
7232
7233
7234
7235
7236
7237
7238
7239
724
7240
7241
7242
7243
7244
7245
7246
7247
7248
7249
725
7250
7251
7252
7253
7254
7255
7256
7257
7258
7259
726
7260
7261
7262
7263
7264
7265
7266
7267
7268
7269
727
7270
7271
7272
7273
7274
7275
7276
7277
7278
7279
728
7280
7281
7282
7283
7284
7285
7286
7287
7288
7289
729
7290
7291
7292
7293
7294
7295
7296
7297
7298
7299
73
730
7300
7301
7302
7303
7304
7305
7306
7307
7308
7309
731
7310
7311
7312
7313
7314
7315
7316
7317
7318
7319
732
7320
7321
7322
7323
7324
7325
7326
7327
7328
7329
733
7330
7331
7332
7333
7334
7335
7336
7337
7338
7339
734
7340
7341
7342
7343
7344
7345
7346
7347
7348
7349
735
7350
7351
7352
7353
7354
7355
7356
7357
7358
7359
736
7360
7361
7362
7363
7364
7365
7366
7367
7368
7369
737
7370
7371
7372
7373
7374
7375
7376
7377
7378
7379
738
7380
7381
7382
7383
7384
7385
7386
7387
7388
7389
739
7390
7391
7392
7393
7394
7395
7396
7397
7398
7399
74
740
7400
7401
7402
7403
7404
7405
7406
7407
7408
7409
741
7410
7411
7412
7413
7414
7415
7416
7417
7418
7419
742
7420
7421
7422
7423
7424
7425
7426
7427
7428
7429
743
7430
7431
7432
7433
7434
7435
7436
7437
7438
7439
744
7440
7441
7442
7443
7444
7445
7446
7447
7448
7449
745
7450
7451
7452
7453
7454
7455
7456
7457
7458
7459
746
7460
7461
7462
7463
7464
7465
7466
7467
7468
7469
747
7470
7471
7472
7473
7474
7475
7476
7477
7478
7479
748
7480
7481
7482
7483
7484
7485
7486
7487
7488
7489
749
7490
7491
7492
7493
7494
7495
7496
7497
7498
7499
75
750
7500
7501
7502
7503
7504
7505
7506
7507
7508
7509
751
7510
7511
7512
7513
7514
7515
7516
7517
7518
7519
752
7520
7521
7522
7523
7524
7525
7526
7527
7528
7529
753
7530
7531
7532
7533
7534
7535
7536
7537
7538
7539
754
7540
7541
7542
7543
7544
7545
7546
7547
7548
7549
755
7550
7551
7552
7553
7554
7555
7556
7557
7558
7559
756
7560
7561
7562
7563
7564
7565
7566
7567
7568
7569
757
7570
7571
7572
7573
7574
7575
7576
7577
7578
7579
758
7580
7581
7582
7583
7584
7585
7586
7587
7588
7589
759
7590
7591
7592
7593
7594
7595
7596
7597
7598
7599
76
760
7600
7601
7602
7603
7604
7605
7606
7607
7608
7609
761
7610
7611
7612
7613
7614
7615
7616
7617
7618
7619
762
7620
7621
7622
7623
7624
7625
7626
7627
7628
7629
763
7630
7631
7632
7633
7634
7635
7636
7637
7638
7639
764
7640
7641
7642
7643
7644
7645
7646
7647
7648
7649
765
7650
7651
7652
7653
7654
7655
7656
7657
7658
7659
766
7660
7661
7662
7663
7664
7665
7666
7667
7668
7669
767
7670
7671
7672
7673
7674
7675
7676
7677
7678
7679
768
7680
7681
7682
7683
7684
7685
7686
7687
7688
7689
769
7690
7691
7692
7693
7694
7695
7696
7697
7698
7699
77
770
7700
7701
7702
7703
7704
7705
7706
7707
7708
7709
771
7710
7711
7712
7713
7714
7715
7716
7717
7718
7719
772
7720
7721
7722
7723
7724
7725
7726
7727
7728
7729
773
7730
7731
7732
7733
7734
7735
7736
7737
7738
7739
774
7740
7741
7742
7743
7744
7745
7746
7747
7748
7749
775
7750
7751
7752
7753
7754
7755
7756
7757
7758
7759
776
7760
7761
7762
7763
7764
7765
7766
7767
7768
7769
777
7770
7771
7772
7773
7774
7775
7776
7777
7778
7779
778
7780
7781
7782
7783
7784
7785
7786
7787
7788
7789
779
7790
7791
7792
7793
7794
7795
7796
7797
7798
7799
78
780
7800
7801
7802
7803
7804
7805
7806
7807
7808
7809
781
7810
7811
7812
7813
7814
7815
7816
7817
7818
7819
782
7820
7821
7822
7823
7824
7825
7826
7827
7828
7829
783
7830
7831
7832
7833
7834
7835
7836
7837
7838
7839
784
7840
7841
7842
7843
7844
7845
7846
7847
7848
7849
785
7850
7851
7852
7853
7854
7855
7856
7857
7858
7859
786
7860
7861
7862
7863
7864
7865
7866
7867
7868
7869
787
7870
7871
7872
7873
7874
7875
7876
7877
7878
7879
788
7880
7881
7882
7883
7884
7885
7886
7887
7888
7889
789
7890
7891
7892
7893
7894
7895
7896
7897
7898
7899
79
790
7900
7901
7902
7903
7904
7905
7906
7907
7908
7909
791
7910
7911
7912
7913
7914
7915
7916
7917
7918
7919
792
7920
7921
7922
7923
7924
7925
7926
7927
7928
7929
793
7930
7931
7932
7933
7934
7935
7936
7937
7938
7939
794
7940
7941
7942
7943
7944
7945
7946
7947
7948
7949
795
7950
7951
7952
7953
7954
7955
7956
7957
7958
7959
796
7960
7961
7962
7963
7964
7965
7966
7967
7968
7969
797
7970
7971
7972
7973
7974
7975
7976
7977
7978
7979
798
7980
7981
7982
7983
7984
7985
7986
7987
7988
7989
799
7990
7991
7992
7993
7994
7995
7996
7997
7998
7999
7z
8
80
800
8000
8001
8002
8003
8004
8005
8006
8007
8008
8009
801
8010
8011
8012
8013
8014
8015
8016
8017
8018
8019
802
8020
8021
8022
8023
8024
8025
8026
8027
8028
8029
803
8030
8031
8032
8033
8034
8035
8036
8037
8038
8039
804
8040
8041
8042
8043
8044
8045
8046
8047
8048
80486
8049
805
8050
8051
8052
8053
8054
8055
8056
8057
8058
8059
806
8060
8061
8062
8063
8064
8065
8066
8067
8068
8069
807
8070
8071
8072
8073
8074
8075
8076
8077
8078
8079
808
8080
8081
8082
8083
8084
8085
8086
8087
8088
8089
809
8090
8091
8092
8093
8094
8095
8096
8097
8098
8099
81
810
8100
8101
8102
8103
8104
8105
8106
8107
8108
8109
811
8110
8111
8112
8113
8114
8115
8116
8117
8118
8119
812
8120
8121
8122
8123
8124
8125
8126
8127
8128
8129
813
8130
8131
8132
8133
8134
8135
8136
8137
8138
8139
814
8140
8141
8142
8143
8144
8145
8146
8147
8148
8149
815
8150
8151
8152
8153
8154
8155
8156
8157
8158
8159
816
8160
8161
8162
8163
8164
8165
8166
8167
8168
8169
817
8170
8171
8172
8173
8174
8175
8176
8177
8178
8179
818
8180
8181
8182
8183
8184
8185
8186
8187
8188
8189
819
8190
8191
8192
8193
8194
8195
8196
8197
8198
8199
82
820
8200
8201
8202
8203
8204
8205
8206
8207
8208
8209
821
8210
8211
8212
8213
8214
8215
8216
8217
8218
8219
822
8220
8221
8222
8223
8224
8225
8226
8227
8228
8229
823
8230
8231
8232
8233
8234
8235
8236
8237
8238
8239
824
8240
8241
8242
8243
8244
8245
8246
8247
8248
8249
825
8250
8251
8252
8253
8254
8255
8256
8257
8258
8259
826
8260
8261
8262
8263
8264
8265
8266
8267
8268
8269
827
8270
8271
8272
8273
8274
8275
8276
8277
8278
8279
828
8280
8281
8282
8283
8284
8285
8286
8287
8288
8289
829
8290
8291
8292
8293
8294
8295
8296
8297
8298
8299
83
830
8300
8301
8302
8303
8304
8305
8306
8307
8308
8309
831
8310
8311
8312
8313
8314
8315
8316
8317
8318
8319
832
8320
8321
8322
8323
8324
8325
8326
8327
8328
8329
833
8330
8331
8332
8333
8334
8335
8336
8337
8338
8339
834
8340
8341
8342
8343
8344
8345
8346
8347
8348
8349
835
8350
8351
8352
8353
8354
8355
8356
8357
8358
8359
836
8360
8361
8362
8363
8364
8365
8366
8367
8368
8369
837
8370
8371
8372
8373
8374
8375
8376
8377
8378
8379
838
8380
8381
8382
8383
8384
8385
8386
8387
8388
8389
839
8390
8391
8392
8393
8394
8395
8396
8397
8398
8399
84
840
8400
8401
8402
8403
8404
8405
8406
8407
8408
8409
841
8410
8411
8412
8413
8414
8415
8416
8417
8418
8419
842
8420
8421
8422
8423
8424
8425
8426
8427
8428
8429
843
8430
8431
8432
8433
8434
8435
8436
8437
8438
8439
844
8440
8441
8442
8443
8444
8445
8446
8447
8448
8449
845
8450
8451
8452
8453
8454
8455
8456
8457
8458
8459
846
8460
8461
8462
8463
8464
8465
8466
8467
8468
8469
847
8470
8471
8472
8473
8474
8475
8476
8477
8478
8479
848
8480
8481
8482
8483
8484
8485
8486
8487
8488
8489
849
8490
8491
8492
8493
8494
8495
8496
8497
8498
8499
85
850
8500
8501
8502
8503
8504
8505
8506
8507
8508
8509
851
8510
8511
8512
8513
8514
8515
8516
8517
8518
8519
852
8520
8521
8522
8523
8524
8525
8526
8527
8528
8529
853
8530
8531
8532
8533
8534
8535
8536
8537
8538
8539
854
8540
8541
8542
8543
8544
8545
8546
8547
8548
8549
855
8550
8551
8552
8553
8554
8555
8556
8557
8558
8559
856
8560
8561
8562
8563
8564
8565
8566
8567
8568
8569
857
8570
8571
8572
8573
8574
8575
8576
8577
8578
8579
858
8580
8581
8582
8583
8584
8585
8586
8587
8588
8589
859
8590
8591
8592
8593
8594
8595
8596
8597
8598
8599
86
860
8600
8601
8602
8603
8604
8605
8606
8607
8608
8609
861
8610
8611
8612
8613
8614
8615
8616
8617
8618
8619
862
8620
8621
8622
8623
8624
8625
8626
8627
8628
8629
863
8630
8631
8632
8633
8634
8635
8636
8637
8638
8639
864
8640
8641
8642
8643
8644
8645
8646
8647
8648
8649
865
8650
8651
8652
8653
8654
8655
8656
8657
8658
8659
866
8660
8661
8662
8663
8664
8665
8666
8667
8668
8669
867
8670
8671
8672
8673
8674
8675
8675309
8676
8677
8678
8679
868
8680
8681
8682
8683
8684
8685
8686
8687
8688
8689
869
8690
8691
8692
8693
8694
8695
8696
8697
8698
8699
87
870
8700
8701
8702
8703
8704
8705
8706
8707
8708
8709
871
8710
8711
8712
8713
8714
8715
8716
8717
8718
8719
872
8720
8721
8722
8723
8724
8725
8726
8727
8728
8729
873
8730
8731
8732
8733
8734
8735
8736
8737
8738
8739
874
8740
8741
8742
8743
8744
8745
8746
8747
8748
8749
875
8750
8751
8752
8753
8754
8755
8756
8757
8758
8759
876
8760
8761
8762
8763
8764
8765
8766
8767
8768
8769
877
8770
8771
8772
8773
8774
8775
8776
8777
8778
8779
878
8780
8781
8782
8783
8784
8785
8786
8787
8788
8789
879
8790
8791
8792
8793
8794
8795
8796
8797
8798
8799
88
880
8800
8801
8802
8803
8804
8805
8806
8807
8808
8809
881
8810
8811
8812
8813
8814
8815
8816
8817
8818
8819
882
8820
8821
8822
8823
8824
8825
8826
8827
8828
8829
883
8830
8831
8832
8833
8834
8835
8836
8837
8838
8839
884
8840
8841
8842
8843
8844
8845
8846
8847
8848
8849
885
8850
8851
8852
8853
8854
8855
8856
8857
8858
8859
886
8860
8861
8862
8863
8864
8865
8866
8867
8868
8869
887
8870
8871
8872
8873
8874
8875
8876
8877
8878
8879
888
8880
8881
8882
8883
8884
8885
8886
8887
8888
888888
8889
889
8890
8891
8892
8893
8894
8895
8896
8897
8898
8899
88script
89
890
8900
8901
8902
8903
8904
8905
8906
8907
8908
8909
891
8910
8911
8912
8913
8914
8915
8916
8917
8918
8919
892
8920
8921
8922
8923
8924
8925
8926
8927
8928
8929
893
8930
8931
8932
8933
8934
8935
8936
8937
8938
8939
894
8940
8941
8942
8943
8944
8945
8946
8947
8948
8949
895
8950
8951
8952
8953
8954
8955
8956
8957
8958
8959
896
8960
8961
8962
8963
8964
8965
8966
8967
8968
8969
897
8970
8971
8972
8973
8974
8975
8976
8977
8978
8979
898
8980
8981
8982
8983
8984
8985
8986
8987
8988
8989
899
8990
8991
8992
8993
8994
8995
8996
8997
8998
8999
9
90
900
9000
9001
9002
9003
9004
9005
9006
9007
9008
9009
901
9010
9011
9012
9013
9014
9015
9016
9017
9018
9019
902
9020
9021
90210
9022
9023
9024
9025
9026
9027
9028
9029
903
9030
9031
9032
9033
9034
9035
9036
9037
9038
9039
904
9040
9041
9042
9043
9044
9045
9046
9047
9048
9049
905
9050
9051
9052
9053
9054
9055
9056
9057
9058
9059
906
9060
9061
9062
9063
9064
9065
9066
9067
9068
9069
907
9070
9071
9072
9073
9074
9075
9076
9077
9078
9079
908
9080
9081
9082
9083
9084
9085
9086
9087
9088
9089
909
9090
9091
9092
9093
9094
9095
9096
9097
9098
9099
91
910
9100
9101
9102
9103
9104
9105
9106
9107
9108
9109
911
9110
9111
9112
9113
9114
9115
9116
9117
9118
9119
912
9120
9121
9122
9123
9124
9125
9126
9127
9128
9129
913
9130
9131
9132
9133
9134
9135
9136
9137
9138
9139
914
9140
9141
9142
9143
9144
9145
9146
9147
9148
9149
915
9150
9151
9152
9153
9154
9155
9156
9157
9158
9159
916
9160
9161
9162
9163
9164
9165
9166
9167
9168
9169
917
9170
9171
9172
9173
9174
9175
9176
9177
9178
9179
918
9180
9181
9182
9183
9184
9185
9186
9187
9188
9189
919
9190
9191
9192
9193
9194
9195
9196
9197
9198
9199
92
920
9200
9201
9202
9203
9204
9205
9206
9207
92072
9208
9209
921
9210
9211
9212
9213
9214
9215
9216
9217
9218
9219
922
9220
9221
9222
9223
9224
9225
9226
9227
9228
9229
923
9230
9231
9232
9233
9234
9235
9236
9237
9238
9239
924
9240
9241
9242
9243
9244
9245
9246
9247
9248
9249
925
9250
9251
9252
9253
9254
9255
9256
9257
9258
9259
926
9260
9261
9262
9263
9264
9265
9266
9267
9268
9269
927
9270
9271
9272
9273
9274
9275
9276
9277
9278
9279
928
9280
9281
9282
9283
9284
9285
9286
9287
9288
9289
929
9290
9291
9292
9293
9294
9295
9296
9297
9298
9299
93
930
9300
9301
9302
9303
9304
9305
9306
9307
9308
9309
931
9310
9311
9312
9313
9314
9315
9316
9317
9318
9319
932
9320
9321
9322
9323
9324
9325
9326
9327
9328
9329
933
9330
9331
9332
9333
9334
9335
9336
9337
9338
9339
934
9340
9341
9342
9343
9344
9345
9346
9347
9348
9349
935
9350
9351
9352
9353
9354
9355
9356
9357
9358
9359
936
9360
9361
9362
9363
9364
9365
9366
9367
9368
9369
937
9370
9371
9372
9373
9374
9375
9376
9377
9378
9379
938
9380
9381
9382
9383
9384
9385
9386
9387
9388
9389
939
9390
9391
9392
9393
9394
9395
9396
9397
9398
9399
94
940
9400
9401
9402
9403
9404
9405
9406
9407
9408
9409
941
9410
9411
9412
9413
9414
9415
9416
9417
9418
9419
942
9420
9421
9422
9423
9424
9425
9426
9427
9428
9429
943
9430
9431
9432
9433
9434
9435
9436
9437
9438
9439
944
9440
9441
9442
9443
9444
9445
9446
9447
9448
9449
945
9450
9451
9452
9453
9454
9455
9456
9457
9458
9459
946
9460
9461
9462
9463
9464
9465
9466
9467
9468
9469
947
9470
9471
9472
9473
9474
9475
9476
9477
9478
9479
948
9480
9481
9482
9483
9484
9485
9486
9487
9488
9489
949
9490
9491
9492
9493
9494
9495
9496
9497
9498
9499
95
950
9500
9501
9502
9503
9504
9505
9506
9507
9508
9509
951
9510
9511
9512
9513
9514
9515
9516
9517
9518
9519
952
9520
9521
9522
9523
9524
9525
9526
9527
9528
9529
953
9530
9531
9532
9533
9534
9535
9536
9537
9538
9539
954
9540
9541
9542
9543
9544
9545
9546
9547
9548
9549
955
9550
9551
9552
9553
9554
9555
9556
9557
9558
9559
956
9560
9561
9562
9563
9564
9565
9566
9567
9568
9569
957
9570
9571
9572
9573
9574
9575
9576
9577
9578
9579
958
9580
9581
9582
9583
9584
9585
9586
9587
9588
9589
959
9590
9591
9592
9593
9594
9595
9596
9597
9598
9599
96
960
9600
9601
9602
9603
9604
9605
9606
9607
9608
9609
961
9610
9611
9612
9613
9614
9615
9616
9617
9618
9619
962
9620
9621
9622
9623
9624
9625
9626
9627
9628
9629
963
9630
9631
9632
9633
9634
9635
9636
9637
9638
9639
964
9640
9641
9642
9643
9644
9645
9646
9647
9648
9649
965
9650
9651
9652
9653
9654
9655
9656
9657
9658
9659
966
9660
9661
9662
9663
9664
9665
9666
9667
9668
9669
967
9670
9671
9672
9673
9674
9675
9676
9677
9678
9679
968
9680
9681
9682
9683
9684
9685
9686
9687
9688
9689
969
9690
9691
9692
9693
9694
9695
9696
9697
9698
9699
97
970
9700
9701
9702
9703
9704
9705
9706
9707
9708
9709
971
9710
9711
9712
9713
9714
9715
9716
9717
9718
9719
972
9720
9721
9722
9723
9724
9725
9726
9727
9728
9729
973
9730
9731
9732
9733
9734
9735
9736
9737
9738
9739
974
9740
9741
9742
9743
9744
9745
9746
9747
9748
9749
975
9750
9751
9752
9753
9754
9755
9756
9757
9758
9759
976
9760
9761
9762
9763
9764
9765
9766
9767
9768
9769
977
9770
9771
9772
9773
9774
9775
9776
9777
9778
9779
978
9780
9781
9782
9783
9784
9785
9786
9787
9788
9789
979
9790
9791
9792
9793
9794
9795
9796
9797
9798
9799
98
980
9800
9801
9802
9803
9804
9805
9806
9807
9808
9809
981
9810
9811
9812
9813
9814
9815
9816
9817
9818
9819
982
9820
9821
9822
9823
9824
9825
9826
9827
9828
9829
983
9830
9831
9832
9833
9834
9835
9836
9837
9838
9839
984
9840
9841
9842
9843
9844
9845
9846
9847
9848
9849
985
9850
9851
9852
9853
9854
9855
9856
9857
9858
9859
986
9860
9861
9862
9863
9864
9865
9866
9867
9868
9869
987
9870
9871
9872
9873
9874
9875
9876
9877
9878
9879
988
9880
9881
9882
9883
9884
9885
9886
9887
9888
9889
989
9890
9891
9892
9893
9894
9895
9896
9897
9898
9899
99
990
9900
9901
9902
9903
9904
9905
9906
9907
9908
9909
991
9910
9911
9912
9913
9914
9915
9916
9917
9918
9919
992
9920
9921
9922
9923
9924
9925
9926
9927
9928
9929
993
9930
9931
9932
9933
9934
9935
9936
9937
9938
9939
994
9940
9941
9942
9943
9944
9945
9946
9947
9948
9949
995
9950
9951
9952
9953
9954
9955
9956
9957
9958
9959
996
9960
9961
9962
9963
9964
9965
9966
9967
9968
9969
997
9970
9971
9972
9973
9974
9975
9976
9977
9978
9979
998
9980
9981
9982
9983
9984
9985
9986
9987
9988
9989
999
9990
9991
9992
9993
9994
9995
9996
9997
9998
9999
99999999
@
A
ADM
ADMIN
ADMON
ALGOL
ANSI
ARCO
ARPA
ARPANET
ASCII
AT-admin
Aarhus
Aaron
Ababa
Abba
Abbott
Abby
Abe
Abel
Abelian
Abelson
Aberdeen
Abernathy
Abidjan
Abigail
Abilene
Abner
Abo
Abos
About
AboutUs
Abraham
Abram
Abrams
Abramson
Abu
Abyssinia
Abyssinian
Abyssinians
Acadia
Acapulco
Accra
Achaean
Achaeans
Achilles
Ackerman
Ackley
Acta
Actaeon
Acton
Acts
Ada
Adair
Adam
Adams
Adamson
Addis
Addison
Addressograph
Adelaide
Adele
Adelia
Aden
Adirondack
Adirondacks
Adkins
Adler
Adlerian
Admin
AdminService
AdminTools
Administration
Adolph
Adolphus
Adonis
Adrian
Adriatic
Adrienne
Aegean
Aeneas
Aeneid
Aeolus
Aerobacter
Aeschylus
Aesop
Afghan
Afghanistan
Afghans
Africa
African
Africanization
Africanizations
Africanize
Africanized
Africanizes
Africanizing
Africans
Afrikaans
Afrikaner
Afrikaners
Agamemnon
Agatha
Agee
Aggie
Aggies
AggreSpy
Agnes
Agnew
Agricola
Agway
Ahmadabad
Ahmedabad
Aida
Aides
Aiken
Aileen
Ainu
Ainus
Airbus
Airedale
Aires
Aitken
Ajax
Akers
Akron
Al
Alabama
Alabamans
Alabamian
Aladdin
Alameda
Alamo
Alamos
Alan
Alar
Alaska
Alaskan
Alastair
Albania
Albanian
Albanians
Albany
Alberich
Albert
Alberta
Alberto
Albrecht
Albright
Albuquerque
Alcestis
Alcibiades
Alcmena
Alcoa
Alcott
Aldebaran
Alden
Aldrich
Alec
Aleck
Aleut
Aleutian
Alex
Alexander
Alexandra
Alexandre
Alexandria
Alexandrine
Alexei
Alexis
Alfa
Alfonso
Alfred
Alfredo
Algenib
Alger
Algeria
Algerian
Algiers
Algol
Algonquian
Algonquin
Alhambra
Ali
Alice
Alicia
Alison
Alistair
Allah
Allan
Alleghenies
Allegheny
Allegra
Allen
Allendale
Allentown
Allis
Allison
Allstate
Allyn
Almaden
Alpert
Alpheratz
Alphonse
Alps
Alsatian
Alsatians
Alsop
Altair
Althaea
Alton
Altos
Alva
Alvarez
Alvin
Alyssa
Amadeus
Amanda
Amarillo
Amazon
Amazons
Amdahl
Amelia
Amerada
America
American
Americana
Americanism
Americanization
Americanizations
Americanize
Americanizer
Americanizers
Americanizes
Americans
Americas
Ames
Amharic
Amherst
Amiga
Amman
Ammerman
Amoco
Amontillado
Amos
Ampex
Amsterdam
Amtrak
Amy
Anabaptist
Anabaptists
Anabel
Anacreon
Anaheim
Analects
Anastasia
Anatole
Anatolia
Anatolian
Andalusia
Andalusian
Andalusians
Andean
Andersen
Anderson
Andes
Andorra
Andover
Andre
Andrea
Andrei
Andrew
Andrews
Andromache
Andromeda
Andy
Angela
Angeleno
Angelenos
Angeles
Angelica
Angelina
Angeline
Angelo
Angie
Angles
Anglia
Anglican
Anglicanism
Anglicanize
Anglicanizes
Anglicans
Anglo
Anglophilia
Anglophobia
Angola
Angora
Angus
Anheuser
Anita
Ankara
Ann
Anna
Annalist
Annalistic
Annapolis
Anne
Annette
Annie
Anselm
Anselmo
Antaeus
Antarctica
Antares
Anthony
Antietam
Antigone
Antilles
Antioch
Antoine
Antoinette
Anton
Antonio
Antonovics
Antony
Antwerp
Apaches
Apalachicola
Apatosaurus
Apetalous
Aphrodite
Apocrypha
Apollinaire
Apollo
Apollonian
Appalachia
Appalachian
Appalachians
Appaloosas
Appia
Appian
Appleby
Appleton
Appomattox
AppsLocalLogin
AppsLogin
April
Aprils
Aquarius
Aquila
Aquinas
Arab
Arabia
Arabian
Arabianize
Arabianizes
Arabians
Arabic
Arabicize
Arabicizes
Arabs
Araby
Arachne
Aramco
Arapaho
Arcadia
Arcadian
Archaeopteryx
Archer
Archibald
Archie
Archimedes
Archive
Arcturus
Arden
Arequipa
Ares
Argentina
Argentinian
Argive
Argo
Argonaut
Argonne
Argos
Argus
Ariadne
Arianism
Arianist
Arianists
Aries
Aristotelian
Aristotle
Arizona
Arkansan
Arkansas
Arlen
Arlene
Arlington
Armada
Armageddon
Armagnac
Armata
Armco
Armenia
Armenian
Armonk
Armour
Armstrong
Arnold
Arpanet
Arragon
Arrhenius
Artemia
Artemis
Arthur
Articles
Artie
Arturo
Aruba
Aryan
Aryans
Asher
Asheville
Ashland
Ashley
Ashmolean
Asia
Asian
Asians
Asiatic
Asiaticization
Asiaticizations
Asiaticize
Asiaticizes
Asiatics
Asilomar
Assam
Assyria
Assyrian
Assyrianize
Assyrianizes
Assyriology
Astaire
Astaires
Astarte
Aston
Astor
Astoria
Asuncion
Atalanta
Atari
Atchison
Athabascan
Athena
Athenian
Athenians
Athens
Atkins
Atkinson
Atlanta
Atlantic
Atlantica
Atlantis
Atreus
Atropos
Attica
Attlee
Atwater
Atwood
Auberge
Aubrey
Auckland
Audrey
Audubon
Auerbach
Augean
Augusta
Augustan
Augustine
Augustus
Aurelius
Auriga
Auschwitz
Austin
Australia
Australian
Australianize
Australianizes
Australis
Austria
Austrian
Austrianize
Austrianizes
Aventine
Aventino
Avernus
Avery
Avesta
Avignon
Avis
Aviv
Avogadro
Avon
Axel
Ayers
Aylesbury
Azerbaijan
Azores
Aztec
Aztecan
B
BASIC
BITNET
BUILD
Babbage
Babcock
Babel
Babelize
Babelizes
Babka
Babul
Babylon
Babylonian
Babylonians
Babylonize
Babylonizes
Bacchus
Bach
BackOffice
Backup
Backus
Baden
Baffin
Baghdad
Bagley
Bagrodia
Bagrodias
Bahama
Bahamas
Bahrein
Bailey
Baileys
Baird
Bairdi
Bairn
Baja
Bakelite
Bakersfield
Bakhtiari
Baku
Balboa
Baldwin
Balfour
Bali
Balinese
Balkan
Balkanization
Balkanizations
Balkanize
Balkanizes
Balkans
Ballard
Ballards
Baltic
Baltimore
Baltimorean
Balzac
Bamako
Bamberger
Bambi
Banach
Banbury
Bancroft
Bangladesh
Bangor
Bangui
Banks
Bantu
Bantus
Baptist
Baptiste
Baptists
Barbados
Barbara
Barbour
Barcelona
Barclay
Barhop
Barlow
Barnabas
Barnard
Barnes
Barnet
Barnett
Barney
Barnhard
Barnum
Barr
Barrett
Barrington
Barron
Barry
Barrymore
Barrymores
Barstow
Bart
Barth
Bartholomew
Bartlett
Bartok
Barton
Bascom
Base
Basel
Basic
Basie
Basque
Bassett
Batavia
Batchelder
Bateman
Bates
Bathurst
Batista
Bator
Battelle
Baudelaire
Bauer
Bauhaus
Bausch
Bavaria
Bavarian
Baxter
Bayda
Bayes
Bayesian
Baylor
Bayonne
Bayport
Bayreuth
Beardsley
Beatrice
Beauchamps
Beaujolais
Beaumont
Beauregard
Beaverton
Bechtel
Becker
Beckman
Becky
Bedford
Beebe
Beecham
Beethoven
Beijing
Beirut
Bela
Belfast
Belgian
Belgians
Belgium
Belgrade
Belize
Bella
Bellamy
Bellatrix
Belleville
Bellingham
Bellini
Bellovin
Bellwood
Belmont
Beloit
Belshazzar
Belton
Beltsville
Belushi
Ben
Benares
Bender
Bendix
Benedict
Benedictine
Benedikt
Benelux
Bengal
Bengali
Benjamin
Bennett
Bennington
Benny
Benson
Bentham
Bentley
Bentleys
Benton
Benz
Benzedrine
Beograd
Beowulf
Berea
Berenices
Beresford
Bergen
Bergland
Berglund
Bergman
Bergson
Bergsten
Bergstrom
Beringer
Berkeley
Berkowitz
Berkshire
Berkshires
Berlin
Berliner
Berliners
Berlinize
Berlinizes
Berlioz
Berlitz
Berman
Bermuda
Bern
Bernadine
Bernard
Bernardine
Bernardino
Bernardo
Bernet
Bernhard
Bernice
Bernie
Berniece
Bernini
Bernoulli
Bernstein
Berra
Bert
Bertha
Bertie
Bertram
Bertrand
Berwick
Bess
Bessel
Bessemer
Bessemerize
Bessemerizes
Bessie
Betelgeuse
Bethesda
Bethlehem
Betsey
Betsy
Bette
Betties
Betty
Beverly
Bhagavad-Gita
Bhutan
Bialystok
Bianco
Bible
Biddle
Bien
Bienville
Bierce
Bigelow
Biggs
Bilbao
Bilbo
Billie
Billiken
Billikens
Billings
Biltmore
Bimini
Bingham
Binghamton
Bini
Birgit
Birmingham
Birminghamize
Birminghamizes
Biscayne
Bismarck
Bismark
Bissau
BizTalkServerDocs
BizTalkServerRepository
BizTalkTracking
Bizet
Black
Blackburn
Blackfeet
Blackfoot
Blackfoots
Blackman
Blackmer
Blackstone
Blackwell
Blackwells
Blaine
Blair
Blake
Blakey
Blanchard
Blanche
Blanton
Blatz
Bleeker
Blenheim
Blinn
Bloch
Blog
Blomberg
Blomquist
Bloomfield
Bloomington
Blue
Blum
Blumenthal
Blythe
Boarsh
Bobbie
Bobbsey
Bobrow
Boca
Bodenheim
Bodleian
Boeing
Boeotia
Boeotian
Boer
Boers
Bogart
Bogartian
Bogota
Boheme
Bohemia
Bohemian
Bohemianism
Bohr
Bois
Boise
Bolivia
Bolivian
Bologna
Bolshevik
Bolsheviks
Bolshevism
Bolshevist
Bolshevistic
Bolshoi
Bolton
Boltzmann
Bombay
Bonaparte
Bonaventure
Bonham
Boniface
Bonn
Bonneville
Bonnie
Bontempo
Books
Booleans
Boone
Boonton
Bootes
Bootle
Bordeaux
Borden
Borealis
Boreas
Borg
Boris
Borneo
Borroughs
Bosch
Bose
Bosporus
Bostitch
Boston
Bostonian
Bostonians
Boswell
Boswellize
Boswellizes
Botswana
Boucher
Bourbaki
Bourne
Bouvier
Bowditch
Bowdoin
Bowen
Bowes
Boxford
Boyce
Boyd
Boyle
Boylston
Bradbury
Bradford
Bradley
Bradshaw
Brady
Bragg
Brahmaputra
Brahms
Brahmsian
Braille
Brainard
Brainards
Branchville
Brandeis
Brandel
Brandenburg
Brandon
Brandt
Braniff
Brannon
Brasilia
Brasstown
Braun
Brazil
Brazilian
Brazzaville
Bremen
Brenda
Brendan
Brennan
Brenner
Brent
Bresenham
Brest
Breton
Bretons
Brett
Brewster
Brian
Brice
Bridewell
Bridgeport
Bridget
Bridgetown
Bridgewater
Brie
Brien
Brigadoon
Briggs
Brigham
Brighton
Brillouin
Brindisi
Brinkley
Brisbane
Bristol
Britain
Britannic
Britannica
British
Britisher
Britishly
Briton
Britons
Brittany
Britten
Broadway
Brock
Broglie
Bromfield
Bromley
Brontosaurus
Bronx
Brookdale
Brooke
Brookfield
Brookhaven
Brookline
Brooklyn
Brookmont
Brown
Browne
Brownell
Brownian
Browser
Bruce
Bruckner
Bruegel
Brumidi
Brunhilde
Bruno
Brunswick
Brussels
Bruxelles
Bryan
Bryant
Bryce
Bryn
Buchanan
Bucharest
Buchenwald
Buchwald
Buckley
Bucknell
Bucky
Budapest
Budd
Buddha
Buddhism
Buddhist
Buddhists
Budweiser
Budweisers
Buehring
Buena
Buenos
Bugatti
Buick
Bujumbura
Bulba
Bulgaria
Bulgarian
Bumbry
Bundestag
Bundoora
Bundy
Bunsen
Bunyan
Burbank
Burch
Burgundian
Burgundies
Burgundy
Burke
Burkes
Burlingame
Burlington
Burma
Burmese
Burne
Burnes
Burnett
Burnham
Burnside
Burnsides
Burr
Burroughs
Burt
Burton
Burtt
Burundi
Busch
Bushnell
Business
Butterfield
Buttrick
Buxtehude
Buxton
Buzzard
Byers
Byrd
Byrne
Byron
Byronic
Byronism
Byronize
Byronizes
Byzantine
Byzantinize
Byzantinizes
Byzantium
C
CALCOMP
CENTREX
CERN
CHANGELOG
CMS
COBOL
CPAN
CV
CVS
CVs
CYBERDOCS
CYBERDOCS25
CYBERDOCS31
Cabot
Cadillac
Cadillacs
Cady
Caesar
Caesarian
Caesarize
Caesarizes
Cahill
Cain
Caine
Cairo
Cajun
Cajuns
CalComp
Calais
Calceolaria
Calcomp
Calcutta
Calder
Caldwell
Caleb
Calgary
Calhoun
California
Californian
Californians
Caligula
Calkins
Callaghan
Callahan
Callan
Callisto
Caltech
Calvary
Calvert
Calvin
Calvinist
Calvinize
Calvinizes
Cambodia
Cambrian
Cambridge
Camden
Camelot
Camembert
Cameron
Cameroon
Cameroun
Camilla
Camille
Camino
Campbell
Campbellsport
Canaan
Canada
Canadian
Canadianization
Canadianizations
Canadianize
Canadianizes
Canadians
Canaveral
Canberra
Candace
Candide
Candlewick
Canfield
Canis
Canoga
Canopus
Cantabrigian
Canterbury
Cantonese
Canute
Capet
Capetown
Capistrano
Capitan
Capitoline
Cappy
Capricorn
Capsicum
Caputo
Caracas
Carboloy
Carbondale
Carbone
Carbones
Cardiff
Cardiod
Carey
Cargill
Carib
Caribbean
Carl
Carla
Carleton
Carletonian
Carlin
Carlisle
Carlo
Carlsbad
Carlsbads
Carlson
Carlton
Carlyle
Carmela
Carmen
Carmichael
Carnegie
Carolina
Carolinas
Caroline
Carolingian
Carolinian
Carolinians
Carolyn
Carpathia
Carpathians
Carr
Carrara
Carrie
Carroll
Carruthers
Carson
Cartesian
Carthage
Carthaginian
Carty
Caruso
Casanova
Casey
Caspian
Cassandra
Cassiopeia
Cassite
Cassites
Cassius
Castillo
Castro
Castroism
Catalan
Catalina
Catalonia
Catawba
Catherine
Catherwood
Catholic
Catholicism
Catholicisms
Catholics
Cathy
Catskill
Catskills
Caucasian
Caucasians
Caucasus
Cauchy
Cavendish
Caviness
Cayley
Cayuga
Cecil
Cecilia
Cecropia
Cedric
Celanese
Celebes
Celeste
Celia
Celsius
Celt
Celtic
Celticize
Celticizes
Cenozoic
Centralia
Centrex
Cepheus
Cerberus
Ceres
Cervantes
Cesare
Cessna
Cetus
Ceylon
Cezanne
Cezannes
Chablis
Chablises
Chad
Chadwick
Chaffey
Chalmers
Chambers
Champaign
Champlain
Chancellorsville
Chandigarh
Chang
ChangeLog
Channing
Chantilly
Chao
Chaplin
Chapman
Charlemagne
Charlemagnes
Charles
Charleston
Charley
Charlie
Charlotte
Charlottesville
Charon
Charta
Chartres
Charybdis
Chatham
Chattahoochee
Chattanooga
Chaucer
Chauncey
Chautauqua
Chekhov
Chelsea
Chen
Cheney
Cheng
Cheriton
Cherokee
Cherokees
Cheryl
Chesapeake
Cheshire
Chester
Chesterfield
Chesterton
Chevrolet
Chevy
Cheyenne
Cheyennes
Chiang
Chicago
Chicagoan
Chicagoans
Chicana
Chicanas
Chicano
Chicanos
Chickasaws
Chile
Chilean
Chiles
China
Chinaman
Chinamen
Chinas
Chinatown
Chinese
Ching
Chinook
Chippendale
Chippewa
Chisholm
Chloe
Choctaw
Choctaws
Chomsky
Chopin
Chou
Chris
Christ
Christendom
Christensen
Christenson
Christian
Christiana
Christianity
Christianization
Christianizations
Christianize
Christianizer
Christianizers
Christianizes
Christianizing
Christians
Christiansen
Christianson
Christie
Christina
Christine
Christlike
Christmas
Christoffel
Christoph
Christopher
Christy
Chrysler
Chungking
Churchill
Churchillian
Cicero
Ciceronian
Ciceronianize
Ciceronianizes
Cincinnati
Cinderella
Cindy
Cinerama
Circe
Citroen
Claire
Clapeyron
Clara
Clare
Claremont
Clarence
Clarendon
Clark
Clarke
Clarridge
Claude
Claudia
Claudio
Claus
Clausen
Clausius
Clayton
Clearwater
Clemens
Clemente
Clemson
Cleveland
Clifford
Clifton
Clint
Clinton
Clio
Clive
Clotho
Cluj
Clyde
Clytemnestra
Coates
Cobb
Cobol
Cochise
Cochran
Cochrane
Coddington
Cody
Coffey
Coffman
Cohen
Cohn
Colby
Cole
Coleman
Coleridge
Colette
Colgate
Collier
Collins
Cologne
Colombia
Colombian
Colombians
Colombo
Colorado
Colosseum
Columbia
Columbian
Columbus
Comanche
Comdex
Cominform
CommonJS
Compton
Compuserve
Computers
Conakry
Conant
Concorde
Concordia
Conestoga
Confucian
Confucianism
Confucius
Congo
Congolese
Conklin
Conley
Connally
Connecticut
Connelly
Conner
Connie
Connors
Conrad
Conrail
Constance
Constantine
Constantinople
Contact
ContactUs
Content
Convair
Conway
Cooke
Cooley
Coolidge
Coors
Copeland
Copenhagen
Copernican
Copernicus
Copperfield
Corbett
Corcoran
Corey
Corinth
Corinthian
Corinthianize
Corinthianizes
Corinthians
Coriolanus
Cornelia
Cornelian
Cornelius
Cornell
Cornish
Cornwall
Cornwallis
Coronado
Corsica
Corsican
Cortez
Cortland
Corvallis
Corvus
Corydoras
Cosgrove
Cossack
Costa
Costello
Cottrell
Coulter
Courtney
Covent
Coventry
Cowan
Craig
Cramer
Crandall
Cranford
Cranston
Crawford
Cray
Crays
Creatives
Cree
Creighton
Creole
Creon
Crestview
Cretaceous
Cretaceously
Cretan
Crete
Crimea
Crimean
Crispin
Croatia
Croatian
Crockett
Croix
Cromwell
Cromwellian
Crosby
Crowley
Croydon
Cruickshank
Crusoe
Cruz
Cuba
Cuban
Cubanize
Cubanizes
Cubans
Culbertson
Culver
Culvers
Cumberland
Cummings
Cummins
Cunard
Cunningham
Cupertino
Cupid
Curran
Curtis
Cushing
Cushman
Custer
Cuvier
Cuzco
Cyanamid
Cyclades
Cyclops
Cygnus
Cynthia
Cyprian
Cypriot
Cyprus
Cyril
Cyrillic
Cyrus
Czech
Czechization
Czechizations
Czechoslovakia
Czerniak
D
DARPA
DB
DEC
DECnet
DECstation
DECsystem
DECtape
DEMO
DMSDump
DOC
Dacca
Dacron
Dada
Dadaism
Dadaist
Dadaistic
Dade
Daedalus
Dahl
Dahomey
Dailey
Daimler
Dairylea
Dakar
Dakota
Daley
Dalhousie
Dali
Dallas
Dalton
Daly
Dalzell
Damascus
Damocles
Damon
Dan
Dana
Danbury
Dane
Danes
Daniel
Daniels
Danielson
Danish
Danization
Danizations
Danize
Danizes
Danny
Dante
Danube
Danubian
Danville
Danzig
Daphne
Dar
Darius
Darlene
Darlington
Darrell
Darrow
Darry
Dartmouth
Darwin
Darwinian
Darwinism
Darwinistic
Darwinize
Darwinizes
Data
Database
Database_Administration
Datamation
Datamedia
Datsun
Daugherty
Dave
David
Davidson
Davie
Davies
Davinich
Davis
Davison
Davy
Dawson
Dayton
Daytona
De
DeKalb
DeKastere
DeMorgan
Deane
Deanna
Dearborn
Debbie
Debby
Deborah
Debra
Debussy
Decatur
Decca
December
Decembers
Decker
Dee
Deere
Default
Defoe
Deimos
Deirdre
Deirdres
Del
Delaney
Delano
Delaware
Delft
Delhi
Delia
Delilah
Della
Dellwood
Delmarva
Delphi
Delphic
Delphically
Delphinus
Demeter
Demo
Dempsey
Deneb
Denebola
Deneen
Denmark
Dennis
Denny
Denton
Denver
Derbyshire
Derek
Des
Descartes
Desmond
Detroit
Deutsch
Devon
Devonshire
Dewey
Dewitt
Dexedrine
Dhabi
DiMaggio
Diana
Diane
Dianne
Dickerson
Dickinson
Dickson
Dido
Diebold
Diego
Dietrich
Dietz
Dijkstra
Dijon
Dillon
Dinah
Diocletian
Diogenes
Dion
Dionysian
Dionysus
Diophantine
Diplodocus
Dirac
Dirichlet
Dis
Disney
Disneyland
Disraeli
Ditzel
Dixie
Dixiecrats
Dixieland
Dixon
Djakarta
Dmitri
Dnieper
Dobbin
Dobbs
Doberman
Doc
DocumentsandSettings
Dodd
Dodington
Dodson
Doge
Dogtown
Doherty
Dolan
Dolores
Domenico
Domesday
Domingo
Dominic
Dominican
Dominicans
Dominick
Dominique
Donahue
Donald
Donaldson
Doneck
Donna
Donnelly
Donner
Donovan
Dooley
Doolittle
Doppler
Dora
Dorado
Dorcas
Dorchester
Doreen
Doria
Doric
Doricize
Doricizes
Doris
Dorothea
Dorothy
Dorset
Dortmund
Dostoevsky
Doubleday
Doug
Dougherty
Douglas
Douglass
Dow
Dowling
Downey
Downing
Download
Downloads
Downs
Doyle
Draco
Draconian
Dramamine
Dravidian
Drexel
Dreyfuss
Driscoll
Drummond
Drury
Dryden
DuPont
DuPonts
Duane
Dubhe
Dublin
Dubuque
Dudley
Duffy
Dugan
Dulles
Duluth
Dumpty
Dunbar
Duncan
Dundee
Dunedin
Dunham
Dunkirk
Dunlap
Dunlop
Dunn
Dunne
Dupont
Duponts
Duquesne
Durango
Durer
Durers
Durham
Durkee
Durkin
Durrell
Durward
Dusenberg
Dusenbury
Dusseldorf
Dustin
Dutch
Dutchman
Dutchmen
Dutton
Dvorak
Dwight
Dwyer
Dyke
Dylan
E
Eagan
Earp
Earth
Earthman
Earthmen
Easthampton
Eastland
Eastman
Eastwick
Eastwood
Eaton
Eben
Eccles
Ecole
Econometrica
Ecuador
Ecuadorian
Ed
Eddie
Eden
Edenization
Edenizations
Edenize
Edenizes
Edgar
Edgerton
Edgewater
Edgewood
Edinburgh
Edison
Edith
Edmonds
Edmondson
Edmonton
Edmund
Edna
Edsger
Eduard
Eduardo
Education
Edward
Edwardian
Edwardine
Edwards
Edwin
Edwina
Effie
Egan
Egypt
Egyptian
Egyptianization
Egyptianizations
Egyptianize
Egyptianizes
Egyptians
Egyptize
Egyptizes
Egyptology
Ehrlich
Eichmann
Eiffel
Eileen
Einstein
Einsteinian
Eire
Eisenhower
Eisner
Ekberg
Ekstrom
Ektachrome
Elaine
Elba
Eldon
Eleanor
Eleazar
Electra
Elena
Elgin
Eli
Elijah
Elinor
Eliot
Elisabeth
Elisha
Elizabeth
Elizabethan
Elizabethanize
Elizabethanizes
Elizabethans
Elkhart
Ella
Ellen
Ellie
Elliot
Elliott
Ellis
Ellison
Ellsworth
Ellwood
Elmer
Elmhurst
Elmira
Elmsford
Eloise
Elroy
Elsevier
Elsie
Elsinore
Elton
Elvis
Ely
Elysee
Elysees
Elysium
Emanuel
Emerson
Emery
Emil
Emile
Emilio
Emily
Emma
Emmanuel
Emmett
Emory
Empire_Breakout
Empire_LupinOne
Endicott
Enfield
Eng
Engel
Engels
England
Englander
Englanders
Engle
Englewood
English
Englishize
Englishizes
Englishman
Englishmen
Enid
Enoch
Enos
Enrico
Ensolite
Entertainment
Entries
Eocene
Ephesian
Ephesians
Ephesus
Ephraim
Epicurean
Epicurize
Epicurizes
Epicurus
Epiphany
Episcopalian
Episcopalianize
Episcopalianizes
Epsom
Epstein
Erasmus
Erastus
Erato
Eratosthenes
Eric
Erich
Erickson
Ericsson
Erie
Erik
Erikson
Eris
Erlang
Erlenmeyer
Erlenmeyers
Erne
Ernest
Ernestine
Ernie
Ernst
Eros
Errol
Erskine
Ervin
Erwin
Escherichia
Eskimo
Eskimoized
Eskimoizeds
Eskimos
Esmark
Espagnol
Esposito
Essen
Essenize
Essenizes
Essex
Estella
Estes
Esther
Estonia
Estonian
Ethan
Ethel
Ethernet
Ethernets
Ethiopia
Ethiopians
Etruria
Etruscan
Eucharist
Euclid
Euclidean
Eugene
Eugenia
Euler
Eulerian
Eumenides
Eunice
Euphrates
Eurasia
Eurasian
Euripides
Europa
Europe
European
Europeanization
Europeanizations
Europeanize
Europeanized
Europeanizes
Europeans
Eurydice
Euterpe
Eva
Evangeline
Evans
Evanston
Evansville
Eve
Evelyn
Evensen
Events
Eveready
Everest
Everett
Everglade
Everglades
Everhart
Ewen
Ewing
Exeter
Extranet
Exxon
Ezekiel
Ezra
F
FAQ
FCKeditor
FORTH
FORTRAN
Faber
Fabian
Fafnir
Fagin
Fahey
Fahrenheit
Fahrenheits
Fairbanks
Fairchild
Fairfax
Fairfield
Fairmont
Fairport
Fairview
Falk
Falkland
Falklands
Fallopian
Falmouth
Falstaff
Fannies
Fanny
Faraday
Farber
Fargo
Farkas
Farley
Farmington
Farnsworth
Farrell
Fatima
Faulkner
Faulknerian
Fauntleroy
Faust
Faustian
Faustus
Fawkes
Fayette
Fayetteville
Fe
Featherman
Februaries
February
Fedders
Fedora
Feeney
Felder
Feldman
Felice
Felicia
Felix
Fellini
Fenton
Fenwick
Ferber
Ferdinand
Ferdinando
Ferguson
Fermat
Fermi
Fernando
Ferreira
Ferrer
Fess
Fiberglas
Fibonacci
Fidel
Fields
Figaro
Fiji
Fijian
Fijians
Filipino
Filipinos
Filippo
Fillmore
Finland
Finley
Finn
Finnegan
Finnish
Finns
Fiorello
Fiori
Firestone
Fischbein
Fischer
Fishkill
Fisk
Fiske
Fitch
Fitchburg
Fitzgerald
Fitzpatrick
Fitzroy
Fizeau
Flagler
Flagstaff
Flanagan
Flanders
Fledermaus
Fleischman
Fleisher
Fleming
Flemings
Flemish
Flemished
Flemishes
Flemishing
Fletcher
Fletcherize
Fletcherizes
Flo
Florence
Florentine
Florida
Floridian
Floridians
Floyd
Flynn
Fogarty
Foley
Folsom
Fomalhaut
Fontaine
Fontainebleau
Fontana
Foote
Forbes
Fordham
Formica
Formicas
Formosa
Formosan
Forrest
Forsythe
Fortescue
Fortran
Foss
Fourier
Foxhall
Fran
Francaise
France
Frances
Francesca
Francesco
Francie
Francine
Francis
Franciscan
Franciscans
Francisco
Francize
Francizes
Franco
Francois
Francoise
Frankel
Frankfort
Frankfurt
Frankie
Franklinization
Franklinizations
Franny
Franz
Fraser
Frau
Frayne
Frazier
Fred
Freddie
Freddy
Frederic
Frederick
Fredericks
Fredericksburg
Frederico
Fredericton
Fredholm
Fredrick
Fredrickson
Freedman
Freemason
Freemasonry
Freemasons
Freeport
Freetown
Freida
French
Frenchize
Frenchizes
Frenchman
Frenchmen
Fresnel
Fresno
Freud
Freudian
Freudianism
Freudianisms
Freudians
Frey
Freya
Frick
Friday
Fridays
Friedman
Friedrich
Friesland
Frigga
Frigidaire
Frisbee
Frisia
Frisian
Frito
Fritz
Frostbelt
Fruehauf
Frye
Fuchs
Fuchsia
Fuji
Fujitsu
Fulbright
Fulbrights
Fullerton
Fulton
Furman
G
GOTO
GOTOs
Gaberones
Gabon
Gaborone
Gabriel
Gabrielle
Gaelic
Gaelicization
Gaelicizations
Gaelicize
Gaelicizes
Gail
Gaines
Gainesville
Gaithersburg
Galahad
Galapagos
Galatea
Galatean
Galateans
Galatia
Galatians
Galbreath
Galen
Galilean
Galilee
Galileo
Gallagher
Galloway
Gallup
Galois
Galt
Galveston
Galvin
Galway
Gambia
Games
Gandhi
Gandhian
Ganges
Gannett
Ganymede
Garcia
Gardner
Garfield
Garfunkel
Garibaldi
Garnett
Garrett
Garrisonian
Garry
Garth
Garvey
Gary
Gascony
Gaspee
Gasset
Gaston
Gates
Gatlinburg
Gatsby
Gauguin
Gaul
Gaulle
Gauls
Gauntley
Gaussian
Gautama
Gavin
Gaylor
Gaylord
Gaynor
Geary
Gehrig
Geiger
Geigy
Gemini
Geminid
Gemma
Genesco
Geneva
Genevieve
Genoa
Geoff
Geoffrey
George
Georges
Georgetown
Georgia
Georgian
Georgians
Gerald
Geraldine
Gerard
Gerber
Gerhard
Gerhardt
German
Germania
Germanic
Germans
Germantown
Germany
Gerome
Gerry
Gershwin
Gershwins
Gertrude
Gestapo
Getty
Gettysburg
Ghana
Ghanian
Ghent
Giacomo
Gibbons
Gibbs
Gibby
Gibraltar
Gibson
Giddings
Gideon
Gifford
Gil
Gilbertson
Gilchrist
Gilead
Giles
Gilkson
Gillespie
Gillette
Gilligan
Gilmore
Gimbel
Gina
Ginn
Gino
Ginsberg
Ginsburg
Gioconda
Giorgio
Giovanni
Gipsies
Gipsy
Giuliano
Giuseppe
Gladstone
Gladys
Glasgow
Glaswegian
Gleason
Glenda
Glendale
Glenn
Glidden
Global
Gloria
Gloriana
Gloucester
Glynn
Goa
Gobi
Goddard
Godfrey
Godot
Godwin
Godzilla
Goethe
Goff
Gogh
Gold
Golda
Goldberg
Goldfield
Goldman
Goldstein
Goldstine
Goldwater
Goleta
Goliath
Gomez
Gonzales
Gonzalez
Goode
Goodman
Goodrich
Goodwin
Goodyear
Gordian
Gordon
Goren
Gorham
Gorky
Gorton
Gotham
Gothic
Gothically
Gothicism
Gothicize
Gothicized
Gothicizer
Gothicizers
Gothicizes
Gothicizing
Gottfried
Goucher
Gouda
Gould
Gracie
Grady
Graff
Grafton
Granville
Graphics
Graves
Gray
Grayson
Grecian
Grecianize
Grecianizes
Greece
Greek
Greekize
Greekizes
Greeks
Green
Greenbelt
Greenberg
Greenblatt
Greenbriar
Greene
Greenfeld
Greenfield
Greenland
Greensboro
Greensville
Greentree
Greenville
Greenwich
Greer
Greg
Gregg
Gregorian
Gregory
Grendel
Grenier
Grenoble
Grenville
Gresham
Greta
Gretchen
Grey
Griffith
Grimaldi
Grimes
Grimm
Gris
Griswold
Groot
Grosset
Grossman
Grosvenor
Groton
Grover
Grumman
Grusky
Gruyere
Guadalupe
Guam
Guardia
Guatemala
Guatemalan
Guelph
Guenther
Guggenheim
Guhleman
Guiana
Guilford
Guinevere
Gujarat
Gujarati
Gullah
Gulpfile
Gunderson
Gunnar
Gunther
Gurkha
Gus
Gustafson
Gustav
Gustave
Gustavus
Gutenberg
Guthrie
Guyana
Gwen
Gwyn
H
HEAD
HTML
Haag
Haas
Haberman
Habib
Hackett
Hadamard
Haddad
Hades
Hadley
Hadrian
Hafiz
Hagen
Hager
Hagstrom
Hague
Hahn
Haifa
Haines
Haiti
Haitian
Hal
Haley
Halifax
Halley
Hallinan
Halloween
Halpern
Halsey
Halstead
Halverson
Hamal
Hamburg
Hamey
Hamilton
Hamiltonian
Hamiltonians
Hamlin
Hammett
Hammond
Hampshire
Hampton
Han
Hancock
Handel
Haney
Hanford
Hankel
Hanley
Hanlon
Hanna
Hannah
Hannibal
Hanoi
Hanover
Hanoverian
Hanoverianize
Hanoverianizes
Hanoverize
Hanoverizes
Hans
Hansel
Hansen
Hanson
Hanukkah
Hapgood
Hapsburg
Harbin
Harcourt
Hardin
Harding
Harlan
Harlem
Harley
Harmon
Harmonist
Harmonistic
Harmonistically
Harold
Harpy
Harriet
Harriman
Harrington
Harris
Harrisburg
Harrison
Harrisonburg
Hartford
Hartley
Hartman
Harvard
Harvardize
Harvardizes
Harvey
Harveyize
Harveyizes
Harveys
Haskell
Haskins
Hastings
Hatchure
Hatfield
Hathaway
Hatteras
Hattie
Hattiesburg
Hattize
Hattizes
Haugen
Hausa
Hausdorff
Hauser
Havana
Havilland
Hawaii
Hawaiian
Hawkins
Hawley
Hawthorne
Hayden
Haydn
Hayes
Haynes
Hays
Hayward
Haywood
Healey
Health
Healy
Hearst
Heartwood
Heathkit
Heathman
Hebe
Hebraic
Hebraicize
Hebraicizes
Hebrew
Hebrews
Hebrides
Hecate
Heckman
Hecuba
Hedda
Hegel
Hegelian
Hegelianize
Hegelianizes
Heidegger
Heidelberg
Heine
Heinlein
Heinrich
Heinz
Heinze
Heisenberg
Heiser
Helen
Helena
Helene
Helga
Heliopolis
Hellenic
Hellenization
Hellenizations
Hellenize
Hellenized
Hellenizes
Hellenizing
Hellespont
Hellman
Helmholtz
Helmut
Help
Helsinki
Helvetica
Hemingway
Hempstead
Henderson
Hendrick
Hendricks
Hendrickson
Hendrix
Henley
Hennessey
Hennessy
Henning
Henri
Henrietta
Hepburn
Hera
Heraclitus
Herbert
Herculean
Hercules
Hereford
Herkimer
Herman
Hermann
Hermes
Hermite
Hermosa
Hernandez
Herodotus
Herr
Herrington
Herschel
Hersey
Hershel
Hershey
Hertzog
Hesperus
Hess
Hesse
Hessian
Hessians
Hester
Hetman
Hettie
Hetty
Heublein
Heusen
Heuser
Hewett
Hewitt
Hewlett
Heywood
Hiatt
Hiawatha
Hibbard
Hibernia
Hickey
Hickeys
Hickman
Hickok
Hicks
Hieronymus
Higgins
Highfield
Hilbert
Hildebrand
Hillary
Hillcrest
Hillel
Hillsboro
Hillsdale
Hilton
Himalaya
Himalayas
Himmler
Hindi
Hindu
Hinduism
Hindus
Hindustan
Hines
Hinkle
Hinman
Hinsdale
Hippocrates
Hippocratic
Hiram
Hirey
Hiroshi
Hiroshima
Hirsch
Hispanic
Hispanicize
Hispanicizes
Hispanics
Hitachi
Hitchcock
Hitler
Hitlerian
Hitlerism
Hitlerite
Hitlerites
Hoagland
Hobart
Hobbes
Hobbs
Hobday
Hoboken
Hodges
Hodgkin
Hoff
Hoffman
Hokan
Holbrook
Holcomb
Holland
Hollandaise
Hollander
Hollerith
Hollingsworth
Hollister
Holloway
Hollywood
Hollywoodize
Hollywoodizes
Holm
Holman
Holmdel
Holmes
Holocene
Holst
Holstein
Holyoke
Holzman
Hom
Home
Homeric
Honda
Hondo
Honduras
Honeywell
Honolulu
Honshu
Hoosier
Hoosierize
Hoosierizes
Hoover
Hooverize
Hooverizes
Hopi
Hopkins
Hopkinsian
Horace
Horatio
Hornblower
Horowitz
Horton
Horus
Hottentot
Houdaille
Houdini
Houghton
Houston
Howard
Howe
Howell
Hoyt
Hrothgar
Hubbard
Hubbell
Huber
Hubert
Huck
Hudson
Huey
Huffman
Huggins
Hugh
Hughes
Hugo
Humboldt
Hume
Hummel
Humphrey
Humpty
Hun
Hungarian
Hungary
Huns
Hunter
Huntington
Huntley
Huntsville
Hurd
Huron
Hurons
Hurst
Hurwitz
Huston
Hutchins
Hutchinson
Hutchison
Huxley
Huxtable
Hyades
Hyannis
Hyde
Hyman
I
ICA_1
IISAdmin
IISHelp
IISSamples
INSTALL
INSTALL_admin
INTERNET
Ian
Iberia
Iberian
Ibero-
Ibn
Ibsen
Icarus
Iceland
Icelandic
Ida
Idaho
Ifni
Igor
Ike
Iliad
Iliadize
Iliadizes
Illinois
Ilona
Ilyushin
Image
Imagen
Images
Imbrium
Inanna
Inca
Incas
Index
India
Indian
Indiana
Indianapolis
Indians
Indies
Indigo
Indira
Indo
Indochina
Indochinese
Indoeuropean
Indonesia
Indonesian
Indus
Indy
Indy_admin
Informatica
Ingersoll
Ingram
Injun
Injuns
Inman
Intel
Intelsat
Interdata
Internet
Interpol
Inverness
Io
Ionian
Ionians
Ionicization
Ionicizations
Ionicize
Ionicizes
Iowa
Ira
Iran
Iranian
Iranians
Iranize
Iranizes
Iraq
Iraqi
Iraqis
Ireland
Irene
Irish
Irishize
Irishizes
Irishman
Irishmen
Irma
Iroquois
Irrawaddy
Irvin
Irvine
Irving
Irwin
Isaac
Isaacs
Isaacson
Isabel
Isabella
Isadore
Isaiah
Isfahan
Ising
Isis
Islam
Islamabad
Islamic
Islamization
Islamizations
Islamize
Islamizes
Islandia
Isolde
Israel
Israeli
Israelis
Israelite
Israelites
Israelitize
Israelitizes
Istanbul
Istvan
Italian
Italianization
Italianizations
Italianize
Italianizer
Italianizers
Italianizes
Italians
Italy
Itel
Ithaca
Ithacan
Ito
Ivan
Ivanhoe
Iverson
Izaak
Izvestia
J
JMXSoapAdapter
Jablonsky
Jackie
Jackman
Jackson
Jacksonian
Jacksons
Jacksonville
Jacky
Jacob
Jacobean
Jacobi
Jacobian
Jacobinize
Jacobite
Jacobs
Jacobsen
Jacobson
Jacobus
Jacoby
Jacqueline
Jacques
Jaeger
Jaime
Jakarta
Jake
Jakes
Jamaica
Jamaican
James
Jameson
Jamestown
Jane
Janeiro
Janesville
Janet
Jangow
Janice
Janis
Janos
Jansen
Jansenist
Januaries
January
Janus
Japan
Japanese
Japanization
Japanizations
Japanize
Japanized
Japanizes
Japanizing
Jarvin
Jason
Jastrow
Java
Javanese
Jaycee
Jaycees
Jeanne
Jeannie
Jed
Jeff
Jefferson
Jeffersonian
Jeffersonians
Jeffrey
Jehovah
Jello
Jenkins
Jennie
Jennifer
Jennings
Jensen
Jeremiah
Jeremy
Jeres
Jericho
Jeroboam
Jerome
Jerry
Jerusalem
Jesse
Jessica
Jessie
Jessy
Jesuit
Jesuitism
Jesuitize
Jesuitized
Jesuitizes
Jesuitizing
Jesuits
Jesus
Jew
Jewell
Jewelled
Jewett
Jewish
Jewishness
Jews
Jill
Jim
Jimenez
Jimmie
Jinny
Jo
Joan
Joanna
Joanne
Joaquin
Jobrel
Jody
Joe
Joel
Joes
Johann
Johanna
Johannes
Johannesburg
Johansen
Johanson
John
Johnnie
Johnny
Johns
Johnsen
Johnson
Johnston
Johnstown
Joliet
Jolla
Jon
Jonas
Jonathan
Jonathanization
Jonathanizations
Jones
Joneses
Joplin
Jordan
Jordanian
Jorge
Jorgensen
Jorgenson
Jose
Josef
Joseph
Josephine
Josephson
Josephus
Joshua
Josiah
Jovanovich
Jove
Jovian
Joyce
Juan
Juanita
Jubal
Judaica
Judaism
Judas
Judd
Judder
Juddered
Juddering
Judders
Jude
Judea
Judith
Judson
Judy
Jugoslavia
Jukes
Jules
Julia
Julian
Julie
Julies
Juliet
Julio
Julius
July
June
Juneau
Junes
Jung
Jungian
Juno
Jupiter
Jura
Juras
Jurassic
Justine
Justinian
Jutish
Jutland
Kabuki
Kabul
Kaddish
Kafka
Kafkaesque
Kahn
Kajar
Kalamazoo
Kali
Kalmuk
Kamchatka
Kamikaze
Kamikazes
Kampala
Kampuchea
Kanarese
Kane
Kankakee
Kannada
Kansas
Kant
Kantian
Kaplan
Karachi
Karamazov
Karen
Karl
Karol
Karp
Kashmir
Kaskaskia
Kate
Katharine
Katherine
Kathleen
Kathy
Katie
Katmandu
Katowice
Katz
Kauffman
Kaufman
Kay
Keaton
Keats
Keegan
Keenan
Keith
Keller
Kelley
Kellogg
Kelly
Kelsey
Kelvin
Kemp
Kendall
Kenilworth
Kennan
Kennecott
Kennedy
Kenneth
Kenney
Kenning
Kenny
Kenosha
Kensington
Kent
Kenton
Kentucky
Kenya
Kenyon
Kepler
Kermit
Kernighan
Kerouac
Kerr
Kessler
Kettering
Kevin
Kewaskum
Kewaunee
Keyes
Keynes
Keynesian
Khartoum
Khmer
Khrushchev
Khrushchevs
Kickapoo
Kidde
Kieffer
Kiel
Kiev
Kiewit
Kigali
Kikuyu
Kilgore
Kilimanjaro
Killebrew
Kim
Kimball
Kimberly
Kingsbury
Kingsley
Kingston
Kingstown
Kingwood
Kinney
Kinnickinnic
Kinsey
Kinshasha
Kiowa
Kipling
Kirby
Kirchner
Kirchoff
Kirk
Kirkland
Kirkpatrick
Kirkwood
Kirov
Kitakyushu
Kiwanis
Klan
Klaus
Klein
Kleinrock
Kline
Klux
Knapp
Knauer
Knickerbocker
Knickerbockers
Knightsbridge
Knobeloch
Knossos
Knott
Knowles
Knowlton
Knox
Knoxville
Knudsen
Knudson
Knuth
Knutsen
Knutson
Kobayashi
Koch
Kochab
Kodachrome
Kodak
Kodiak
Koenig
Koenigsberg
Kohler
Kong
Konrad
Koppers
Koran
Korea
Korean
Koreans
Kovacs
Kowalewski
Kowalski
Kowloon
Kowtow
Kraemer
Krakatoa
Krakow
Kramer
Krause
Krebs
Kremlin
Kresge
Krieger
Krishna
Kristin
Kronecker
Krueger
Kruger
Kruse
Ku
Kuala
Kuenning
Kuhn
Kumar
Kurd
Kurdish
Kurt
Kuwait
Kuwaiti
Kyoto
L
L'vov
LAN
LICENSE
LaTeX
Laban
Labrador
Lac
Lacerta
Lacey
Lachesis
Lackawanna
Lafayette
Lagos
Lagrange
Lagrangian
Laguerre
Laguna
Lahore
Laidlaw
Lakehurst
Lakewood
Lamar
Lamarck
Lamport
Lana
Lancashire
Lancaster
Lancelot
Landis
Landwehr
Lang
Lange
Langeland
Langford
Langley
Langmuir
Lanka
Lansing
Lao
Laocoon
Laos
Laotian
Laotians
Laplace
Laplacian
Laramie
Laredo
Lares
Larkin
Larry
Lars
Larsen
Larson
Laszlo
Lateran
Lathrop
Latin
Latinate
Latinity
Latinization
Latinizations
Latinize
Latinized
Latinizer
Latinizers
Latinizes
Latinizing
Latrobe
Lattimer
Latvia
Lauderdale
Laue
Laughlin
Laundromat
Laundromats
Lauren
Laurence
Laurent
Laurentian
Laurie
Lausanne
Lavoisier
Lawford
Lawrence
Lawrenceville
Lawson
Layton
Lazarus
Leander
Lear
Leary
Leavenworth
Lebanese
Lebanon
Lebesgue
Leeds
Leeuwenhoek
Legal
Legendre
Leger
Legers
Lehigh
Lehman
Leibniz
Leiden
Leigh
Leighton
Leila
Leipzig
Leland
Lemke
Lemuel
Len
Lena
Lenin
Leningrad
Leninism
Leninist
Lennox
Lenny
Lenore
Lenten
Leo
Leon
Leona
Leonard
Leonardo
Leone
Leonid
Leopold
Leopoldville
Leroy
Lesbian
Lesbians
Leslie
Lesotho
Lester
Lethe
Letitia
Lev
Levi
Leviable
Levin
Levine
Levis
Leviticus
Levitt
Lew
Lewellyn
Lexington
Leyden
Liberace
Liberia
Libreville
Libya
Libyan
Lichter
Lieberman
Liechtenstein
Ligget
Liggett
Lila
Lilian
Lillian
Lilliput
Lilliputian
Lilliputianize
Lilliputianizes
Lilly
Lima
Liman
Limerick
Lin
Lincoln
Lind
Linda
Lindberg
Lindbergh
Lindholm
Lindquist
Lindsay
Lindsey
Lindstrom
Lindy
Links
Linnaeus
Linotype
Linton
Linus
Linux
Lionel
Lippincott
Lipschitz
Lipscomb
Lipton
Lisa
Lisbon
Lise
Liss
Lissajous
Lister
Listerize
Listerizes
Liston
Lithuania
Lithuanian
Littleton
Litton
LiveUser_Admin
Livermore
Liverpool
Liverpudlian
Livingston
Liz
Lizzie
Lizzy
Lloyd
Locke
Lockhart
Lockheed
Lockian
Lockwood
Lodowick
Loeb
Log
LogFiles
Logan
Login
Logs
Loire
Lois
Loki
Lola
Lomb
Lombard
Lombardy
Lome
London
Londonderry
Londoner
Londonization
Londonizations
Londonize
Londonizes
Longfellow
Longstreet
Loomis
Lopez
Lorelei
Loren
Lorentzian
Lorenz
Loretta
Lorinda
Lorraine
Los
Lothario
Lotte
Lottie
Lotus_Domino_Admin
Lou
Louis
Louisa
Louise
Louisiana
Louisianan
Louisville
Lounsbury
Lourdes
Louvre
Lovejoy
Lovelace
Loveland
Lowe
Lowell
Lowry
Loy
Loyola
Lubbock
Lubell
Lucas
Lucerne
Lucia
Lucian
Lucien
Lucifer
Lucille
Lucius
Lucretia
Lucretius
Lucy
Ludlow
Ludmilla
Ludwig
Lufthansa
Luftwaffe
Luis
Luke
Lumpur
Lund
Lundberg
Lundquist
Lura
Lusaka
Luther
Lutheran
Lutheranize
Lutheranizer
Lutheranizers
Lutheranizes
Lutz
Luxembourg
Luxemburg
Luzon
Lydia
Lykes
Lyle
Lyman
Lynchburg
Lyndon
Lynn
Lyon
Lyons
Lyra
Lysenko
M
MANIFEST
MANIFEST.MF
META-INF
MIPS
MITRE
MITREs
MSADC
MULTICS
M_images
Mabel
Mac
MacArthur
MacDonald
MacDougall
MacDraw
MacGregor
MacIntosh
MacKenzie
MacMahon
MacMillan
MacPaint
Macadamia
Macarthur
Macassar
Macaulay
Macaulayan
Macaulayism
Macaulayisms
Macbeth
Macdonald
Macdougall
Macedon
Macedonia
Macedonian
Macgregor
Mach
Machiavelli
Machiavellian
Macintosh
Mackenzie
Mackey
Mackinac
Mackinaw
Macmillan
Macon
Madagascar
Madame
Madames
Maddox
Madeira
Madeleine
Madeline
Madhya
Madison
Madonna
Madonnas
Madrid
Madsen
Mae
Maelstrom
Mafia
Mafiosi
Magdalene
Magellan
Magellanic
Maggie
Magill
Magnuson
Magog
Magruder
Maguire
Maguires
Maharashtra
Mahayana
Mahayanist
Mahoney
Maier
Main
Main_Page
Maine
Majorca
Makefile
Malabar
Malagasy
Malamud
Malawi
Malay
Malayize
Malayizes
Malaysia
Malaysian
Malcolm
Malden
Maldive
Mali
Malibu
Mallory
Malone
Maloney
Malraux
Malta
Maltese
Malthus
Malthusian
Malton
Managua
Manama
Manchester
Manchuria
Mandelbrot
Manfred
Manhattan
Manhattanize
Manhattanizes
Manila
Manitoba
Manitowoc
Mankowski
Manley
Mann
Mans
Mansfield
Manuel
Manville
Mao
Maori
Maplecrest
Marc
Marceau
Marcel
Marcello
Marcia
Marco
Marcotte
Marcus
Marcy
Mardi
Mardis
Margaret
Margery
Margo
Marguerite
Marianne
Marie
Marietta
Marilyn
Marin
Marino
Mario
Marion
Marjorie
Marjory
Markham
Markism
Markov
Markovian
Markovitz
Marks
Marlboro
Marlborough
Marlene
Marlowe
Marquette
Marriott
Mars
Marseilles
Marsha
Marshall
Marshalled
Marshalling
Martha
Martian
Martians
Martinez
Martinique
Martinson
Marty
Marvin
Marx
Marxian
Marxism
Marxisms
Marxist
Mary
Maryland
Marylanders
Maseru
Masonic
Masonite
Massachusetts
Massey
Mateo
Mathematica
Mathematik
Mathewson
Mathias
Mathieu
Matilda
Matisse
Matisses
Matson
Matsumoto
Matt
Matthew
Matthews
Mattie
Mattson
Maude
Maureen
Maurice
Mauricio
Maurine
Mauritania
Mauritius
Mavis
Mawr
Max
Maximilian
Maxine
Maxtor
Maxwell
Maxwellian
May
Maya
Mayans
Mayer
Mayfair
Mayflower
Maynard
Mayo
Mazda
Mbabane
McAdam
McAdams
McAllister
McBride
McCabe
McCall
McCallum
McCann
McCarthy
McCarty
McCauley
McClain
McClellan
McClure
McCluskey
McConnel
McConnell
McCormick
McCoy
McCracken
McCullough
McDaniel
McDermott
McDonald
McDonnell
McDougall
McDowell
McElhaney
McElroy
McFadden
McFarland
McGee
McGill
McGinnis
McGovern
McGowan
McGrath
McGraw
McGregor
McGuire
McHugh
McIntosh
McIntyre
McKay
McKee
McKenna
McKenzie
McKeon
McKesson
McKinley
McKinney
McKnight
McLanahan
McLaughlin
McLean
McLeod
McMahon
McMartin
McMillan
McMullen
McNally
McNaughton
McNeil
McNulty
McPherson
Mecca
Medea
Medfield
Medford
Media
Medicaid
Medicare
Medici
Medicis
Mediterranean
Mediterraneanization
Mediterraneanizations
Mediterraneanize
Mediterraneanizes
Medusa
Medusan
Meg
Meier
Meiji
Meister
Meistersinger
Mekong
Mel
Melampus
Melanesia
Melanesian
Melanie
Melbourne
Melcher
Melinda
Melisande
Melissa
Mellon
Melpomene
Melville
Melvin
Members
Memphis
Mencken
Mendel
Mendelian
Mendelize
Mendelizes
Mendelssohn
Mendoza
Menelaus
Menlo
Mennonite
Mennonites
Menominee
Menorca
Mensch
Menus
Menzies
Mephistopheles
Mercator
Mercedes
Merck
Meredith
Meriwether
Merle
Merriam
Merrick
Merrill
Merrimac
Merrimack
Merritt
Merrymake
Mervin
Mesopotamia
Mesozoic
MessagingManager
Messiah
Metcalf
Methodism
Methodist
Methuen
Methuselah
Methuselahs
Metrecal
Metzler
Mexican
Mexicanize
Mexicanizes
Mexicans
Mexico
Meyer
Meyers
Miami
Michael
Michaels
Michel
Michelangelo
Michele
Michelin
Michelson
Michigan
Mick
Mickey
Mickie
Micky
MicroVAX
MicroVAXes
Micronesia
Micronesian
Microport
Microsoft
Midas
Middlebury
Middlesex
Middleton
Middletown
Midlandize
Midlandizes
Midwest
Midwestern
Midwesterner
Midwesterners
Miguel
Mikhail
Mikoyan
Milan
Mildred
Miles
Millard
Millie
Millikan
Millington
Mills
Milne
Milquetoast
Milquetoasts
Milton
Miltonian
Miltonic
Miltonism
Miltonist
Miltonize
Miltonized
Miltonizes
Miltonizing
Milwaukee
Mimi
Mindanao
Minerva
Minneapolis
Minnesota
Minnie
Minoan
Minos
Minotaur
Minsk
Minsky
Miocene
Mira
Miranda
Mirfak
Miriam
Misc
Mississippi
Mississippian
Mississippians
Missoula
Missouri
Missy
Mitch
Mitchell
Mizar
Mobil
Modesto
Modula
Modula-2
Modula-3
Moe
Moen
Mogadiscio
Mogadishu
Moghul
Mohammed
Mohammedan
Mohammedanism
Mohammedanization
Mohammedanizations
Mohammedanize
Mohammedanizes
Mohawk
Mohr
Moines
Moiseyev
Moldavia
Moliere
Moline
Moll
Mollie
Molly
Moloch
Molochize
Molochizes
Molotov
Moluccas
Mona
Monaco
Monash
Monday
Mondays
Monet
Monfort
Mongolia
Mongolian
Mongolianism
Monica
Monmouth
Monoceros
Monongahela
Monroe
Monrovia
Monsanto
Mont
Montague
Montaigne
Montana
Montanan
Montclair
Montenegrin
Montenegro
Monterey
Monteverdi
Montevideo
Montgomery
Monticello
Montmartre
Montpelier
Montrachet
Montreal
Monty
Moon
Mooney
Moonlike
Moor
Moore
Moorish
Moors
Moran
Moravia
Moravian
Moravianized
Moravianizeds
Morehouse
Moreland
Moresby
Morgan
Moriarty
Morley
Mormon
Moroccan
Morocco
Morrill
Morris
Morrison
Morrissey
Morristown
Morse
Mortimer
Morton
Moscone
Moscow
Moser
Moses
Moslem
Moslemize
Moslemizes
Moslems
Mossberg
Motorola
Moulton
Mouthe
Mouton
Moyer
Mozart
Mudd
Mueller
Muenster
Muhammad
Muir
Mukden
Mullen
Multibus
Multics
Mumford
Muncie
Mundt
Munich
Munroe
Munsey
Munson
Muong
Muriel
Murphy
Murray
Murrow
Muscat
Muscovite
Muscovy
Music
Muskegon
Muslim
Muslims
Mussolini
Mussolinis
Mussorgsky
Muzak
Muzo
Mycenae
Mycenaean
Myers
Mynheer
Myra
Myron
Mysore
N
NASA
NASAs
NATO
NATOs
NR
Nabisco
Nadia
Nadine
Nagasaki
Nagoya
Nagy
Nair
Nairobi
Nakamura
Nakayama
Nakoma
Nan
Nancy
Nanette
Nanking
Nanook
Nantucket
Naomi
Naples
Napoleon
Napoleonic
Napoleonize
Napoleonizes
Narbonne
Narragansett
Nash
Nashua
Nashville
Nassau
Nat
Natalie
Natchez
Nate
Nathan
Nathaniel
Naur
Navaho
Navajo
Navona
Nazarene
Nazareth
Nazi
Nazis
Nazism
Ndjamena
NeWS
Neal
Neanderthal
Neapolitan
Nebraska
Nebraskan
Nebuchadnezzar
Ned
Needham
Neff
Negro
Negroes
Negroid
Negroization
Negroizations
Negroize
Negroizes
Nehru
Neil
Nell
Nellie
Nelsen
Nelson
Nepal
Nepali
Neptune
Nero
Ness
Nestor
Netherlands
Neumann
Neva
Nevada
Nevins
Newark
Newbold
Newbury
Newburyport
Newcastle
Newell
Newfoundland
Newman
Newmanize
Newmanizes
Newport
News
Newsweek
Newsweekly
Newton
Newtonian
Next
Nguyen
Niagara
Niamey
Nibelung
Nicaragua
Niccolo
Nicholas
Nicholls
Nichols
Nicholson
Nicklaus
Nicodemus
Nicosia
Nielsen
Nielson
Nietzsche
Niger
Nigeria
Nigerian
Nijinsky
Nikko
Nikolai
Nile
Nilsen
Nilsson
Nina
Nineveh
Niobe
Nippon
Nipponize
Nipponizes
Nixon
Noah
Nobel
Node
Noel
Noetherian
Nolan
Noll
Nora
Nordhoff
Nordic
Nordstrom
Noreen
Norfolk
Norma
Norman
Normandy
Normanization
Normanizations
Normanize
Normanizer
Normanizers
Normanizes
Norris
Norristown
Norse
Northampton
Northfield
Northrop
Northrup
Northumberland
Norton
Norwalk
Norway
Norwegian
Norwich
Nostradamus
Nostrand
Notre
Nottingham
Nouakchott
Novak
November
Novembers
Novosibirsk
Noyes
Nubia
Nubian
Nugent
Nyquist
O
O'Brien
O'Connell
O'Connor
O'Dell
O'Donnell
O'Dwyer
O'Hare
O'Leary
O'Neill
O'Shea
O'Sullivan
OA
OAErrorDetailPage
OA_HTML
OPEC
Oakland
Oakley
Oakmont
OasDefault
Oberlin
Oberon
Occam
Occident
Occidental
Occidentalization
Occidentalizations
Occidentalize
Occidentalized
Occidentalizes
Occidentalizing
Occidentals
Oceania
Oconomowoc
Octavia
October
Octobers
Oderberg
Oderbergs
Odessa
Odin
Odysseus
Odyssey
Oedipal
Oedipally
Oedipus
Offenbach
Office
Ogden
Ohio
Ojibwa
Okamoto
Okinawa
Oklahoma
Oklahoman
Olaf
Olav
Oldenburg
Oldsmobile
Olduvai
Oleg
Olga
Oligocene
Olin
Oliver
Olivers
Olivetti
Olivia
Olivier
Olsen
Olson
Olympia
Olympian
Olympianize
Olympianizes
Olympic
Olympics
Olympus
Omaha
Oman
Oneida
Onondaga
Ontario
Opel
Ophiuchus
Ophiucus
Oppenheimer
Orange
Oregon
Oregonians
Oresteia
Orestes
Orient
Oriental
Orientalization
Orientalizations
Orientalize
Orientalized
Orientalizes
Orientalizing
Orientals
Orin
Orinoco
Orion
Orkney
Orlando
Orleans
Orlick
Orly
Orono
Orpheus
Orphic
Orphically
Orr
Ortega
Orville
Orwell
Orwellian
Osaka
Osbert
Osborn
Osborne
Oscar
Osgood
Oshkosh
Osiris
Oslo
Ostrander
Oswald
Othello
Otis
Ott
Ottawa
Otto
Ottoman
Ottomanization
Ottomanizations
Ottomanize
Ottomanizes
Ouagadougou
Ovid
Owen
Owens
Oxford
Oxnard
Oxonian
Oz
Ozark
Ozarks
Ozzie
P
PARC
PASCAL
PBSData
PBServer
PDF
PHIGS
PHP
PHPBB
PMA
PRUEBA
PRUEBAS
Pablo
Pabst
Packard
Packards
Packwood
Paganini
Pages
Paine
Pakistan
Pakistani
Pakistanis
Palatine
Paleolithic
Paleozoic
Palermo
Palestine
Palestinian
Palladian
Palmolive
Palmyra
Palo
Palomar
Pam
Pamela
Panamanian
Pancho
Pandanus
Pandora
Pangaea
Paoli
Pappas
Papua
Paraguay
Paraguayan
Paraguayans
Paramus
Pareto
Paris
Parisian
Parisianization
Parisianizations
Parisianize
Parisianizes
Parke
Parkersburg
Parkhouse
Parkinson
Parkinsonian
Parks
Parmesan
Parr
Parrish
Parrs
Parsi
Parsifal
Parsons
Parthenon
Parthia
Pasadena
Pascal
Paso
Passaic
Passover
Pasternak
Pasteur
Patagonia
Patagonians
Paterson
Patrice
Patricia
Patrick
Patsies
Patsy
Patterson
Patti
Patton
Paul
Paula
Paulette
Pauli
Pauline
Pauling
Paulinize
Paulinizes
Paulo
Paulsen
Paulson
Paulus
Pavlov
Pavlovian
Pawtucket
Payne
Paynes
Paynize
Paynizes
Payson
Paz
Peabody
Peachtree
Peale
Pearce
Pearson
Pease
Pecos
Pedro
Pegasus
Peggy
Peiping
Peking
Pelham
Peloponnese
Pembroke
Pendleton
Penelope
Penh
Penn
Pennsylvania
Penrose
Pensacola
Pentateuch
Pentecost
People
Peoria
Pepsi
PepsiCo
Pepsico
Percival
Percy
Perez
Pergamon
Periclean
Pericles
Perilla
Perkins
Perle
Permian
Pernod
Perry
Perseid
Persephone
Perseus
Pershing
Persia
Persian
Persianization
Persianizations
Persianize
Persianizes
Persians
Perth
Peru
Peruvian
Peruvianize
Peruvianizes
Peruvians
Pete
Peter
Peters
Petersburg
Petersen
Peterson
Petkiewicz
Pettibone
Peugeot
Pewaukee
Pfizer
Phaedra
Phelps
Phil
Philadelphia
Philco
Philip
Philippe
Philippians
Philippine
Philippines
Philistine
Philistines
Philistinize
Philistinizes
Phillies
Phillip
Phillips
Philly
Phipps
Phobos
Phoenicia
Phyllis
Picasso
Piccadilly
Pickering
Pickett
Pickford
Pickman
Pict
Piedfort
Piedmont
Pierre
Pierson
Pilate
Pillsbury
Pinehurst
Pink
Pinsky
Piotr
Piper
Pipestone
Piraeus
Pisa
Piscataway
Pisces
Pitney
Pitt
Pittsburgh
Pittsburghers
Pittsfield
Pittston
Pius
Pizarro
Plainfield
Plainview
Planck
Plato
Platonism
Platonist
Platte
Platteville
Pleiades
Pleistocene
Plexiglas
Pliny
Pliocene
Plutarch
Pluto
Plymouth
Po
Pocahontas
Pocono
Poconos
Podunk
Poe
Poincare
Poindexter
Poisson
Poland
Polaris
Polaroid
Politburo
Polk
Pollard
Pollux
Polyhymnia
Polynesia
Polynesian
Polyphemus
Pomerania
Pomeranian
Pomona
Pompeii
Pompey
Ponce
Ponchartrain
Pontiac
Poole
Pope
Popek
Popeks
Popsicle
Popsicles
Porte
Portia
Portland
Porto
Portsmouth
Portugal
Portuguese
Poseidon
Posner
Potemkin
Potomac
Potsdam
Pottawatomie
Potts
Poughkeepsie
Poussin
Poussins
Powell
Powers
Poynting
Pradesh
Prado
Prague
Pratt
Prattville
Pravda
Precambrian
Prentice
Prenticed
Prenticing
Presbyterian
Presbyterianism
Presbyterianize
Presbyterianizes
Prescott
Presley
Press
Preston
Pretoria
Pretorian
Priam
Priestley
Princeton
Principia
Printers
Priscilla
Pritchard
Privacy
PrivacyPolicy
Procrustean
Procrusteanize
Procrusteanizes
Procrustes
Procter
Procyon
Products
ProgramFiles
Projects
Prokofieff
Prokofiev
Promethean
Prometheus
Proserpine
Protestantism
Protestantize
Protestantizes
Protista
Protophyta
Protozoa
Proust
Prova
Provas
Provence
Proxmire
Pruebas
Prussia
Prussian
Prussianization
Prussianizations
Prussianize
Prussianizer
Prussianizers
Prussianizes
Pteranodon
Pterodactyl
Ptolemaic
Ptolemaists
Ptolemy
Publications
Puccini
Puerto
Pugh
Pulaski
Pulitzer
Pullman
Pullmanize
Pullmanizes
Pullmans
Punic
Punjab
Punjabi
Purcell
Purdue
Purina
Puritan
Puritanize
Puritanizer
Puritanizers
Puritanizes
Pusan
Pusey
Putnam
Pygmalion
Pyle
Pyongyang
Pyotr
Pyrex
Pyrrhic
Pythagoras
Pythagorean
Pythagoreanize
Pythagoreanizes
Pythagoreans
Qatar
Quakeress
Quakerization
Quakerizations
Quakerize
Quakerizes
Quantico
Quasimodo
Quebec
Queensland
Quezon
Quichua
Quinn
Quirinal
Quito
Quixote
Quixotism
R
RCS
README
RISC
ROOT
RSS
Rabat
Rabin
Rachel
Rachmaninoff
Racine
Radcliffe
Rae
Rafael
Rafferty
Ragusan
Rakefile
Raleigh
Ralph
Ralston
Ramada
Raman
Ramirez
Ramo
Ramona
Ramsey
Rand
Randall
Randolph
Rangoon
Ranier
Rankin
Rankine
Raoul
Raphael
Rapunzel
Raritan
Rasmussen
Rastus
Ratfor
Raul
Rawlings
Rawlins
Rawlinson
Rawson
Rayburn
Rayleigh
Raymond
Raymondville
Raytheon
Readme
Reagan
RealMedia
Rebecca
Recife
Recycled
Red
Redford
Redhook
Redmond
Redstone
Reedville
Reese
Reeves
Regina
Reginald
Regis
Regulus
Reich
Reichenberg
Reichstag
Reid
Reilly
Reinhard
Reinhardt
Reinhold
Rembrandt
Remington
Remus
Remy
Rena
Renault
Renaults
Rene
Renee
Reno
Renoir
Rensselaer
Renville
Repository
Research
Resources
Reub
Reuben
Reuters
Reuther
Rex
Reykjavik
Reynolds
Rhea
Rheims
Rheinholdt
Rhenish
Rhine
Rhoda
Rhode
Rhodes
Rhodesia
Rica
Rican
Ricanism
Ricans
Richard
Richards
Richardson
Richey
Richfield
Richland
Richmond
Richter
Rick
Rickenbaugh
Rickettsia
Rico
Ridgefield
Ridgway
Riemann
Riemannian
Riga
Rigel
Riggs
Riley
Rilke
Rinehart
Rio
Riordan
Ripley
Ritchie
Ritter
Ritz
Riverview
Riviera
Riyadh
Robbie
Robbin
Robbins
Robert
Roberta
Roberto
Roberts
Robertson
Robertsons
Robinson
Robinsonville
Rocco
Rochester
Rochford
Rockaway
Rockaways
Rockefeller
Rockford
Rockies
Rockland
Rockville
Rockwell
Rodgers
Rodney
Rodriguez
Roentgen
Roger
Rogers
Roland
Rollie
Rollins
Roman
Romanesque
Romania
Romanizations
Romanizer
Romanizers
Romanizes
Romano
Romans
Rome
Romeldale
Romeo
Romulus
Ron
Ronald
Ronnie
Rooney
Roosevelt
Rooseveltian
Root
Roquemore
Rorschach
Rosa
Rosabelle
Rosalie
Rose
Roseland
Rosella
Rosen
Rosenberg
Rosenblum
Rosenthal
Rosenzweig
Rosetta
Rosie
Ross
Rossi
Roswell
Rotarian
Rotarians
Roth
Rothschild
Rotterdam
Rourke
Rousseau
Rowe
Rowena
Rowland
Rowley
Roxbury
Roxy
Roy
Royce
Rozelle
Rpc
Ruanda
Rubaiyat
Rube
Ruben
Rubens
Rubin
Rudolf
Rudolph
Rudy
Rudyard
Rufus
Rumania
Rumanian
Rumanians
Rumford
Rummel
Runge
Runnymede
Runyon
Ruppert
Rushmore
Russ
Russell
Russia
Russian
Russianizations
Russianizes
Russians
Russo
Rutgers
Ruth
Rutherford
Rutland
Rutledge
Rwanda
Ryan
Rydberg
Ryder
S
S3
SERVER-INF
SIGGRAPH
SIMULA
SOAPMonitor
SPARC
SPARCstation
SQL
SUNWmc
Sabbathize
Sabbathizes
Sabina
Sabine
Sachs
Sacramento
Sadie
Sadler
Saginaw
Sagittarius
Sahara
Saigon
Sal
Salaam
Salem
Salerno
Salesian
Salina
Salisbury
Salish
Salk
Salle
Sally
Salton
Salvador
Salvadoran
Salvatore
Salz
Sam
Samaritan
Sammy
Samoa
Samoan
Sampson
Samson
Samuel
Samuels
Samuelson
San
Sana
Sanborn
Sanchez
Sancho
Sandburg
Sanderling
Sanders
Sanderson
Sandia
Sandra
Sandusky
Sanford
Sanhedrin
Sanskrit
Sanskritic
Sanskritize
Santa
Santayana
Santiago
Santo
Sao
Sappho
Sara
Saracen
Saracens
Sarah
Saran
Sarasota
Saratoga
Sardinia
Sargent
Sartre
Saskatchewan
Saskatoon
Satan
Satanism
Satanist
Saturday
Saturdays
Saturn
Saturnalia
Saturnism
Saud
Saudi
Saukville
Saul
Sault
Saunders
Savannah
Saviour
Savonarola
Savoy
Savoyard
Savoyards
Saxon
Saxonization
Saxonizations
Saxonize
Saxonizes
Saxons
Saxony
Saxton
Scala
Scandinavia
Scandinavian
Scandinavians
Scarborough
Scarlatti
Scarsdale
Schaefer
Schaeffer
Schafer
Schaffner
Schantz
Schapiro
Scheherazade
Schelling
Schiller
Schlesinger
Schlitz
Schloss
Schmidt
Schmitt
Schnabel
Schneider
Schoenberg
Schofield
Schopenhauer
Schottky
Schroeder
Schroedinger
Schubert
Schultz
Schulz
Schumacher
Schuman
Schumann
Schuster
Schuyler
Schuylkill
Schwab
Schwartz
Schweitzer
Scorpio
Scot
Scotchgard
Scotchman
Scotia
Scotian
Scotland
Scots
Scotsman
Scotsmen
Scott
Scottish
Scottsdale
Scotty
Scranton
Scribners
Scripps
Scripts
Scrooge
Scylla
Scythia
Seaborg
Seabrook
Seagate
Seagram
Sean
Seaquarium
Search
Sears
Seattle
Sebastian
Security
Sedgwick
Seeley
Segovia
Segundo
Seidel
Selectric
Selena
Selfridge
Selkirk
Selma
Selwyn
Seminole
Semiramis
Semite
Semitic
Semiticize
Semiticizes
Semitization
Semitizations
Semitize
Semitizes
Seneca
Senegal
Seoul
Sepoy
September
Septembers
Sequoia
Serafin
Serbia
Serbian
Serbians
Serbo-
Sergei
Serpens
Serra
Server
ServerAdministrator
Services
Servlet
Servlets
Seth
Severn
Seville
Seward
Sextans
Seychelles
Seymour
Shafer
Shaffer
Shakespeare
Shakespearean
Shakespearian
Shakespearize
Shakespearizes
Shanghai
Shanghaied
Shanghaiing
Shanghaiings
Shanghais
Shannon
Shantung
Shapiro
Shari
Sharon
Sharpe
Shasta
Shattuck
Shawano
Shawnee
Shea
Shearer
Sheboygan
Shedir
Sheehan
Sheffield
Sheila
Shelby
Sheldon
Shelley
Shelton
Shenandoah
Shepard
Sheppard
Sheraton
Sheridan
Sherlock
Sherman
Sherrill
Sherwin
Sherwood
Shields
Shiite
Shiites
Shillong
Shiloh
Shinto
Shintoism
Shintoize
Shintoizes
Shipley
Shirley
Shiva
Shmuel
Shockley
Shoji
Shorewood
Shoshone
Shreveport
Shu
Shulman
Shylock
Shylockian
Siam
Siamese
Sian
Siberia
Siberian
Sibley
Sicilian
Siciliana
Sicilians
Sicily
Sidney
Siegel
Siegfried
Sieglinda
Siegmund
Siemens
Siena
Sifford
Sigmund
Sikh
Sikhes
Sikhs
Sikkim
Sikkimese
Sikorsky
Silas
Silkine
Silver
Silverman
Silverstein
Simla
Simmons
Simmonsville
Simms
Simon
Simons
Simonson
Simpson
Sims
Simula
Sinai
Sinatra
Sinbad
Sinclair
Singapore
Singborg
Sino-
Sioux
Sirius
Sistine
Sisyphean
Sisyphus
SiteMap
SiteScope
SiteServer
Sites
Siva
Skippy
Skopje
Skye
Slav
Slavic
Slavicize
Slavicizes
Slavization
Slavizations
Slavize
Slavizes
Slavonic
Slavonicize
Slavonicizes
Slavs
Slesinger
Sloan
Sloane
Slocum
Slovakia
Slovenia
Smalley
Smallwood
Smithfield
Smithson
Smithsonian
Smithtown
Smucker
Smyrna
Smythe
Snead
Sneed
Snider
Snodgrass
Snowbelt
Snyder
Socrates
Socratic
Soddy
Sofia
Software
Sol
Solly
Solomon
Solon
Soloviev
Somali
Somalia
Somalis
Somers
Somerset
Somerville
Sommerfeld
Sonenberg
Sonoma
Sonora
Sony
Sophia
Sophias
Sophie
Sophoclean
Sophocles
Sorensen
Sorenson
Sorrentine
Sources
Sousa
Southampton
Southernwood
Southey
Southfield
Spacewar
Spafford
Spahn
Spain
Spalding
Spaniard
Spaniardization
Spaniardizations
Spaniardize
Spaniardizes
Spaniards
Spanish
Spanishize
Spanishizes
Sparkman
Sparta
Spartan
Spartanize
Spartanizes
Spaulding
Speakerphone
Speakerphones
Spector
Spencer
Spencerian
Spenglerian
Sperry
Spica
Spiegel
Spiro
Spitz
Spokane
Sports
Sposato
Sprague
Springfield
Sproul
Spuds
Spy
Squaresville
Squibb
Sri
Stacy
Stafford
Staffordshire
Stahl
Staley
Stalin
Stalinist
Stalins
Stamford
Stan
Standish
Stanford
Stanhope
Stanley
Stans
Stanton
Stapleton
Stargate
Starkey
Starr
Starter
Staten
Statistics
Statler
Stats
Stauffer
Staunton
Stearns
Steele
Steen
Stefan
Stegosaurus
Steinbeck
Steinberg
Steiner
Stella
Stendhal
Stendler
Stephan
Stephanie
Stephen
Stephens
Stephenson
Sternberg
Sterno
Stetson
Stetsons
Steuben
Steve
Steven
Stevens
Stevenson
Stevie
Stewart
Stillwell
Stimson
Stirling
Stockholm
Stockton
Stokes
Stone
Stonehenge
Storey
Storeyed
Storeys
Stouffer
Stowe
Strasbourg
Stratford
Stratton
Strauss
Stravinsky
Strickland
Strindberg
Strom
Stromberg
Strongheart
Stu
Stuart
Stubblefield
Stubblefields
Studebaker
Sturbridge
Sturm
Stuttgart
Stuyvesant
Stygian
Styrofoam
Styx
Sudan
Sudanese
Sudanic
Suez
Suffolk
Sukarno
Sullivan
Sulzberger
Sumatra
Sumeria
Sumerian
Summer
Summerdale
Summers
Sumner
Sumter
Sunbelt
Sunday
Sundays
Sunnyvale
Super-Admin
Support
Sus
Susan
Susanne
Susie
Susquehanna
Sussex
Sutherland
Sutton
Suwanee
Suzanne
Suzuki
Svetlana
Swahili
Swansea
Swanson
Swarthmore
Swarthout
Swartz
Swaziland
Swede
Sweden
Swedes
Swedish
Sweeney
Sweeneys
Swenson
Swinburne
Swink
Switzer
Switzerland
Sybil
Sydney
Sykes
Sylow
Sylvania
Sylvester
Sylvia
Sylvie
Symington
Synge
Syracuse
Syria
Syrian
Syrianize
Syrianizes
Syrians
SysAdmin
SysAdmin2
Szilard
T
TELNET
TEMP
TENEX
TEST
TESTS
TMP
TODO
Tacitus
Tacoma
Taft
Tahiti
Tahoe
Taipei
Taiwan
Taiwanese
Talladega
Tallahassee
Tallahatchie
Tallahoosa
Tallchief
Talleyrand
Talmud
Talmudism
Talmudization
Talmudizations
Talmudize
Talmudizes
Tamil
Tammany
Tammanyize
Tammanyizes
Tampa
Tanaka
Tananarive
Tanganyika
Tannenbaum
Tantalus
Tanya
Tanzania
Taoism
Taoist
Taos
Tara
Tarbell
Tarrytown
Tartary
Tartuffe
Tarzan
Tasmania
Tass
Tate
Taurus
Tawney
Taylor
Taylorize
Taylorizes
Taylors
Tchaikovsky
TeX
Technion
Technology
Ted
Teddy
Teflon
Tegucigalpa
Teheran
Tehran
Tektronix
Teledyne
Telefunken
Telemann
Teletex
Teletext
Telex
Telnet
Templeman
Templeton
Tenex
Tenneco
Tennessee
Tenney
Tennyson
Teresa
Terpsichore
Terra
Terran
Terre
Tess
Tessie
Test
Tests
Teutonic
Tex
Texaco
Texan
Texans
Texas
Texases
Textron
Thai
Thailand
Thales
Thalia
Thames
Thayer
Thea
Thebes
Thelma
Themes
Theodore
Theodosian
Theodosius
Theresa
Thermofax
Theseus
Thessalonian
Thessaly
Thetis
Thiensville
Thimbu
Thomas
Thomistic
Thompson
Thomson
Thor
Thoreau
Thornburg
Thornton
Thorpe
Thorstein
Thrace
Thracian
Throneberry
Thuban
Thule
Thumbs
Thurber
Thurman
Thursday
Thursdays
Tiber
Tibet
Tibetan
Tiburon
Ticonderoga
Tieck
Tientsin
Tiffany
Tigris
Tijuana
Tillich
Tillie
Tim
Timex
Timmy
Timon
Timonize
Timonizes
Tims
Tina
Tinseltown
Tioga
Tippecanoe
Tipperary
Tirana
Titan
Tito
Titus
Tobago
Toby
Todd
Togo
Tokyo
Toland
Toledo
Tolley
Tolstoy
Tom
Tombigbee
Tomlinson
Tommie
Tompkins
Toni
Tonio
Toomey
Topeka
Topsy
Torah
Tories
Toronto
Torquemada
Torrance
Tory
Toryize
Toryizes
Tosca
Toscanini
Toshiba
Toto
Toulouse
Townley
Townsend
Towsley
Toynbee
Toyota
Tractarians
Tracy
Transite
Transputer
Transvaal
Transylvania
Trastevere
Travel
Travis
Treadwell
Trenton
Trevelyan
Triangulum
Trianon
Triassic
Triceratops
Trichinella
Trimble
Trinidad
Triplett
Tristan
Trobriand
Trojan
Tropez
Trotsky
Troutman
Troy
Truckee
Trudeau
Trudy
Trujillo
Truk
Truman
Trumbull
Tsunematsu
Tucker
Tucson
Tudor
Tuesday
Tuesdays
Tulane
Tulsa
Tunis
Tunisia
Tunisian
Turin
Turing
Turkish
Turkize
Turkizes
Tuscaloosa
Tuscan
Tuscanize
Tuscanizes
Tuscany
Tuscarora
Tuskegee
Tutankhamen
Tutankhamon
Tutankhamun
Tutenkhamon
Tuttle
Twombly
Tyburn
Tyler
Tylerize
Tylerizes
Tyndall
Typhon
Tyrannosaurus
Tyson
Tzeltal
U
ULTRIX
UNESCO
UNIX
US
Udall
Uganda
Ukraine
Ukrainian
Ukrainians
Ulan
Ullman
Ulster
Ultrix
Ulysses
UniPlus
UniSoft
Unibus
Uniroyal
Unitarian
Unitarianize
Unitarianizes
Unitarians
Univac
Unix
Upton
Urania
Uranus
Urbana
Urdu
Uri
Uris
Urquhart
Ursa
Ursula
Ursuline
Uruguay
Uruguay'a
Uruguayan
Uruguayans
Usenet
Usenix
UserFiles
UserLogin
Utah
Utica
Utilities
Utopianize
Utopianizes
Utrecht
Uzi
V
VAX
VAXes
VLAN
Vaduz
Vail
Valenfind
Valerie
Valery
Valhalla
Valkyrie
Valletta
Valois
Valparaiso
Vance
Vancement
Vancouver
Vandenberg
Vanderbilt
Vanderburgh
Vanderpoel
Vanessa
Varian
Varitype
Varityping
Vasquez
Vassar
Vatican
Vaticanization
Vaticanizations
Vaticanize
Vaticanizes
Vaudois
Vaughan
Vaughn
Veda
Vega
Veganism
Vegas
Vela
Velasquez
Vella
Velociraptor
Venetian
Veneto
Venezuela
Venezuelan
Venice
Venn
Ventura
Venus
Venusian
Venusians
Vera
Verde
Verderer
Verdi
Vergil
Verlag
Vermont
Vern
Verna
Verne
Vernon
Verona
Veronica
Versailles
Versatec
Vesuvius
Vic
Vichy
Vickers
Vicksburg
Vicky
Victoria
Victorian
Victorianize
Victorianizes
Victorians
Victrola
Vida
Vidal
Video
Videotex
Vienna
Viennese
Vientiane
Viet
Vietnam
Vietnamese
Viking
Vikings
Vikram
Vince
Vincent
Vinci
Vinson
Violet
Virgil
Virginia
Virginian
Virginians
Virgo
Vishnu
Visigoth
Visigoths
Vito
Vitus
Vivaldi
Vivian
Vladimir
Vladivostok
Vogel
Volkswagen
Volkswagens
Volstead
Volta
Voltaire
Volterra
Volvo
Voss
Vought
Vreeland
Vulcan
Vulcanism
W
W3SVC
W3SVC1
W3SVC2
W3SVC3
WAN
WEB-INF
WS_FTP
Waals
Wabash
Wacke
Waco
Wadsworth
Wagner
Wagnerian
Wagnerize
Wagnerizes
Wahl
Wainwright
Waite
Wakefield
Walbridge
Walcott
Walden
Waldensian
Waldo
Waldorf
Waldron
Walford
Walgreen
Wallace
Wallenstein
Waller
Wallis
Walls
Walpole
Walsh
Walt
Walter
Walters
Waltham
Walton
Walworth
Wang
Wansee
Wansley
Wapato
Wappinger
Warburton
Warfield
Waring
Warnock
Warsaw
Warwick
Washburn
Washington
Washoe
Wasserman
Watanabe
Waterbury
Watergate
Waterhouse
Waterloo
Waterman
Waters
Watertown
Watkins
Watson
Wattenberg
Watterson
Watts
Waukesha
Waunona
Waupaca
Waupun
Wausau
Wauwatosa
Waveland
Wayne
Waynesboro
Weatherford
WebAdmin
WebMgmt
Webb
Webber
Webster
Websterville
Wednesday
Wednesdays
Weeks
Wehr
Wei
Weibull
Weider
Weidman
Weierstrass
Weinberg
Weiner
Weinstein
Weisenheimer
Weiss
Weissman
Weissmuller
Welch
Welcher
Welches
Weldon
Weldwood
Weller
Welles
Wellesley
Wellington
Wellman
Wells
Wellsville
Welmers
Welton
Wendell
Wendy
Wentworth
Werner
Werther
Wesley
Wesleyan
Wesson
Westbrook
Westchester
Westfield
Westhampton
Westinghouse
Westminster
Westmore
Weston
Westphalia
Westport
Westwood
Weyerhauser
Whalen
Wharton
Whatley
Wheatland
Wheaton
Wheatstone
Wheelock
Whelan
Wheller
Whippany
Whipple
Whitaker
Whitcomb
White
Whitehall
Whitehorse
Whiteleaf
Whiteley
Whitewater
Whitfield
Whitlock
Whitman
Whitmanize
Whitmanizes
Whitney
Whittaker
Whittier
Wichita
Wieland
Wier
Wiggins
Wightman
Wilbur
Wilcox
Wiley
Wilfred
Wilhelm
Wilhelmina
Wilkes
Wilkie
Wilkins
Wilkinson
Willa
Willamette
Willard
Willcox
Willem
William
Williams
Williamsburg
Williamson
Willie
Willied
Willies
Willis
Willisson
Willoughby
Wills
Willy
Wilma
Wilmette
Wilmington
Wilshire
Wilson
Wilsonian
Wiltshire
Winchell
Winchester
Windows
Windsor
Winehead
Winfield
Winifred
Winnebago
Winnetka
Winnie
Winnipeg
Winnipesaukee
Winograd
Winooski
Winsborough
Winsett
Winslow
Winston
Winters
Winthrop
Wisconsin
Wisenheimer
Witherspoon
Witt
Wittgenstein
Wolcott
Wolfe
Wolff
Wolfgang
Wolverton
Wong
Woodard
Woodberry
Woodbury
Woodlawn
Woodrow
Woods
Woodstock
Woodward
Woodwards
Woolworth
Woonsocket
Wooster
Worcester
Worcestershire
Wordsworth
Worthington
Wotan
Wrigley
Wronskian
Wu
Wuhan
Wyandotte
Wyatt
Wyeth
Wylie
Wyman
Wyner
Wynn
Wyoming
X
XML
XXX
Xanthus
Xavier
Xebec
Xenakis
Xenia
Xenix
Xerox
Xeroxed
Xeroxes
Xeroxing
Xerxes
Xhosa
Yagi
Yakima
Yale
Yalies
Yalta
Yamaha
Yankee
Yankees
Yankton
Yaounde
Yaqui
Yarmouth
Yates
Yaunde
Yeager
Yeats
Yellow
Yellowknife
Yellowstone
Yemen
Yentl
Yerkes
Yiddish
Yoder
Yoknapatawpha
Yokohama
Yokuts
Yonkers
Yorick
York
Yorker
Yorkers
Yorkshire
Yorktown
Yosemite
Yost
Youngstown
Ypsilanti
Yuba
Yucatan
Yugoslav
Yugoslavia
Yugoslavian
Yugoslavians
Yuh
Yuki
Yukon
Yuri
Yves
Yvette
Z
Zachary
Zagreb
Zaire
Zambia
Zan
Zanzibar
Zealand
Zeffirelli
Zeiss
Zellerbach
Zen
Zennist
Zeus
Ziegfeld
Ziegfelds
Ziegler
Ziggy
Zimmerman
Zion
Zionism
Zionist
Zionists
Zions
Zoe
Zomba
Zorn
Zoroaster
Zoroastrian
Zulu
Zulus
Zurich
[
]
_next
_private
_vti_bin
_vti_conf
_vti_log
_vti_pvt
_vti_script
_vti_txt
a
a-blog
a-propos
a-search
a-squared
a-suivre
a-v
a-z
a1
a12345
a1b2c3
a1b2c3d4
a2
a3
a4
a4j
a5
a6
a7
a_z
aa
aaa
aaa-config
aaaa
aaaaa
aaaaaa
aaahawaii
aaaloginrequest
aaanewmexico
aaapremier
aaasc
aaasocalifornia
aaatexas
aab
aac
aad
aae
aaf
aag
aah
aai
aaiportal
aaj
aak
aal
aam
aamall
aamb1
aamb10
aamb11
aamb12
aamb2
aamb3
aamb4
aamb5
aamb6
aamb7
aamb8
aamb9
aan
aanbieder
aanbiedingen
aanmelden
aao
aap
aaq
aar
aardvark
aaron
aarp
aarpmember
aas
aase
aat
aatest
aau
aav
aaw
aax
aay
aaz
ab
aba
aback
abaft
abajo
abandon
abandoned
abandoning
abandonment
abandons
abarcar
abase
abased
abasement
abasements
abases
abash
abashed
abashes
abashing
abasing
abate
abated
abatement
abatements
abater
abates
abating
abb
abbe
abbey
abbeys
abbot
abbots
abbreviate
abbreviated
abbreviates
abbreviating
abbreviation
abbreviations
abby
abc
abc123
abc2mtex
abc2ps
abcd
abcd1234
abcde
abcdef
abcdefg
abcmidi
abcpp
abctab2ps
abczone
abd
abdomen
abdomens
abdominal
abduct
abducted
abduction
abductions
abductor
abductors
abducts
abe
abed
abep
aberrant
aberration
aberrations
abet
abets
abetted
abetter
abetting
abeyance
abf
abfall
abg
abh
abhor
abhorred
abhorrent
abhorrer
abhorring
abhors
abi
abide
abided
abides
abiding
abigail
abilities
ability
abisoft
abisource
abj
abject
abjection
abjections
abjectly
abjectness
abjure
abjured
abjures
abjuring
abk
abl
ablage
ablate
ablated
ablates
ablating
ablation
ablative
ablaze
able
abledesign
abler
ablest
ably
abm
abn
abnormal
abnormalities
abnormality
abnormally
abo
aboard
abode
abodes
abolish
abolished
abolisher
abolishers
abolishes
abolishing
abolishment
abolishments
abolition
abolitionist
abolitionists
abominable
abominate
abonnement
abonnes
aboriginal
aborigine
aborigines
aborior
abort
aborted
aborting
abortion
abortions
abortive
abortively
aborts
abound
abounded
abounding
abounds
about
about-2
about-me
about-us
aboutUs
about_us
abouthotel
aboutus
above
aboveboard
aboveground
abovementioned
abp
abq
abr
abrade
abraded
abrades
abrading
abrasion
abrasions
abrasive
abreaction
abreactions
abreast
abridge
abridged
abridges
abridging
abridgment
abroad
abrogate
abrogated
abrogates
abrogating
abrt
abrupt
abruptly
abruptness
abruzzo
abs
abscess
abscessed
abscesses
abscissa
abscissas
abscond
absconded
absconding
absconds
absence
absences
absent
absented
absentee
absenteeism
absentees
absentia
absenting
absently
absentminded
absents
absinthe
absolut
absolute
absolutebm
absolutebmxe
absolutecr
absolutefp
absolutels
absolutely
absoluteness
absolutenl
absolutenm
absolutepm
absolutes
absolution
absolve
absolved
absolves
absolving
absorb
absorbed
absorbency
absorbent
absorber
absorbing
absorbs
absorption
absorptions
absorptive
abstain
abstained
abstainer
abstaining
abstains
abstention
abstentions
abstinence
abstract
abstracted
abstracting
abstraction
abstractionism
abstractionist
abstractions
abstractly
abstractness
abstractor
abstractors
abstracts
abstruse
abstruseness
absurd
absurdities
absurdity
absurdly
abt
abu
abudahab
abundance
abundant
abundantly
abuse
abuse-sdl
abuse_reports
abused
abuses
abusing
abusive
abut
abutment
abuts
abutted
abutter
abutters
abutting
abv
abw
abx
aby
abysmal
abysmally
abyss
abysses
abz
ac
aca
acacia
acad
academ
academia
academic
academicaffairs
academically
academics
academies
academy
acal
acatalog
acb
acc
acc_search
accede
acceded
accedes
accelerate
accelerated
accelerates
accelerating
acceleration
accelerations
accelerator
accelerators
accelerometer
accelerometers
accent
accented
accenting
accents
accentual
accentuate
accentuated
accentuates
accentuating
accentuation
accept
acceptability
acceptable
acceptably
acceptance
acceptances
accepted
accepter
accepters
accepting
acceptor
acceptors
accepts
acces
acceso
access
access-denied
access-log
access-logs
access-remote-pc
access.1
access_db
access_log
access_log.1
access_logs
access_stats
access_user
accessdata
accessed
accesses
accessgranted
accessi
accessibility
accessible
accessibly
accessing
accession
accessions
accesslog
accesslogs
accessoires
accessori
accessories
accessors
accessory
accesswatch
accident
accidental
accidentally
accidently
accidents
acciones
accipiter
acclaim
acclaimed
acclaiming
acclaims
acclamation
acclimate
acclimated
acclimates
acclimating
acclimatization
acclimatized
accolade
accolades
accommodate
accommodated
accommodates
accommodating
accommodation
accommodations
accompanied
accompanies
accompaniment
accompaniments
accompanist
accompanists
accompany
accompanying
accomplice
accomplices
accomplish
accomplished
accomplisher
accomplishers
accomplishes
accomplishing
accomplishment
accomplishments
accord
accordance
accorded
accordent
accorder
accorders
according
accordingly
accordion
accordions
accords
accost
accosted
accosting
accosts
account
account-show
account_
account_edit
account_history
account_password
accountability
accountable
accountably
accountancy
accountant
accountants
accounted
accounting
accounts
accountsettings
accredit
accreditation
accreditations
accredited
accretion
accretions
accrue
accrued
accrues
accruing
acct
acct_login
accueil
acculturate
acculturated
acculturates
acculturating
acculturation
accumulate
accumulated
accumulates
accumulating
accumulation
accumulations
accumulator
accumulators
accuracies
accuracy
accurate
accurately
accurateness
accursed
accusal
accusation
accusations
accusative
accuse
accused
accuser
accuses
accusing
accusingly
accustom
accustomed
accustoming
accustoms
acd
acdsee
ace
aceboard
acerca-de
aces
acesso
acetate
acetone
acetylene
acf
acfreeproxy
acftp
acg
acgv
ach
achat
ache
ached
aches
acheter
achieva
achievable
achieve
achieved
achievement
achievements
achiever
achievers
achieves
achieving
achievo
aching
achitecture
achive
aci
acid
acidcat
acidic
acidities
acidity
acidly
acids
acidulous
acj
ack
acknowledge
acknowledgeable
acknowledged
acknowledgement
acknowledgements
acknowledger
acknowledgers
acknowledges
acknowledging
acknowledgment
acknowledgments
acl
acl_users
aclk
aclogic
acm
acme
acms
acn
acne
acnews
aco
acolyte
acolytes
acorn
acorns
acoustic
acoustical
acoustically
acoustician
acoustics
acp
acpid
acq
acquaint
acquaintance
acquaintances
acquainted
acquainting
acquaints
acquiesce
acquiesced
acquiescence
acquiescent
acquiesces
acquiescing
acquirable
acquire
acquired
acquires
acquiring
acquisition
acquisitions
acquisitive
acquisitiveness
acquit
acquits
acquittal
acquitted
acquitter
acquitting
acr
acrabit
acre
acreage
acres
acrid
acrimonious
acrimony
acrobat
acrobatic
acrobatics
acrobats
acronym
acronyms
acropolis
across
acrowave
acrylic
acs
acs-admin
acs-lang
act
acted
actie
acties
actindo
acting
actinic
actinium
actinometer
actinometers
action
action-popup
actionapps
actionfiles
actionpoll
actions
actions_admin
actions_client
activate
activate-sim
activate-user
activated
activates
activating
activation
activations
activator
activators
activcard
active
active6
activeCollab
activecampaign
activedit
actively
activepost
activestate
activeusers
activex
actividad
actividades
activision
activism
activist
activists
activitats
activities
activity
actor
actors
actpicid
actress
actresses
actu
actual
actualidad
actualite
actualites
actualities
actuality
actualiza
actualization
actually
actuals
actualscripts
actuarial
actuarially
actuate
actuated
actuates
actuating
actuator
actuators
acu
acuity
acuma
acumen
acunetix
acura
acushop
acute
acutely
acuteness
acv
acw
acweb
acx
acy
acyclic
acyclically
acz
ad
ad-groups
ad1
ad2
ad3
ad_banners
ad_images
ad_js
ad_manager
ad_server
ad_tags
ada
adadmin
adage
adages
adagio
adagios
adalis
adam
adamant
adamantly
adapt
adaptability
adaptable
adaptation
adaptations
adapted
adapter
adapters
adapting
adaptive
adaptively
adaptor
adaptors
adapts
adat
adauga-wishlist
adb
adbanner
adbanners
adbox
adbuys
adc
adcenter
adclick
adcode
adcodes
adcycle
add
add-a-review
add-business
add-ons
add-to-cart
add2cart
add2it
add_cart
add_listing
add_opinion
add_post
add_tag
add_to_cart
adda
added
addend
addenda
addendum
adder
adders
addfav
addfriend
addict
addicted
addicting
addiction
addictions
addicts
adding
addition
additional
additionalAuthSettings
additionally
additions
additive
additives
additivity
addlink
addmin
addmsg
addnews
addnewuser
addon
addon-modules
addons
addpost
addreply
address
address_book
addressability
addressable
addressbook
addressbookform
addressed
addressee
addressees
addresser
addressers
addresses
addressing
addreview
adds
addsearch
addsoft
addto
addtocart
addtocart_
addtocompare
addtofavorites
addtoyoursite
adduce
adduced
adduces
adducible
adducing
adduct
adducted
adducting
adduction
adductor
adducts
addurl
ade
adelix
ademco
adept
adequacies
adequacy
adequate
adequately
adersoftware
ades
adf
adfile
adg
adh
adhd
adhere
adhered
adherence
adherent
adherents
adherer
adherers
adheres
adhering
adhesion
adhesions
adhesive
adhesives
adhoc
adi
adiabatic
adiabatically
adidas
adieu
adimages
adimg
adiscon
adj
adjacency
adjacent
adjective
adjectives
adjgiftreg
adjoin
adjoined
adjoining
adjoins
adjourn
adjourned
adjourning
adjournment
adjourns
adjs
adjudge
adjudged
adjudges
adjudging
adjudicate
adjudicated
adjudicates
adjudicating
adjudication
adjudications
adjunct
adjuncts
adjuntos
adjure
adjured
adjures
adjuring
adjust
adjustable
adjustably
adjusted
adjuster
adjusters
adjusting
adjustment
adjustments
adjustor
adjustors
adjusts
adjutant
adjutants
adk
adkportal
adl
adler-mannheim
adlib
adlink
adlinks
adlog
adlogger
adlogs
adm
adm1n
adm2
adm_auth
adm_cp
adm_mgmt
adm_panel
adm_sec
adman
admanagement
admanager
admbtik
admcp
admentor
admi
admin
admin-admin
admin-console
admin-interface
admin-login
admin-old
admin-panel
admin-pk
admin-sys
admin00
admin1
admin12
admin123
admin2
admin2009
admin3
admin4
admin4_account
admin4_colon
admin5
admin888
adminLogin
admin_
admin_101
admin_area
admin_banner
admin_c
admin_cms
admin_common
admin_cp
admin_custom
admin_file
admin_files
admin_images
admin_index
admin_interface
admin_login
admin_logon
admin_media
admin_menu
admin_navigation
admin_new
admin_news
admin_old
admin_panel
admin_scripts
admin_sec
admin_security
admin_site
admin_templates
admin_test
admin_tool
admin_tools
admin_user
admin_users
admin_web
admina
adminarea
adminbereich
admincenter
adminclient
admincms
admincontrol
admincp
admincpanel
admindemo
adminer
adminfiles
adminforum
admingetad
admingroup
adminhelp
admini
adminis
administer
administered
administering
administerings
administers
administr8
administra
administrable
administracao
administrace
administracija
administracio
administracion
administracja
administrador
administrare
administrasjon
administrat
administrate
administratie
administration
administrations
administrative
administratively
administrator
administratoraccounts
administratorlogin
administrators
administrivia
adminka
adminlinks
adminlog
adminlogin
adminlogon
adminlogs
adminm
adminmaster
adminn
adminnorthface
adminold
adminonline
adminonly
adminp
adminpages
adminpanel
adminpp
adminpro
admins
adminscripts
adminsessions
adminsite
adminsitradores
adminsql
adminstaff
admintemplates
admintool
admintools
adminuser
adminv2
adminweb
adminws
adminwww
adminx
adminz
adminzone
admirable
admirably
admiral
admirals
admiralty
admiration
admirations
admire
admired
admirer
admirers
admires
admiring
admiringly
admissibility
admissible
admission
admissions
admissions2
admit
admits
admittance
admitted
admittedly
admitter
admitters
admitting
admix
admixed
admixes
admixture
admloginuser
admmgmt
admn
admon
admonish
admonished
admonishes
admonishing
admonishment
admonishments
admonition
admonitions
adn
adnet
adnetwork
ado
adobe
adodb
adodb5
adolescence
adolescent
adolescents
adops
adopt
adopted
adopter
adopters
adopting
adoption
adoptions
adoptive
adopts
adorable
adoration
adore
adored
adores
adorn
adorned
adornment
adornments
adorns
adp
adpeeps
adpics
adpilot
adplug
adq
adr
adrefresh
adrenal
adrenaline
adresar
adresbook
adress
adressen
adresses
adrian
adrianna
adrift
adroit
adroitness
adrotator
ads
ads1
ads2
ads_images
ads_new
ads_old
adsales
adsbot-google
adsense
adserv
adserve
adserver
adserver-new
adserver2
adsite-under
adsl
adsnew
adsorb
adsorbed
adsorbing
adsorbs
adsorption
adspy
adsrv
adsubtract
adsys
adsystem
adt
adtest
adtop
adtrack
adtrackz
adtran
adu
adulate
adulating
adulation
adult
adulterate
adulterated
adulterates
adulterating
adulterer
adulterers
adulterous
adulterously
adultery
adulthood
adults
adumbrate
adumbrated
adumbrates
adumbrating
adumbration
aduploads_in
aduploads_out
adv
adv_counter
adv_images
advance
advanced
advanced-search
advanced_search
advancedpoll
advancedreviews
advancedsearch
advancement
advancements
advances
advancing
advantage
advantaged
advantageous
advantageously
advantages
advent
adventia
adventist
adventists
adventitious
adventnet
adventskalender
adventure
adventure_island
adventured
adventurer
adventurers
adventures
adventuring
adventurous
adver
adverb
adverbial
adverbs
adversaries
adversary
adverse
adversely
adversities
adversity
advert
advertenties
adverteren
advertise
advertised
advertisement
advertisements
advertiser
advertisers
advertises
advertising
advertpro
adverts
advhtml_images
advhtml_popups
advhtml_upload
advice
advices
adview
advil
advisability
advisable
advisably
advise
advised
advisedly
advisee
advisees
advisement
advisements
adviser
advisers
advises
advising
advisor
advisories
advisors
advisory
advocacy
advocate
advocated
advocates
advocating
advs
advscripts
advt
advwebadmin
adw
adware
adwatcher
adwords
adwordsresellers
adx
adxnfc
ady
adz
adzapper
ae
aea
aeb
aec
aed
aee
aef
aeg
aegis
aeh
aei
aej
aek
ael
aelbrecht
aelita
aem
aen
aenovo
aenovoshop
aeo
aep
aeq
aer
aerate
aerated
aerates
aerating
aeration
aerator
aerators
aerial
aerials
aero
aeroacoustic
aerobic
aerobics
aerodynamic
aerodynamics
aeromail
aeronautic
aeronautical
aeronautics
aerosol
aerosolize
aerosols
aerospace
aes
aestatement
aesthetic
aesthetically
aesthetics
aestiva
aet
aeu
aev
aew
aewebworks
aex
aey
aez
af
afa
afar
afb
afbeeldingen
afc
afd
afe
afegir
aff
affable
affair
affairs
affcommerce
affect
affectation
affectations
affected
affecting
affectingly
affection
affectionate
affectionately
affections
affective
affects
afferent
affianced
affichage
affiche
affidavit
affidavits
affil
affiliate
affiliate_info
affiliate_terms
affiliated
affiliateimages
affiliatelogin
affiliates
affiliatewiz
affiliati
affiliating
affiliation
affiliations
affilinet
affinities
affinity
affirm
affirmation
affirmations
affirmative
affirmatively
affirmed
affirming
affirms
affix
affixed
affixes
affixing
afflict
afflicted
afflicting
affliction
afflictions
afflictive
afflicts
affluence
affluent
afford
affordable
afforded
affording
affords
affricate
affricates
affright
affront
affronted
affronting
affronts
affsearch
affsearch300
affsearch590
affsummit
affymetrix
afg
afgb
afh
afi
aficionado
afield
afiliados
afire
afisha
afj
afk
afl
aflame
afloat
afm
afn
afo
afoot
afore
aforementioned
aforesaid
aforethought
afoul
afp
afq
afr
afraid
afresh
africa
afs
afs_click
afsl
aft
after
aftereffect
afterglow
afterhours
afterimage
afterlife
aftermath
aftermost
afternoon
afternoons
aftershock
aftershocks
afterthought
afterthoughts
afterward
afterwards
aftp
aftpd
afu
afv
afw
afx
afy
afz
ag
aga
agafar
again
against
agape
agar
agate
agates
agb
agc
agd
age
aged
ageet
ageless
agence
agences
agencia
agencias
agencies
agency
agencylocator
agenda
agendas
agent
agents
agentserver
agentur
agenzia
ager
agers
ages
agf
agg
aggancixml
agglomerate
agglomerated
agglomerates
agglomeration
agglutinate
agglutinated
agglutinates
agglutinating
agglutination
agglutinin
agglutinins
aggrandize
aggravate
aggravated
aggravates
aggravation
aggregate
aggregated
aggregately
aggregates
aggregating
aggregation
aggregations
aggregator
aggression
aggressions
aggressive
aggressively
aggressiveness
aggressor
aggressors
aggrieve
aggrieved
aggrieves
aggrieving
agh
aghast
agi
agile
agileco
agilely
agilent
agility
aging
agitate
agitated
agitates
agitating
agitation
agitations
agitator
agitators
agj
agk
agl
agleam
aglow
agm
agn
agnitum
agnostic
agnostics
ago
agog
agonies
agonize
agonized
agonizes
agonizing
agonizingly
agony
agora
agp
agq
agr
agrarian
agree
agreeable
agreeably
agreed
agreeing
agreement
agreements
agreer
agreers
agrees
agricultural
agriculturally
agriculture
agriturismo
ags
agsm
agt
agu
ague
agv
agw
agx
agy
agz
ah
aha
ahb
ahc
ahd
ahe
ahead
ahf
ahg
ahh
ahi
ahj
ahk
ahl
ahm
ahn
ahnlab
aho
ahp
ahpimages
ahq
ahr
ahs
aht
ahu
ahv
ahw
ahx
ahy
ahz
ai
ai2
aia
aib
aic
aid
aide
aided
aidex
aiding
aids
aie
aif
aig
aih
aii
aij
aik
ail
aileron
ailerons
ailing
ailment
ailments
aim
aimages
aimed
aimer
aimers
aimg
aiming
aimless
aimlessly
aims
aimtoday
ain
aio
aip
aiptek
aiq
air
airaksinen
airbag
airbags
airborne
aircraft
airdrop
airdrops
aired
airer
airers
airfare
airfield
airfields
airflow
airfoil
airfoils
airframe
airframes
airfrancejp
airily
airing
airings
airless
airlift
airlifts
airline
airliner
airlines
airlock
airlocks
airmagnet
airmail
airmails
airman
airmen
airplane
airplanes
airport
airports
airs
airship
airships
airspace
airspeed
airstrip
airstrips
airtight
airway
airways
airy
ais
aisle
ait
aithent
aiu
aiuto
aiv
aiw
aix
aiy
aiz
aj
aj-fork
aja
ajar
ajax
ajax-images
ajax-spell
ajax_
ajax_calls
ajax_cron
ajax_search
ajaxchat
ajaxcom
ajaxcontent
ajaxfiles
ajaxhtml
ajaxpro
ajaxr
ajaxrequest
ajaxresponhtml
ajaxsearch
ajaxstarrater
ajaxtabs
ajaxtabscontent
ajb
ajb_mod
ajc
ajd
aje
ajf
ajg
ajh
aji
ajj
ajk
ajl
ajm
ajn
ajo
ajout-au-panier
ajp
ajq
ajr
ajs
ajt
aju
ajuda
ajv
ajw
ajx
ajy
ajz
ak
ak-systems
aka
akamai
akarru
akb
akc
akce
akd
ake
akeeba
akeeba.backend
akella
akf
akfingerd
akg
akh
aki
akimbo
akin
akismet
akiva
akj
akk
akl
akm
akn
ako
akopia
akp
akpop3d
akq
akr
aks
akt
aktion
aktionen
aktivate
aktualnosci
aktuell
aktuelles
aktuelt
aku
akv
akw
akx
aky
akz
al
al-caricatier
ala
alabama
alabanza
alabaster
alacrity
aladdin
alamo
alan
alap
alarm
alarmed
alarming
alarmingly
alarmist
alarms
alas
alaska
alaxala
alb
alba
albacore
albany
albatross
albeit
alberghi
albert
albinator
album
album_mod
albumes
albumin
albumphoto
albums
alc
alcatel
alchemy
alcoa
alcohol
alcoholic
alcoholics
alcoholism
alcohols
alcove
alcoves
ald
aldap
alder
alderman
aldermen
aldo's
ale
alee
alentum
alert
alert.black
alert.red
alertas
alerted
alertedly
alerter
alerters
alertes
alerting
alertly
alertness
alerts
alessandro
alex
alex1
alexa
alexande
alexander
alexandr
alexandria
alexibot
alexis
alf
alfa
alfalfa
alfavit
alfred
alfresco
alg
alga
algae
algaecide
algebra
algebraic
algebraically
algebras
algeciras
algemeen
alginate
algorithm
algorithmic
algorithmically
algorithms
alguest
alh
ali
aliacom
alias
aliased
aliases
aliasing
alibi
alibis
alicante
alice
alice-cms
alicia
alien
alienate
alienated
alienates
alienating
alienation
alienform
aliens
alight
align
aligned
aligning
alignment
alignments
aligns
alike
aliment
aliments
alimony
alipay
alisa
alison
alist
alisveristr
alive
alivesites
alj
alk
alkacon
alkalay
alkali
alkaline
alkalis
alkaloid
alkaloids
alkyl
all
all-comments
all-wcprops
all4www
allaire
allay
allayed
allaying
allays
allegati
allegation
allegations
allege
alleged
allegedly
alleges
allegiance
allegiances
alleging
allegoric
allegorical
allegorically
allegories
allegory
allegretta
allegretto
allegrettos
allegro
allegrosurf
allele
alleles
allemande
allen
allenheim
allergic
allergies
allergy
alleviate
alleviated
alleviates
alleviating
alleviation
alley
alleys
alleyway
alleyways
allgemein
allgemeines
alliance
alliances
allianz
allied
allied-telesis
allies
alligator
alligators
allinta
allison
alliteration
alliterations
alliterative
allman
allmyphp
allnews
allo
allocatable
allocate
allocated
allocates
allocating
allocation
allocations
allocator
allocators
allophone
allophones
allophonic
allot
allotment
allotments
allotrope
allotropic
allots
allotted
allotter
allotting
allow
allowable
allowably
allowance
allowances
allowed
allowing
allows
alloy
alloys
allpages
allrecentchanges
allsport
alltel
alltime
allude
alluded
alludes
alluding
allure
allurement
alluring
allusion
allusions
allusive
allusiveness
allwebscripts
ally
allying
alm
alma
almacen
almanac
almanacs
almeria
almighty
almond
almonds
almondsoft
almoner
almost
alms
almsman
aln
alnico
alo
aloe
aloes
aloft
aloha
alone
aloneness
along
alongside
aloof
aloofness
aloud
alp
alpha
alpha1
alphabet
alphabetic
alphabetical
alphabetically
alphabetics
alphabetize
alphabetized
alphabetizes
alphabetizing
alphabets
alphamail
alphanumeric
alphashield
alphaworks
alpine
alq
alr
already
als
alsa
alsaplayer
alshanetsky
alshare
also
alstrasoft
alt
alt-n
altads
altar
altars
altavista
altea
alter
alterable
alteration
alterations
altercation
altercations
altered
alterer
alterers
altering
alternate
alternated
alternately
alternates
alternating
alternation
alternations
alternative
alternatively
alternatives
alternator
alternators
alters
altersvorsorge
although
altiris
altitude
altitudes
altnet
altogether
altools
altova
altruism
altruist
altruistic
altruistically
alu
alum
aluminum
alumna
alumnae
alumni
alumni_add
alumni_details
alumni_info
alumni_reunions
alumni_update
alumnos
alumnus
alundum
alv
alvaro
alveolar
alveoli
alveolus
alw
always
alx
alxala
aly
alya2
alz
am
ama
amadeus
amain
amalgam
amalgamate
amalgamated
amalgamates
amalgamating
amalgamation
amalgams
amanda
amanda1
amanuensis
amar
amaretto
amass
amassed
amasses
amassing
amateur
amateurish
amateurishness
amateurism
amateurs
amatory
amavis
amax
amaze
amazed
amazedly
amazement
amazer
amazers
amazes
amazesoft
amazing
amazingly
amazon
amazon2
amazon_payments
amb
ambassador
ambassadors
ambeo
amber
ambiance
ambicom
ambidextrous
ambidextrously
ambience
ambient
ambiente
ambiguities
ambiguity
ambiguous
ambiguously
ambition
ambitions
ambitious
ambitiously
ambivalence
ambivalent
ambivalently
amble
ambled
ambler
ambles
ambling
ambrosial
ambulance
ambulances
ambulatory
ambuscade
ambush
ambushed
ambushes
amc
amcharts
amd
amdahl
ame
amecache
amelie
ameliorate
ameliorated
ameliorating
amelioration
amember
amen
amenable
amend
amended
amending
amendment
amendments
amends
amenities
amenity
amenorrhea
america
america,
america7
americanexpress
americart
americas
americium
amex
amf
amfphp
amg
amh
ami
amiable
amicable
amicably
amid
amide
amidst
amigo
amigos
amino
amir
amis
amiss
amity
amj
amk
aml
amline
amm
ammap
amministrazione
ammo
ammonia
ammoniac
ammonium
ammunition
amn
amnesty
amnhac
amo
amoeba
amoebae
amoebas
amok
among
amongst
amoral
amorality
amorist
amorous
amorphous
amorphously
amortize
amortized
amortizes
amortizing
amount
amounted
amounter
amounters
amounting
amounts
amour
amp
ampache
amperage
ampere
amperes
ampersand
ampersands
amphetamine
amphetamines
amphibian
amphibians
amphibious
amphibiously
amphibology
amphitheater
amphitheaters
amphor@
ample
amplification
amplified
amplifier
amplifiers
amplifies
amplify
amplifying
amplitude
amplitudes
amply
ampoule
ampoules
amputate
amputated
amputates
amputating
amq
amr
amrhein
ams
amsterdam
amt
amtote
amu
amule
amulet
amulets
amuse
amused
amusedly
amusement
amusements
amuser
amusers
amuses
amusing
amusingly
amv
amw
amx
amy
amyl
amyuni
amz
an
ana
anachronism
anachronisms
anachronistically
anaconda
anacondas
anaerobic
anagram
anagrams
anaheim
anal
analisis
analog
analog_reports
analogical
analogies
analogous
analogously
analogue
analogues
analogx
analogy
analyse
analyses
analysis
analyst
analysts
analytic
analytical
analytically
analyticities
analyticity
analytics
analyzable
analyze
analyzed
analyzer
analyzers
analyzes
analyzing
anaphora
anaphoric
anaphorically
anaplasmosis
anarchic
anarchical
anarchism
anarchist
anarchists
anarchy
anastomoses
anastomosis
anastomotic
anathema
anatomic
anatomical
anatomically
anatomy
anb
anbieter
anc
ancestor
ancestors
ancestral
ancestry
anchor
anchorage
anchorages
anchored
anchoring
anchorite
anchoritism
anchors
anchovies
anchovy
ancien
ancient
anciently
ancients
ancillary
and
anders
anderson
anding
andonet
andorra
andre
andrea
andreas
andrew
andrey
andries
android
andromache
andromeda
andromede
andy
andy's
ane
anecdotal
anecdote
anecdotes
anechoic
anemia
anemic
anemometer
anemometers
anemometry
anemone
anesthesia
anesthetic
anesthetically
anesthetics
anesthetize
anesthetized
anesthetizes
anesthetizing
anew
anexos
anf
anfahrt
anfibia
anfrage
ang
angebot
angebote
angel
angela
angelic
angelinecms
angels
anger
angered
angerine
angering
angers
angie
angiography
anglais
anglais-francais
angle
angled
angler
anglers
angling
angrier
angriest
angrily
angry
angst
angstrom
anguish
anguished
angular
angularly
angus
anh
anhang
anhydrous
anhydrously
ani
aniline
anim
animal
animals
animate
animated
animatedly
animately
animateness
animates
animating
animation
animations
animator
animators
anime
animism
animized
animosity
anims
anion
anionic
anions
anise
aniseikonic
anisotropic
anisotropy
anita
aniversario
anj
ank
anket
anketa
ankieta
ankiety
ankle
ankles
ankuendigungen
anl
anleitung
anli
anm
anmelden
anmeldung
ann
anna
annal
annals
anne
annette
annex
annexation
annexed
annexes
annexing
annie
annihilate
annihilated
annihilates
annihilating
annihilation
anniversaries
anniversary
annonce
annonces
annoncesv
annonceur
annonser
annotate
annotated
annotates
annotating
annotation
annotations
announce
announced
announcement
announcements
announcer
announcers
announces
announcing
annoy
annoyance
annoyances
annoyed
annoyer
annoyers
annoying
annoyingly
annoys
annuaire
annual
annually
annualreport
annuals
annuity
annul
annular
annuli
annulled
annulling
annulment
annulments
annuls
annulus
annum
annunci
annunciate
annunciated
annunciates
annunciating
annunciator
annunciators
ano
anode
anodes
anodize
anodized
anodizes
anoint
anointed
anointing
anoints
anomalies
anomalous
anomalously
anomaly
anomic
anomie
anon
anon_ftp
anonftp
anons
anonym
anonymity
anonymous
anonymously
anope
anorexia
another
anp
anphin
anq
anr
ans
ansel
ansi
ansible
ansilove
answer
answerable
answered
answerer
answerers
answering
answers
ant
antagonism
antagonisms
antagonist
antagonistic
antagonistically
antagonists
antagonize
antagonized
antagonizes
antagonizing
antarctic
ante
anteater
anteaters
antecedent
antecedents
anteco
antedate
antelope
antelopes
antenna
antennae
antennas
anterior
anthem
anthems
anther
anthill
anthologies
anthology
anthony
anthracite
anthropogenic
anthropological
anthropologically
anthropologist
anthropologists
anthropology
anthropomorphic
anthropomorphically
anti
anti-virus
antibacterial
antibiotic
antibiotics
antiboard
antibodies
antibody
antibot_image
antic
anticipate
anticipated
anticipates
anticipating
anticipation
anticipations
anticipatory
anticoagulation
anticompetitive
antics
antidisestablishmentarianism
antidote
antidotes
antiformant
antifundamentalist
antigen
antigens
antigo
antigua
antiguo
antihistorical
antimicrobial
antimony
antinomian
antinomy
antipathy
antiphonal
antipode
antipodes
antiquarian
antiquarians
antiquate
antiquated
antique
antiques
antiquities
antiquity
antiredeposition
antiresonance
antiresonator
antisemitic
antisemitism
antiseptic
antisera
antiserum
antislavery
antisocial
antispam
antisubmarine
antisymmetric
antisymmetry
antithesis
antithetical
antithyroid
antitoxin
antitoxins
antitrust
antiviral
antivirus
antiword
antler
antlered
antologic
anton
ants
antville
anu
anuncie
anuncio
anuncios
anunturi
anupam
anus
anv
anvil
anvils
anvndare
anw
anweb
anwender
anx
anxieties
anxiety
anxious
anxiously
any
anybody
anychart
anyhow
anymedia
anymore
anyone
anyplace
anyportal(php)
anything
anytime
anyway
anywhere
anz
anzeige
anzeigen
ao
aoa
aob
aoblogger
aoc
aod
aoe
aof
aog
aoh
aoi
aoj
aok
aol
aom
aon
aonix
aoo
aop
aoq
aor
aorta
aos
aot
aou
aov
aow
aox
aoy
aoz
ap
ap1
apa
apac
apace
apache
apache-ssl
apache2-default
apache2triad
apache_pb
apachetop
apago
apanel
apani
apart
apartment
apartmentrequest
apartments
apathetic
apathy
apb
apboard
apc
apche
apd
ape
aped
aperiodic
aperiodicity
aperture
apes
apex
apexec
apf
apf4
apfeed
apg
aph
aphasia
aphasic
aphelion
aphid
aphids
aphonic
aphorism
aphorisms
aphpkb
api
api-doc
api2
api3
api4
api_test
apiaries
apiary
apicache
apical
apiece
apimage
aping
apis
apish
apj
apk
apl
aplenty
aplicacion
aplicaciones
aplio
aplomb
apm
apn
apo
apocalypse
apocalyptic
apocryphal
apogee
apogees
apoll
apollo
apollo13
apologetic
apologetically
apologia
apologies
apologist
apologists
apologize
apologized
apologizes
apologizing
apology
aponline
apostate
apostle
apostles
apostolic
apostrophe
apostrophes
apothecary
apothegm
apotheken
apotheoses
apotheosis
app
app-code
app_
app_admin
app_ajax
app_browser
app_browsers
app_clientfiles
app_cms
app_code
app_config
app_controls
app_data
app_date
app_flash
app_images
app_js
app_master
app_masterpages
app_masters
app_pages
app_resources
app_scripts
app_services
app_styles
app_support
app_templates
app_themes
app_usercontrol
appadmin
appalachian
appall
appalled
appalling
appallingly
appanage
apparatus
apparel
appareled
apparent
apparently
apparition
apparitions
appcode
appdata
appeal
appealed
appealer
appealers
appealing
appealingly
appeals
appear
appearance
appearances
appeared
appearer
appearers
appearing
appears
appease
appeased
appeasement
appeases
appeasing
appel
appellant
appellants
appellate
appellation
append
appendage
appendages
appended
appender
appenders
appendices
appendicitis
appending
appendix
appendixes
appends
appertain
appertains
appetite
appetites
appetizer
appetizing
appfluent
appform
appideas
appieshost
appiesnet
appindex
appl
applaud
applauded
applauding
applauds
applause
apple
apple1
applejack
applejuice
apples
applet
applets
appli
appliance
appliances
appliation
applicability
applicable
applicant
applicants
application
applicationlist
applications
applicative
applicatively
applicator
applicators
applicattion
applicattions
applied
applier
appliers
applies
appligent
applique
apply
apply-now
applying
applynow
appoint
appointed
appointee
appointees
appointer
appointers
appointing
appointive
appointment
appointments
appoints
apportion
apportioned
apportioning
apportionment
apportionments
apportions
apposite
appraisal
appraisals
appraise
appraised
appraiser
appraisers
appraises
appraising
appraisingly
appreciable
appreciably
appreciate
appreciated
appreciates
appreciating
appreciation
appreciations
appreciative
appreciatively
apprehend
apprehended
apprehensible
apprehension
apprehensions
apprehensive
apprehensively
apprehensiveness
apprentice
apprenticed
apprentices
apprenticeship
apprise
apprised
apprises
apprising
approach
approachability
approachable
approached
approacher
approachers
approaches
approaching
approbate
approbation
appropriate
appropriated
appropriately
appropriateness
appropriates
appropriating
appropriation
appropriations
appropriator
appropriators
approval
approvals
approve
approved
approver
approvers
approves
approving
approvingly
approximate
approximated
approximately
approximates
approximating
approximation
approximations
apps
apps2
appserv
appstrudl
appurtenance
appurtenances
apq
apr
aprcalc
aprelium
apricot
apricots
april
apron
aprons
apropos
aprovacao
aprox
aps
apse
apsis
apsnet_client
apt
aptare
apteka
aptis
aptitude
aptitudes
aptly
aptness
apu
apv
apw
apx
apy
apz
aqa
aqb
aqc
aqd
aqe
aqf
aqg
aqh
aqi
aqj
aqk
aql
aqm
aqn
aqo
aqp
aqq
aqr
aqs
aqt
aqu
aqua
aqua_products
aquaria
aquarium
aquariums
aquarius
aquatic
aqueduct
aqueducts
aqueous
aquifer
aquifers
aqv
aqw
aqx
aqy
aqz
ar
ar-blog
ara
arab
arabesque
arabic
arable
arabless
arachnid
arachnids
arama
arantius
arb
arbeit
arbeiter
arbeitgeber
arbiter
arbiters
arbitrarily
arbitrariness
arbitrary
arbitrate
arbitrated
arbitrates
arbitrating
arbitration
arbitrator
arbitrators
arbitroweb
arbor
arboreal
arbors
arbortex
arbortext
arc
arc2000
arcabit
arcade
arcaded
arcades
arcadia
arcane
arced
arch
archaic
archaically
archaicness
archaism
archaize
archangel
archangels
archbishop
archdiocese
archdioceses
arched
archenemy
archeological
archeologist
archeology
archer
archers
archery
arches
archetype
archfool
archibus
archie
archief
archieve
archimede
arching
archipelago
archipelagoes
architect
architectonic
architects
architectural
architecturally
architecture
architectures
architext
archiv
archival
archivar
archive
archive1
archive2
archived
archived-pages
archivedimages
archiver
archivers
archives
archives30
archivesearch
archiving
archivio
archivist
archivo
archivos
archiwum
archly
arcing
arclike
arcs
arcsine
arcsoft
arctangent
arctic
ard
ardent
ardently
ardor
ardour
arduous
arduously
arduousness
are
area
area-riservata
area51
area_riservata
areaclienti
areainfo
arearestrita
areariservata
areas
arena
arenas
arenda
ares
arescom
areyoukidding
arf
arg
argent
argentina
argomenti
argon
argonauts
argosoft
argot
arguable
arguably
argue
argued
arguer
arguers
argues
arguing
argument
argumentation
argumentative
arguments
argus
arh
arhangelsk
arhiv
arhiva
ari
aria
ariadne
ariane
arid
aridity
ariel
aries-horoscope
aright
arimages
arise
arisen
ariser
arises
arising
arisings
ariss
aristocracy
aristocrat
aristocratic
aristocratically
aristocrats
arithmetic
arithmetical
arithmetically
arithmetics
arithmetize
arithmetized
arithmetizes
arizona
arj
ark
arkansas
arki-db
arkiv
arkoon
arl
arlene
arm
armada
armadillo
armadillos
armagetron
armament
armaments
armchair
armchairs
armed
armer
armers
armful
armhole
armidale
armies
arming
armistice
armload
armor
armored
armorer
armory
armpit
armpits
arms
army
arn
arnold
aro
aroma
aromas
aromatic
arose
around
aroundme
arousal
arouse
aroused
arouses
arousing
arp
arp3
arpeggio
arpeggios
arpus
arpwatch
arq
arquivo
arquivos
arr
arrack
arraign
arraigned
arraigning
arraignment
arraignments
arraigns
arrange
arranged
arrangement
arrangements
arranger
arrangers
arranges
arranging
arrant
array
arrayed
arrays
arrears
arrel
arrest
arrested
arrester
arresters
arresting
arrestingly
arrestor
arrestors
arrests
arreter
arriba
arrival
arrivals
arrive
arrived
arrives
arriving
arrogance
arrogant
arrogantly
arrogate
arrogated
arrogates
arrogating
arrogation
arrow
arrow_right
arrowed
arrowhead
arrowheads
arrows
arroyo
arroyos
ars
arsc
arsenal
arsenals
arsenic
arsine
arsiv
arson
art
art_global
art_home
art_tips
artcile
arte
arterial
arteries
arteriolar
arteriole
arterioles
arteriosclerosis
artery
artful
artfully
artfulness
artho
arthritis
arthropod
arthropods
arthur
artichoke
artichokes
article
article-a-la-une
article-image
article-tags
article_images
article_tmpl
articlearchives
articleasp
articlebeach
articlebot
articleimages
articlelink
articlephp
articleprint
articlerss
articles
articles2
articoli
articolo
articulate
articulated
articulately
articulateness
articulates
articulating
articulation
articulations
articulator
articulators
articulatory
articulo
articulos
artifact
artifacts
artifice
artificer
artifices
artificial
artificialities
artificiality
artificially
artificialness
artigos
artikel
artikelliste
artillerist
artillery
artisan
artisans
artisoft
artist
artistas
artisti
artistic
artistically
artistry
artists
artless
artman
artmedic
artperpage
arts
artwork
artxiboa
artykuly
aru
arush
arv
arw
arx
arxiu
arxius
ary
arylia
arz
arzt
as
asa
asante
asb
asbestos
asbru
asc
ascaron
asccustompages
ascend
ascendancy
ascendant
ascended
ascendency
ascendent
ascender
ascenders
ascending
ascends
ascension
ascensions
ascent
ascenvision
ascertain
ascertainable
ascertained
ascertaining
ascertains
ascetic
asceticism
ascetics
ascii
asclick
ascom
ascot
ascpu
ascribable
ascribe
ascribed
ascribes
ascribing
ascription
ascx
asd
asdf
asdfg
asdfgh
asdfghjk
asdfjkl
asdfjkl;
ase
asearch
aseptic
asf
asg
ash
ashamed
ashamedly
ashen
ashes
ashicodeofethics
ashley
ashman
ashore
ashtray
ashtrays
ashwebstudio
ashx
asi
asia
asian
asiasys
aside
asinine
asj
ask
ask_a_question
askance
askanexpert
askapache
asked
asker
askers
askew
askey
asking
askjeeves
asks
asksam
asl
asleep
asm
asm_includes
asmon
asmx
asn
aso
asocial
asp
asp-dev
asp-nuke
asp-rider
asp2
asp2php
asp_client
asp_net
aspadmin
aspapp
asparagus
aspbackup
aspbb
aspbin
aspbite
aspburst
aspdnsfcommon
aspdnsfencrypt
aspdnsfgateways
aspdnsfpatterns
aspdotnetstorefront
aspe
aspect
aspects
aspen
aspersion
aspersions
asphalt
asphyxia
aspic
aspincludes
aspindir
aspirant
aspirants
aspirate
aspirated
aspirates
aspirating
aspiration
aspirations
aspirator
aspirators
aspire
aspired
aspires
aspirin
aspiring
aspirins
aspjar
aspknowledgebase
asplogin
aspmforum
aspnet
aspnet-client
aspnet_client
aspnet_clients
aspnet_webadmin
aspnuke
aspplayground
aspready
asps
aspscripts
aspscriptz
aspsecured
aspsitem
aspspellcheck
asptest
aspthai
asptools
aspupload
aspwebsoft
aspx
aspxgrid
asq
asr
asrep
ass
assail
assailant
assailants
assailed
assailing
assails
assassin
assassinate
assassinated
assassinates
assassinating
assassination
assassinations
assassins
assault
assaulted
assaulting
assaults
assay
assayed
assaying
assemblage
assemblages
assemble
assembled
assembler
assemblers
assembles
assemblies
assembling
assembly
assent
assented
assenter
assenting
assents
assert
asserted
asserter
asserters
asserting
assertion
assertions
assertive
assertively
assertiveness
asserts
asses
assess
assessed
assesses
assessing
assessment
assessments
assessor
assessors
assests
asset
assetman
assetmanage
assetmanagement
assetmanager
assetpool
assets
assets2
assets_c
assets_cm
asshole
assiduity
assiduous
assiduously
assign
assignable
assigned
assignee
assignees
assigner
assigners
assigning
assignment
assignments
assigns
assimilate
assimilated
assimilates
assimilating
assimilation
assimilations
assist
assistance
assistances
assistant
assistants
assistantship
assistantships
assisted
assistenza
assisting
assists
associate
associated
associates
associating
association
associational
associations
associative
associatively
associativity
associator
associators
associazioni
assonance
assonant
assort
assorted
assortment
assortments
assorts
assuage
assuaged
assuages
assume
assumed
assumes
assuming
assumption
assumptions
assurance
assurances
assure
assured
assuredly
assurer
assurers
assures
assuring
assuringly
assurx
ast
astaro
astart
astashonok
astatine
astats
astaware
astd
aster
asterias
asterisk
asteriskguru
asterisks
asterix
asteroid
asteroidal
asteroids
asters
asthma
astonish
astonished
astonishes
astonishing
astonishingly
astonishment
astore
astound
astounded
astounding
astounds
astra
astracker
astrakhan
astral
astray
astride
astringency
astringent
astro
astrocam
astrocorp
astrodog
astrologie
astrology
astronaut
astronautics
astronauts
astronomer
astronomers
astronomical
astronomically
astronomy
astrophysical
astrophysics
astuces
astute
astutely
astuteness
asu
asunder
asus
asv
asw
asx
asy
asylum
asymmetric
asymmetrically
asymmetry
asymptomatically
asymptote
asymptotes
asymptotic
asymptotically
async
asynchronism
asynchronous
asynchronously
asynchrony
asz
at
at&t
at-de
at3
ata
atalasoft
atari
atari800
atavistic
atb
atc
atd
ate
atemporal
atendimento
aterm
atest
atf
atftp
atftpd
atg
atguard
ath
atheism
atheist
atheistic
atheists
athena
athens
atheos
atherosclerosis
athlete
athletes
athletic
athleticism
athletics
athoc
athome
athttpd
ati
atj
atk
atl
atlanta
atlantic
atlantis
atlantpro
atlas
atlassian
atm
atmel
atmosphere
atmospheres
atmospheric
atn
ato
atoll
atolls
atom
atomfeeds
atomic
atomically
atomicboard
atomics
atomization
atomize
atomized
atomizes
atomizing
atoms
atomz
atonal
atonally
atone
atoned
atonement
atones
atop
atos
atoz
atp
atq
atr
atrise
atrium
atrocious
atrociously
atrocities
atrocity
atrophic
atrophied
atrophies
atrophy
atrophying
atrus
ats
att
attach
attach_mod
attache
attached
attacher
attachers
attaches
attaching
attachmate
attachmatewrq
attachment
attachments
attachs
attack
attackable
attackbot
attacked
attacker
attackers
attacking
attacks
attain
attainable
attainably
attained
attainer
attainers
attaining
attainment
attainments
attains
attazs
attempt
attempted
attempter
attempters
attempting
attempts
attend
attendance
attendances
attendant
attendants
attended
attendee
attendees
attender
attenders
attending
attends
attente
attention
attentional
attentionality
attentions
attentive
attentively
attentiveness
attenuate
attenuated
attenuates
attenuating
attenuation
attenuator
attenuators
attest
attested
attesting
attests
attic
attics
attila
attire
attired
attires
attiring
attitude
attitudes
attitudinal
attorney
attorneys
attr
attract
attracted
attracting
attraction
attractions
attractive
attractively
attractiveness
attractor
attractors
attracts
attributable
attribute
attributed
attributes
attributing
attribution
attributions
attributive
attributively
attrition
attualita
attune
attuned
attunes
attuning
attwireless
atu
atutor
atv
atw
atx
aty
atypical
atypically
atz
atzlisting
au
aua
aub
auburn
auc
auction
auctioneer
auctioneers
auctions
aud
audacious
audaciously
audaciousness
audacity
audi
audible
audibly
audience
audiences
audienceview
audio
audio-player
audio_files
audio_swap
audiofiles
audiogalaxy
audiogram
audiograms
audiolib
audiological
audiologist
audiologists
audiology
audiometer
audiometers
audiometric
audiometry
audioplayer
audios
audit
audited
auditing
audition
auditioned
auditioning
auditions
auditor
auditoria
auditorium
auditors
auditory
audits
aue
auerswald
auf
auftritte
aug
auger
augers
aught
augment
augmentation
augmented
augmenting
augments
augsburg
augur
auguri
augurs
august
augustly
augustness
auh
aui
auj
auk
auktion
aul
aum
aun
aunt
aunts
auo
aup
aupa
auq
aur
aura
auracms
aural
aurally
auras
aureole
aureomycin
aurora
aurrera
aus
auscultate
auscultated
auscultates
auscultating
auscultation
auscultations
ausgetreten
ausland
auspice
auspices
auspicious
auspiciously
ausschreibungen
aussendienst
austere
austerely
austerity
austin
australia
austria
auswertung
aut
autentificare
auth
auth2
authadmin
authen
authentic
authentically
authenticate
authenticated
authenticates
authenticating
authentication
authentications
authenticator
authenticators
authenticity
authfiles
author
authordata
authored
authoria
authoring
authoritarian
authoritarianism
authoritative
authoritatively
authorities
authority
authorization
authorizations
authorize
authorize_net_3
authorized
authorized_keys
authorizefailed
authorizer
authorizers
authorizes
authorizing
authorpic
authors
authorship
authuser
authusers
autism
autistic
auto
auto-europa
auto-insurance
autobackup
autoban
autobiographic
autobiographical
autobiographies
autobiography
autocar
autocheck
autocollimator
autocomplete
autoconfig
autocorrelate
autocorrelation
autocracies
autocracy
autocrat
autocratic
autocratically
autocrats
autodecrement
autodecremented
autodecrements
autodeploy
autodesk
autodialer
autodiscover
autoemail
autofiles
autofluorescence
autograph
autographed
autographing
autographs
autohandler
autohandlers
autoincrement
autoincremented
autoincrements
autoindex
autoindexing
autoipd
autolinks
autoload
autologin
automarkt
automata
automate
automated
automatedshops
automates
automatic
automatically
automating
automation
automaton
automobile
automobiles
automobili
automotive
autonavigator
autonavigators
autonews
autonomic
autonomous
autonomously
autonomy
autonotify
autopilot
autopilots
autopromo
autopsied
autopsies
autopsy
autoptimize
autor
autorank
autoregressive
autoren
autores
autoresp
autorespond
autoresponder
autoresponders
autoresponse
autorun
autos
autoscripts
autostop
autosuche
autosuggest
autosuggestibility
autotopup
autotopup_old
autotransformer
autoupdate
autoviewer_pro
autres
autumn
autumnal
autumns
auu
auv
auw
aux
auxiliaries
auxiliary
auy
auz
av
ava
avactis-system
avahi
avail
availabilities
availability
available
availably
availed
availer
availers
availing
avails
avalanche
avalanched
avalanches
avalanching
avalon
avanade
avant
avantbrowser
avantgo
avantstar
avanzi
avarice
avaricious
avariciously
avast
avatar
avatar_color
avatares
avatars
avaya
avb
avc
avcms
avcx
avd
ave
avenge
avenged
avenger
avenger's
avenges
avenging
aventure
avenue
avenues
aver
average
averaged
averages
averaging
averett
averred
averrer
averring
avers
averse
aversion
aversions
avert
averted
averting
averts
avery
avf
avg
avh
avi
avia
avian
aviaries
aviary
aviation
aviator
aviators
avid
avidity
avidly
avion
avionic
avionics
avira
avirt
avis
aviso
aviso-legal
avisolegal
avisos
avj
avk
avl
avm
avn
avo
avocado
avocados
avocation
avocations
avocent
avoid
avoidable
avoidably
avoidance
avoided
avoider
avoiders
avoiding
avoids
avon
avouch
avow
avowal
avowed
avows
avp
avq
avr
avreloaded
avs
avt
avto
avu
avv
avw
avx
avy
avz
aw
aw-stats
awa
await
awaited
awaiting
awaits
awake
awaken
awakened
awakening
awakens
awakes
awaking
award
awarded
awarder
awarders
awarding
awardingbodies
awards
aware
awareness
awash
away
awb
awc
awca
awd
awdata
awe
aweb
aweb's
aweber
awed
awesome
awf
awful
awfully
awfulness
awg
awh
awhile
awi
awj
awk
awkward
awkwardly
awkwardness
awl
awls
awm
awmdata
awmdata-menu
awn
awning
awnings
awo
awoke
awp
awq
awr
awry
aws
awstat
awstats
awstats-icon
awstatsicons
awt
awu
awv
aww
awx
awy
awz
ax
ax1
axa
axb
axc
axceleon
axd
axe
axed
axel
axent
axer
axers
axes
axf
axg
axh
axi
axial
axialis
axially
axing
axiological
axiom
axiomatic
axiomatically
axiomatization
axiomatizations
axiomatize
axiomatized
axiomatizes
axiomatizing
axioms
axis
axis-admin
axis2
axis2-admin
axj
axk
axl
axle
axles
axm
axn
axo
axolotl
axolotls
axon
axons
axoverzicht
axp
axpfamily
axq
axr
axroi
axs
axslinks
axspawn
axt
axu
axv
axw
axx
axy
axz
ay
aya
ayar
ayb
ayc
ayd
aye
ayes
ayf
ayg
ayh
ayi
ayj
ayk
ayl
aylmer
aym
ayman
ayn
ayo
ayp
ayq
ayr
ays
ayt
ayu
ayuda
ayv
ayw
ayx
ayy
ayz
az
aza
azalea
azaleas
azb
azboard
azc
azd
azdg
aze
azerbaijan
azf
azg
azh
azi
aziende
azimuth
azimuths
azj
azk
azl
azm
azn
azndragon
azo
azp
azq
azr
azr94v2hh2lg
azr94v2hh2lgbbkk
azs
azt
aztecs
aztek
azu
azure
azureus
azureuser
azv
azw
azx
azy
azz
b
b-net
b1
b2
b2b
b2c
b2e
b2evolution
b2w
b3
b4
b5
b6
b7
b8
b9
ba
baa
baal
baardsen
bab
babble
babbled
babbles
babbling
babe
babes
babied
babies
baboon
baboons
baby
babycenterat
babycenterau
babycenterca
babycenterch
babycenterde
babycenteres
babycenterfr
babycenterin
babycenterse
babycentersg
babycentreuk
babyhood
babying
babyish
babylon5
babynames
babysit
babysitting
bac
bacarella
baccalaureate
bacchus
bach
bacheca
bachelor
bachelors
bacilli
bacillus
back
back-end
back-office
back-up
back_office
back_up
backache
backaches
backadmin
backarrow
backbend
backbends
backboard
backbone
backbones
backdoor
backdoorbot
backdrop
backdrops
backed
backend
backer
backers
backfill
backfiring
backgrnd
background
backgrounds
backhand
backing
backissues
backk
backlash
backlink
backlinks
backlog
backlogged
backlogs
backoffice
backofficelite
backofficeplus
backorder
backpack
backpacks
backplane
backplanes
backplate
backroom
backs
backscatter
backscattered
backscattering
backscatters
backside
backslash
backslashes
backspace
backspaced
backspaces
backspacing
backstage
backstairs
backstitch
backstitched
backstitches
backstitching
backstop
backtocs
backtrack
backtracked
backtracker
backtrackers
backtracking
backtracks
backup
backup-56bf2
backup-db
backup2
backup_db
backup_migrate
backup_site
backupdb
backupfiles
backups
backward
backwardness
backwards
backwater
backwaters
backwoods
backyard
backyards
bacon
bacteria
bacterial
bacterium
baction
bacula
bad
bad-behavior
bad-robot
bad_link
badass
badblue
badbot
badbots
badbottrap
bade
badgdformmail
badge
badger
badgered
badgering
badgers
badges
badlands
badly
badmail
badmin
badminton
badness
badrobot
badseocomponent
badwords
bae
baf
baffle
baffled
baffler
bafflers
baffling
bag
bagatelle
bagatelles
bagel
bagels
baggage
bagged
bagger
baggers
bagging
baggy
bagley
bagpipe
bagpipes
bags
bah
bahia
bai
baidu
baike
bail
bailey
bailiff
bailiffs
bailing
bains
bait
baited
baiter
baiting
baits
baixar
baj
bajie
bak
bak-up
bakbone
bake
baked
baker
bakeries
bakers
bakery
bakes
baking
baklava
baks
bakup
bal
balabit
balalaika
balalaikas
balance
balanced
balancer
balancers
balances
balancing
balconies
balcony
bald
balding
baldly
baldness
baldor
bale
baleful
baler
bales
balk
balkanized
balkanizing
balked
balkiness
balking
balks
balky
ball
ball.gray
ball.red
ballad
ballads
ballast
ballasts
balled
baller
ballerina
ballerinas
ballers
ballet
ballets
ballgown
balling
ballistic
ballistics
balloon
ballooned
ballooner
ballooners
ballooning
balloons
ballot
ballots
ballpark
ballparks
ballplayer
ballplayers
ballroom
ballrooms
balls
ballyhoo
balm
balms
balmy
balsa
balsam
baltimore
balustrade
balustrades
bam
bamboo
ban
ban-ip
banal
banally
banana
bananas
banane
banca
banco
band
bandage
bandaged
bandages
bandaging
bandeaux
banded
bandied
bandies
banding
bandit
bandits
bandmin
bandpass
bands
bandsite
bandstand
bandstands
bandwagon
bandwagons
bandwidth
bandwidths
bandy
bandying
bane
baneful
baner
baneri
baners
banery
banex
bang
bangalore
bangbaoshi
banged
banging
bangkok
bangle
bangles
bangs
banish
banished
banishes
banishing
banishment
banister
banisters
banjo
banjos
bank
banked
banken
banker
bankers
bankersalmanac
banking
bankrupt
bankruptcies
bankruptcy
bankrupted
bankrupting
bankrupts
banks
banktown
banluan
banman
banmanpro
banned
banner
banner-ads
banner2
banner_ads
banner_element
banner_images
bannerad
banneradmin
bannerads
bannerdisplay
bannere
bannerek
bannerexchange
banneri
bannerimages
bannermanager
bannerrotator
banners
banners2
bannertracker
bannerwheel
bannery
banniere
bannieres
banning
banquet
banqueting
banquetings
banquets
bans
banshee
banshees
bantam
banter
bantered
bantering
banters
bantin
bao
baobaozhongxin
baomat
bap
baptism
baptismal
baptisms
baptistery
baptistries
baptistry
baptize
baptized
baptizes
baptizing
baq
bar
bar24
baramej
barb
barbados
barbara
barbarian
barbarians
barbaric
barbarism
barbarities
barbarity
barbarous
barbarously
barbecue
barbecued
barbecues
barbed
barbell
barbells
barber
barbie
barbital
barbiturate
barbiturates
barbs
barcelona
barcode
barcodes
bard
bardon
bards
bare
bared
barefaced
barefoot
barefooted
barely
bareness
barer
bares
barest
barflies
barfly
bargain
bargained
bargaining
bargains
barge
barges
barging
baring
baritone
baritones
barium
bark
barked
barker
barkers
barking
barks
barksdale
barley
barn
barnaul
barney
barns
barnstorm
barnstormed
barnstorming
barnstorms
barnyard
barnyards
barometer
barometers
barometric
baron
baroness
baronial
baronies
barons
barony
baroque
baroqueness
barra
barrack
barracks
barracuda
barrage
barrages
barred
barrel
barrelled
barrelling
barrels
barren
barrenness
barrett
barretto
barricade
barricades
barrier
barrierefrei
barriers
barring
barringer
barron
barrow
barry
bars
bart
bartender
bartenders
barter
bartered
bartering
barters
bartman
bartolini
bas
basal
basalt
base
baseball
baseballs
baseband
baseboard
baseboards
basecamp
based
baseless
baseline
baselines
basely
baseman
basement
basements
baseness
basepr_0055
baser
bases
basf
bash
bash_history
bashas
bashed
bashes
bashful
bashfulness
bashing
bashrc
basic
basically
basics
basil
basilicata
basilix
basin
basing
basins
basis
basit
bask
baskeT
basked
basket
basketba
basketball
basketballs
baskets
basking
bass
basses
basset
bassett
bassinet
bassinets
bassoon
bastard
bastards
baste
basted
bastes
bastille
basting
bastion
bastions
basura
bat
batalla
batch
batched
batches
bath
bathe
bathed
bather
bathers
bathes
bathing
bathos
bathrobe
bathrobes
bathroom
bathrooms
baths
bathtub
bathtubs
batman
baton
batons
bats
battalion
battalions
batted
batten
battens
batter
battered
batteries
battering
batters
battery
batting
battle
battleaxe
battled
battlefield
battlefields
battlefront
battlefronts
battleground
battlegrounds
battlement
battlements
battler
battlers
battles
battleship
battleships
battling
bau
bauble
baubles
baud
bauer
baumedia
bausteine
bauxite
bav
bavo
baw
bawdy
bawl
bawled
bawling
bawls
bax
baxter
bay
bayed
bayer
baying
bayonet
bayonets
bayou
bayous
bays
baz
baza
bazaar
bazaars
bazar
bb
bb-admin
bb-hist
bb-histlog
bb-includes
bb-plugins
bb-templates
bb2
bb4
bba
bbadmin
bbb
bbboard
bbc
bbcaffe
bbclone
bbcode
bbcodes
bbd
bbdd
bbe
bbf
bbg
bbh
bbi
bbj
bbk
bbl
bblog
bbm
bbmaster
bbn
bbo
bboard
bbp
bbpress
bbq
bbr
bbs
bbs1
bbs2
bbsnew
bbt
bbtcomment
bbtcontent
bbtest
bbtmail
bbtstats
bbtvaluation
bbu
bbv
bbw
bbx
bby
bbz
bc
bc3
bc_cns
bc_cnt
bc_cnt-live
bc_img
bc_jap
bc_jap-live
bca
bcb
bcbs
bcc
bcd
bce
bcf
bcg
bch
bci
bcj
bck
bcl
bcm
bcn
bco
bcp
bcq
bcr
bcs
bct
bcu
bcv
bcw
bcx
bcy
bcz
bd
bda
bdata
bdatos
bdb
bdc
bdd
bde
bdf
bdg
bdh
bdi
bdj
bdk
bdl
bdm
bdn
bdo
bdp
bdq
bdr
bds
bdt
bdu
bdv
bdw
bdx
bdy
bdz
be
be-fr
be-gb
be-nl
bea
beach
beached
beaches
beachhead
beachheads
beaching
beacon
beacons
bead
beaded
beading
beadle
beadles
beads
beady
beagle
beagles
beak
beaked
beaker
beakers
beaks
beam
beamed
beamer
beamers
beaming
beams
bean
beanbag
beanbug
beaned
beaner
beaners
beanie
beaning
beans
beanwebb
bear
bearable
bearably
bearbeiten
beard
bearded
beardless
beards
bearer
bearers
bearing
bearings
bearish
bears
beast
beastly
beasts
beat
beatable
beatably
beaten
beater
beaters
beatific
beatification
beatify
beating
beatings
beatitude
beatitudes
beatles
beatnik
beatniks
beats
beatty
beau
beaus
beauteous
beauteously
beauties
beautifications
beautified
beautifier
beautifiers
beautifies
beautifu
beautiful
beautifully
beautify
beautifying
beauty
beaver
beavers
beavis
beb
bec
becalm
becalmed
becalming
becalms
became
because
beck
beckham
beckon
beckoned
beckoning
beckons
becky
become
becomes
becoming
becomingly
becubed
bed
bedazzle
bedazzled
bedazzlement
bedazzles
bedazzling
bedbug
bedbugs
bedded
bedder
bedders
bedding
bedeng
bedevil
bedeviled
bedeviling
bedevils
bedfast
bedlam
bedpost
bedposts
bedraggle
bedraggled
bedridden
bedrock
bedroom
bedrooms
beds
bedside
bedspread
bedspreads
bedspring
bedsprings
bedstead
bedsteads
bedtime
bee
beech
beechen
beecher
beef
beefed
beefer
beefers
beefing
beefs
beefsteak
beefy
beehive
beehives
been
beep
beeps
beer
beers
bees
beet
beethoven
beetle
beetled
beetles
beetling
beets
beez
bef
befall
befallen
befalling
befalls
befell
befit
befits
befitted
befitting
befog
befogged
befogging
before
beforehand
befoul
befouled
befouling
befouls
befriend
befriended
befriending
befriends
befuddle
befuddled
befuddles
befuddling
beg
began
beget
begets
begetting
beggar
beggarly
beggars
beggary
begged
begging
begin
beginner
beginners
beginning
beginnings
begins
begot
begotten
begrudge
begrudged
begrudges
begrudging
begrudgingly
begs
beguile
beguiled
beguiles
beguiling
begun
beh
behalf
behan
behave
behaved
behaves
behaving
behavior
behavioral
behaviorally
behaviorism
behavioristic
behaviors
behead
beheading
beheer
beheld
behemoth
behemoths
behest
behind
behold
behold!
beholden
beholder
beholders
beholding
beholds
behoove
behooves
bei
beifen
beige
beijing
being
beings
beispiel
beitrag
bej
bek
bel
belabor
belabored
belaboring
belabors
belated
belatedly
belay
belayed
belaying
belays
belch
belched
belches
belching
belchior
belegung
belfries
belfry
belgie
belgique
belgium
belgorod
belie
belied
belief
beliefs
belies
believable
believably
believe
believed
believer
believers
believes
believing
belittle
belittled
belittles
belittling
belkin
bell
bellboy
bellboys
belle
belles
bellevue
bellhop
bellhops
bellicose
bellicosity
bellies
belligerence
belligerent
belligerently
belligerents
bellman
bellmen
bellow
bellowed
bellowing
bellows
bells
bellsouth
bellum
bellwether
bellwethers
belly
bellyache
bellyfull
belong
belonged
belonging
belongings
belongs
beloved
below
belt
belted
belting
belts
bely
belying
bem
bemoan
bemoaned
bemoaning
bemoans
bemoore
ben
bench
benched
benches
benchmark
benchmarking
benchmarks
bend
bendable
benders
bending
bends
beneath
benediction
benedictions
benefactor
benefactors
beneficence
beneficences
beneficent
beneficial
beneficially
beneficiaries
beneficiary
benefit
benefited
benefiting
benefits
benefitted
benefitting
benevolence
benevolent
benidorm
benighted
benign
benignly
benjamin
benkovic
benny
benoit
benriya
bens
benson
bent
benutzer
benz
benzene
beo
beonex
beoportal
beowulf
bep
beq
bequeath
bequeathal
bequeathed
bequeathing
bequeaths
bequest
bequests
ber
berate
berated
berater
berates
berating
beratung
bereave
bereaved
bereavement
bereavements
bereaves
bereaving
bereft
beret
berets
bergamo
beribboned
beriberi
berichte
berita
berkeley
berkelium
berkvens
berlin
berliner
berlios
bernard
bernardo
bernd
berne
bernhard
bernie
bernstein
beroftpd
berri
berries
berry
berserk
berth
bertha
berths
beryl
beryllium
bes
bes-cms
beseech
beseeches
beseeching
beset
besets
besetting
beside
besides
besiege
besieged
besieger
besiegers
besieging
besmirch
besmirched
besmirches
besmirching
besotted
besotter
besotting
besought
bespeak
bespeaks
bespectacled
bespin
bespoke
best
best-mortgages
bestanden
bestbuy
bested
bestellen
bestellung
bestellungen
bestial
besting
bestir
bestirring
bestof
bestow
bestowal
bestowed
bestrate
bests
bestseller
bestsellers
bestselling
bet
beta
beta1
beta2
beta3
betaboard
betaparticle
betas
betatest
betatron
betel
beth
bethge
betide
betray
betrayal
betrayed
betrayer
betraying
betrays
betroth
betrothal
betrothed
bets
betsie
better
bettered
bettering
betterment
betterments
betters
betting
betty
between
betwixt
beu
bev
bevel
beveled
beveling
bevels
beverage
beverages
beverly
bevy
bew
bewail
bewailed
bewailing
bewails
beware
bewerber
bewerbung
bewerten
bewertung
bewhiskered
bewilder
bewildered
bewildering
bewilderingly
bewilderment
bewilders
bewitch
bewitched
bewitches
bewitching
bex
bey
beyond
beyssac
bez
bf
bfa
bfb
bfc
bfcommand
bfd
bfe
bff
bfg
bfh
bfi
bfiles
bfj
bfk
bfl
bfm
bfn
bfo
bfp
bfq
bfr
bfs
bft
bfu
bfv
bfw
bfx
bfy
bfz
bg
bg-gb
bga
bgb
bgc
bgd
bge
bgf
bgg
bgh
bgi
bgj
bgk
bgl
bgm
bgn
bgo
bgp
bgq
bgr
bgs
bgt
bgt2
bgu
bgv
bgw
bgw2
bgx
bgy
bgz
bh
bh-gb
bha
bharat
bhb
bhc
bhd
bhe
bhf
bhg
bhh
bhi
bhj
bhk
bhl
bhm
bhn
bho
bhp
bhq
bhr
bhs
bht
bhu
bhv
bhw
bhx
bhy
bhz
bi
bi-weeklypmtcalc
bia
biannual
bias
biased
biases
biasing
bib
bibbed
bibbing
bible
bibles
biblical
biblically
biblio
bibliographic
bibliographical
bibliographies
bibliography
bibliophile
biblioscape
biblioteca
biblioteka
bibliothek
biborb
bibs
bic
bicameral
bicarbonate
biccamera
bicentennial
bicep
biceps
bicker
bickered
bickering
bickers
biconcave
biconnected
biconvex
bicycle
bicycled
bicycler
bicyclers
bicycles
bicycling
bid
bidali
biddable
bidden
bidder
bidders
biddies
bidding
biddy
bide
bidirectional
bids
bidwatcher
bie
biennial
biennium
bienvenida
bier
bif
bifocal
bifocals
bifurcate
big
big5
bigace
bigadmin
bigb
bigbanggravity
bigbird
bigbrother
bigdog
bigdump
bigfix
bigger
biggest
bight
bights
bigip
bigmac
bigman
bigness
bigot
bigoted
bigotry
bigots
bigpics
bigred
bigwebmaster
bih
biharmonic
bii
bij
bijection
bijections
bijective
bijectively
bik
bike
bikes
bikespeak
biking
bikini
bikinis
bil
bilabial
bilateral
bilaterally
bilatu
bilbao
bilbo
bild
bilder
bildergalerie
bildnachweis
bile
bilge
bilges
bilinear
bilingual
bilk
bilked
bilking
bilks
bill
billboard
billboards
billed
biller
billers
billet
billeted
billeting
billets
billetterie
billiard
billiards
billing
billing2
billingexplorer
billion
billions
billionth
billock
billow
billowed
billows
billpay
bills
billy
bim
bimages
bimat
bimbomarket
bimetallic
bimetallism
bimodal
bimolecular
bimonthlies
bimonthly
bin
bin_install
bin_old
binaries
binary
binary-concepts
binaural
bind
binder
binders
binding
bindings
binds
bindview
bing
binge
bingen
binges
bingo
bingo-scotland
bingophp
binhex
binky
binocular
binoculars
binomial
bins
binsource
binsrc
bintec
binuclear
bio
biochemical
biochemist
biochemistry
biofeedback
biographer
biographers
biographic
biographical
biographically
biographies
biography
biological
biologically
biologist
biologists
biology
biomedical
biomedicine
biophysical
biophysicist
biophysics
biopsies
biopsy
bios
bioscience
biosphere
biostatistic
biosynthesize
biota
biotic
bip
bipartisan
bipartite
biped
bipeds
biplane
biplanes
bipolar
biq
bir
biracial
birch
birchen
birches
bird
bird33
birdbath
birdbaths
birdblog
birdie
birdied
birdies
birdlike
birds
birefringence
birefringent
birmingham
birth
birthday
birthdays
birthed
birthplace
birthplaces
birthright
birthrights
births
bis
biscuit
biscuits
bisect
bisected
bisecting
bisection
bisections
bisector
bisectors
bisects
bishop
bishops
bismuth
bison
bisonftp
bisons
bisonware
bisque
bisques
bistable
bistate
bit
bitberry
bitbucket
bitch
bitches
bitchx
bitcomet
bite
biteme
biter
biters
bites
bitfolge
biting
bitingly
bitmap
bitmover
bitnami
bitrix
bitrix24
bitrix_personal
bitrock
bits
bits-dont-bite
bitshifters
bitstrike
bitten
bitter
bitterer
bitterest
bitterly
bitterness
bitternut
bitterroot
bitters
bittersweet
bitumen
bituminous
bitvise
bitweaver
bitwise
biu
biuletyn
biv
bivalve
bivalves
bivariate
bivouac
bivouacs
biw
biweekly
bix
biy
biz
biz_manage
bizarre
bizcard
bizdesign
biznes
bizrate
bj
bja
bjb
bjc
bjd
bje
bjernar
bjf
bjg
bjh
bji
bjj
bjk
bjl
bjm
bjn
bjo
bjornar
bjp
bjq
bjr
bjs
bjt
bju
bjv
bjw
bjx
bjy
bjz
bk
bka
bkb
bkc
bkd
bke
bkf
bkg
bkh
bki
bkj
bkk
bkl
bkm
bkn
bko
bkp
bkq
bkr
bks
bkshp
bkt
bku
bkup
bkv
bkw
bkx
bky
bkz
bl
bl4
bla
blab
blabbed
blabbermouth
blabbermouths
blabbing
blabs
black
blackandgoldclub
blackberries
blackberry
blackbird
blackbirds
blackboard
blackboards
blackbox
blackdot
blackdown
blacked
blacken
blackened
blackening
blackens
blacker
blackest
blackhole
blacking
blackjack
blackjacks
blacklist
blacklisted
blacklisting
blacklists
blackly
blackmail
blackmailed
blackmailer
blackmailers
blackmailing
blackmails
blackmoon
blackness
blackorpheus
blackout
blackouts
blacks
blacksmith
blacksmiths
blad
bladder
bladders
blade
bladeenc
blades
blah
blahz-dns
blamable
blame
blamed
blameless
blamelessness
blamer
blamers
blames
blameworthy
blaming
blanch
blanched
blanches
blanching
bland
blandly
blandness
blank
blank'n'berg
blanked
blanker
blankest
blanket
blanketed
blanketer
blanketers
blanketing
blankets
blanking
blankly
blankness
blankol
blanks
blare
blared
blares
blaring
blase
blaspheme
blasphemed
blasphemes
blasphemies
blaspheming
blasphemous
blasphemously
blasphemousness
blasphemy
blast
blasted
blaster
blasters
blasting
blasts
blatant
blatantly
blaxxun
blaze
blazeboard
blazed
blazer
blazers
blazes
blazing
blazix
blb
blc
bld
ble
bleach
bleached
bleacher
bleachers
bleaches
bleaching
bleak
bleaker
bleakly
bleakness
blear
bleary
bleat
bleating
bleats
bled
bleed
bleeder
bleeding
bleedings
bleeds
blemish
blemishes
blend
blended
blender
blending
blends
bless
blessed
blessing
blessings
blew
blf
blg
blh
bli
blight
blighted
blimp
blimps
blind
blinded
blinder
blinders
blindfold
blindfolded
blindfolding
blindfolds
blinding
blindingly
blindly
blindness
blinds
blink
blinked
blinker
blinkers
blinking
blinks
blip
blips
bliss
blissful
blissfully
blister
blistered
blistering
blisters
blithe
blithely
blitz
blitzes
blitzkrieg
blizzard
blizzards
blj
blk
bll
blm
bln
blnews
blo
bloat
bloated
bloater
bloating
bloats
blob
blobs
bloc
block
blockade
blockaded
blockades
blockading
blockage
blockages
blockcache
blocked
blocker
blockers
blockhouse
blockhouses
blocking
blockpages
blocks
blocs
blog
blog-backup
blog-en
blog-images
blog-new
blog-old
blog-test
blog1
blog2
blog3
blog4
blog5
blog6
blog9
blog:cms
blog_ajax
blog_backup
blog_captcha
blog_images
blog_inlinemod
blog_old
blog_report
blog_samples
blog_search
blog_sys
blog_usercp
blogadmin
blogapi
blogbio
blogbuddies
blogcategory
blogfeed
blogg
bloggage
blogger
bloggers
blogging
bloghoster
blogi
blogimages
blogindex
blogold
blogphp
blogpics
blogroll
blogrss
blogs
blogsearch
blogsearch_feeds
blogsection
blogspot
blogtest
blogtop
blojsom
blok
bloke
blokes
bloki
blom
blond
blonde
blondes
blondie
blonds
blood
bloodbath
blooded
bloodhound
bloodhounds
bloodied
bloodiest
bloodless
bloods
bloodshed
bloodshot
bloodstain
bloodstained
bloodstains
bloodstream
bloody
bloom
bloomed
bloomers
blooming
blooms
blooper
bloq
bloques
blossom
blossomed
blossoms
blosxom
blot
blots
blotted
blotting
blouse
blouses
blow
blower
blowers
blowfish
blowing
blown
blowout
blows
blowup
blp
blq
blr
bls
blt
blu
blubber
bludgeon
bludgeoned
bludgeoning
bludgeons
blue
blueberries
blueberry
bluebird
bluebirds
bluebonnet
bluebonnets
bluecat
bluechat
bluecoat
blueface
bluefish
bluehouse
blueness
blueprint
blueprints
bluer
blues
blueshoes
bluesky
bluest
bluestocking
bluestone
bluetooth
bluevirus-design
bluewhalecrm
bluez
bluff
bluffing
bluffs
bluing
bluish
blulab
blunder
blunderbuss
blundered
blundering
blunderings
blunders
blunt
blunted
blunter
bluntest
blunting
bluntly
bluntness
blunts
blur
bluray
blurb
blurred
blurring
blurry
blurs
blursoft
blurt
blurted
blurting
blurts
blush
blushed
blushes
blushing
bluster
blustered
blustering
blusters
blustery
blv
blw
blx
bly
blz
bm
bma
bmadmin
bmail
bmb
bmc
bmd
bme
bmf
bmforum
bmg
bmh
bmi
bmj
bmk
bml
bml_email
bml_holiday
bml_savings
bml_spotlight
bmm
bmn
bmnf
bmo
bmp
bmq
bmr
bms
bmt
bmu
bmv
bmw
bmx
bmy
bmz
bmz_cache
bn
bna
bnb
bnc
bncweb
bnd
bne
bnf
bng
bnh
bni
bnj
bnk
bnl
bnm
bnn
bnnr
bno
bnp
bnq
bnr
bns
bnt
bnu
bnv
bnw
bnx
bny
bnz
bo
boa
boar
board
board_old
boarded
boarder
boarders
boarding
boardinghouse
boardinghouses
boardpower
boardroom
boards
boardtest
boast
boasted
boaster
boasters
boastful
boastfully
boasting
boastings
boastmachine
boasts
boat
boat-details
boater
boaters
boathouse
boathouses
boating
boatload
boatloads
boatman
boatmen
boats
boatsforsale
boatsman
boatsmen
boatswain
boatswains
boatwizard
boatyard
boatyards
bob
bobbed
bobbin
bobbing
bobbins
bobbitt
bobby
bobcat
bobolink
bobolinks
boboprintbe
boboprintnl
bobs
bobwhite
bobwhites
boc
bochane
bod
bode
bodes
bodice
bodied
bodies
bodily
bodington
bodo
body
bodybuilder
bodybuilders
bodybuilding
bodyguard
bodyguards
bodyweight
boe
boehme
boeken
boerse
boevik
bof
bofh
bog
bogeymen
bogged
boggle
boggled
boggles
boggling
bogofilter
bogs
bogus
boh
boi
boil
boiled
boiler
boilerplate
boilers
boiling
boils
boise
boisterous
boisterously
boite
boiterose
boj
bok
boke
bol
bold
bolder
boldest
boldface
boldly
boldness
boletim
boletin
boletines
boleto
boletos
bolinos
bolintech
bolivia
boll
bolsa
bolster
bolstered
bolstering
bolsters
bolt
bolted
bolthole
bolting
bolts
bom
bomb
bombard
bombarded
bombarding
bombardment
bombards
bombast
bombastic
bombed
bomber
bomberclone
bombers
bombing
bombings
bombproof
bombs
bon
bonanza
bonanzas
bond
bond007
bondage
bonded
bonder
bonders
bonding
bonds
bondsman
bondsmen
bone
boned
bonehunter
boner
boners
bones
bonfire
bonfires
bong
boning
bonjour
bonnet
bonneted
bonnets
bonnie
bonny
bons-plans
bonus
bonuses
bony
boo
boob
booboo
booby
booger
boogie
book
book-online
book-reviews
book-store
book2
bookanad
bookcase
bookcases
bookcollect
bookcovers
booked
booker
bookers
bookie
bookies
bookimages
bookinfo
booking
bookingengine
bookingengines
bookings
bookish
bookkeeper
bookkeepers
bookkeeping
booklet
booklets
bookmaker
bookmark
bookmark-button
bookmark4u
bookmarkicons
bookmarking
bookmarklet
bookmarks
booknow
bookreview
books
books1
booksearch
bookseller
booksellers
bookshelf
bookshelves
bookshop
bookstore
bookstores
bookworm
boolean
boom
boomed
boomer
boomerang
boomerangs
booming
booms
boon
boonex
boor
boorish
boors
boos
boost
boost_stats
boosted
booster
boosting
boosts
boot
bootable
bootcamp
booted
booth
booths
booting
bootleg
bootlegged
bootlegger
bootleggers
bootlegging
bootlegs
boots
bootsie
bootstrap
bootstrapped
bootstrapping
bootstraps
booty
booze
boozt!
bop
boq
bor
boramae
borate
borates
borax
bordello
bordellos
border
bordered
bordering
borderings
borderland
borderlands
borderline
borders
borderware
bore
bored
boredom
borer
bores
boric
boring
boris
borland
born
borne
borodin
boron
borough
boroughs
borrar
borrow
borrowed
borrower
borrowers
borrowing
borrows
borsa
bos
bosbos
bosch
bosdev
bosom
bosoms
bosque
boss
bossed
bosses
boston
bosun
bot
bot-trap
bot_trap
botalot
botan
botanical
botanist
botanists
botany
botch
botched
botcher
botchers
botches
botching
both
bother
bothered
bothering
bothers
bothersome
botiga
botkiller
boton
botones
botrighthere
bots
botsi
botsv
bottle
bottled
bottleneck
bottlenecks
bottler
bottlers
bottles
bottling
bottom
bottomed
bottoming
bottomless
bottomline
bottoms
bottrap
botulinus
botulism
bou
bouffant
bough
boughs
bought
boulder
boulders
boulevard
boulevards
boullis
bounce
bounced
bouncer
bounces
bouncing
bouncy
bound
boundaries
boundary
bounded
bounden
bounding
boundless
boundlessness
bounds
bounteous
bounteously
bounties
bountiful
bounty
bouquet
bouquets
bourbon
bourgeois
bourgeoisie
bourse
boustrophedon
boustrophedonic
bout
boutell
boutique
boutique_us
bouts
bov
bovey
bovine
bovines
bow
bowdlerize
bowdlerized
bowdlerizes
bowdlerizing
bowed
bowel
bowels
bower
bowers
bowes
bowing
bowl
bowled
bowler
bowlers
bowline
bowlines
bowling
bowls
bowman
bows
bowstring
bowstrings
box
box1
box2
boxcar
boxcars
boxed
boxen
boxer
boxers
boxes
boxing
boxster
boxtop
boxtops
boxwood
boy
boycott
boycotted
boycotts
boyfriend
boyfriends
boyhood
boyish
boyishness
boys
boz
bozo
bp
bpa
bpb
bpc
bpd
bpe
bpf
bpg
bph
bpi
bpj
bpk
bpl
bpm
bpn
bpo
bpp
bpq
bpr
bproc
bps
bpt
bpu
bpv
bpw
bpx
bpy
bpz
bqa
bqb
bqc
bqd
bqe
bqf
bqg
bqh
bqi
bqj
bqk
bql
bqm
bqn
bqo
bqp
bqq
bqr
bqs
bqt
bqu
bqv
bqw
bqx
bqy
bqz
br
bra
brace
braced
bracelet
bracelets
braces
bracing
brack
bracket
bracketed
bracketing
brackets
brackish
brad
bradford
bradley
bradmark
brady
brae
braes
brag
bragged
bragger
bragging
brags
braid
braided
braiding
braids
brain
brainbank
brainchild
brained
braining
brains
brainstem
brainstems
brainstorm
brainstorms
brainwash
brainwashed
brainwashes
brainwashing
brainy
brake
braked
brakeman
brakes
braking
bramble
brambles
brambly
bran
branch
branche
branched
branchenbuch
branches
branching
branchings
brand
branded
brandi
branding
brandish
brandishes
brandishing
brandon
brands
brandy
brandywine
bras
brash
brashly
brashness
brasil
brass
brasses
brassiere
brassy
brat
brats
braun
bravado
brave
braved
bravely
braveness
braver
bravery
braves
bravest
braving
bravo
bravos
brawl
brawler
brawling
brawn
bray
brayed
brayer
braying
brays
braze
brazed
brazen
brazenly
brazenness
brazes
brazier
braziers
brazil
brazing
brb
brc
brd
bre
breach
breached
breacher
breachers
breaches
breaching
bread
breadboard
breadboards
breadbox
breadboxes
breadcrumbs
breaded
breading
breads
breadth
breadwinner
breadwinners
break
breakable
breakables
breakage
breakaway
breakcalendar
breakdown
breakdowns
breaker
breakers
breakfast
breakfasted
breakfaster
breakfasters
breakfasting
breakfasts
breaking
breaking-news
breakpoint
breakpoints
breaks
breakthrough
breakthroughes
breakthroughs
breakup
breakwater
breakwaters
breast
breasted
breasts
breastwork
breastworks
breath
breathable
breathe
breathed
breather
breathers
breathes
breathing
breathless
breathlessly
breaths
breathtaking
breathtakingly
breathy
brecht
bred
breech
breeches
breed
breeder
breeders
breeding
breeds
breedt
breeze
breezes
breezily
breezy
bremen
bremsstrahlung
brend
brenda
brent
brentwood
brethren
breve
breves
brevet
breveted
breveting
brevets
brevity
brew
brewed
brewer
breweries
brewers
brewery
brewing
brews
brewster
brf
brg
brh
bri
brian
briar
briars
bribble
bribe
bribed
briber
bribers
bribery
bribes
bribing
brick
brickbat
bricked
bricker
bricklayer
bricklayers
bricklaying
bricks
bridal
bride
bridegroom
brides
bridesmaid
bridesmaids
bridesonly
bridge
bridgeable
bridged
bridgehead
bridgeheads
bridges
bridget
bridgework
bridging
bridle
bridled
bridles
bridling
brief
briefcase
briefcases
briefed
briefer
briefest
briefing
briefings
briefly
briefness
briefs
brier
brig
brigade
brigades
brigadier
brigadiers
brigantine
bright
brighten
brightened
brightener
brighteners
brightening
brightens
brighter
brightest
brightly
brightness
brightstation
brigs
brilliance
brilliancy
brilliant
brilliantly
brim
brimful
brimmed
brimming
brimstone
brindle
brindled
brine
bring
bringer
bringers
bringing
brings
brink
brinkmanship
briny
brisk
brisker
briskly
briskness
bristle
bristled
bristles
bristling
bristol
britches
british
brittle
brittleness
brj
brk
brl
brm
brn
bro
broach
broached
broaches
broaching
broad
broadband
broadboard
broadcast
broadcasted
broadcaster
broadcasters
broadcasting
broadcastings
broadcasts
broaden
broadened
broadener
broadeners
broadening
broadenings
broadens
broader
broadest
broadgun
broadly
broadness
broadside
broadvision
broadway
brocade
brocaded
broccoli
brochure
brochures
broderbund
broil
broiled
broiler
broilers
broiling
broils
broke
broken
broken_link
brokenbytes
brokenly
brokenness
broker
broker_access
brokerage
brokers
bromide
bromides
bromine
bronchi
bronchial
bronchiole
bronchioles
bronchitis
bronchus
bronze
bronzed
bronzes
brooch
brooches
brood
brooder
brooding
broods
brook
brooke
brooked
brooks
brooky
broom
broome
brooms
broomstick
broomsticks
broshures
broth
brothel
brothels
brother
brotherhood
brotherliness
brotherly
brothers
brought
brouwer
brow
browbeat
browbeaten
browbeating
browbeats
brown
browned
browner
brownest
brownie
brownies
browning
brownish
brownness
browns
brows
browse
browse-jobs
browse_catalog
browseftp
browseproducts
browser
browsercrm
browsers
browsersync
browsing
brp
brq
brr
brs
brsync
brt
bru
bruce
brudaswen
bruise
bruised
bruises
bruising
bruker
brukerdiskusjon
brunch
brunches
brunette
brunhoff
brunt
brush
brushed
brushes
brushfire
brushfires
brushing
brushlike
brushy
brusque
brusquely
brutal
brutalities
brutality
brutalize
brutalized
brutalizes
brutalizing
brutally
brute
brutes
brutish
brutus
brv
brw
brx
bry
bryansk
bryeans
brz
bs
bsa
bsb
bsc
bscw
bsd
bsd-games
bsdftpd-ssl
bsdi
bse
bsf
bsg
bsh
bsi
bsj
bsk
bsl
bsm
bsmart
bsmtpd
bsn
bso
bsp
bsq
bsr
bss
bst
bsu
bsv
bsw
bsx
bsy
bsz
bt
bta
btauxdir
btb
btc
btd
bte
btf
btg
btgrup
bth
bti
btittracker
btj
btk
btl
btm
btn
btns
bto
btp
btq
btr
bts
btt
btu
btv
btw
btx
bty
btz
bu
bua
bub
bubba
bubba1
bubble
bubbled
bubbles
bubbling
bubbly
buc
buch
buch-resources
buchen
buchung
buck
buckboard
buckboards
bucked
bucket
buckets
bucking
buckle
buckled
buckler
buckles
buckling
bucks
buckshot
buckskin
buckskins
buckwheat
bucolic
bud
budded
buddies
budding
buddy
buddylist
budge
budged
budges
budget
budgetary
budgeted
budgeter
budgeters
budgeting
budgetonline
budgets
budging
buds
bue
buecher
buf
buff
buffalo
buffaloes
buffer
buffered
buffering
buffers
buffet
buffeted
buffeting
buffetings
buffets
buffoon
buffoons
buffs
buffy
bug
bug_report
bugaboo
bugang
bugeyed
bugged
bugger
buggers
buggies
bugging
buggy
bugle
bugled
bugler
bugles
bugling
bugs
bugtrack
bugtracker
bugzilla
buh
bui
build
build_indexes
builder
builders
building
buildings
buildr
builds
buildup
buildups
built
built2go
builtbottough
builtin
buitracker
buj
buk
bul
bulb
bulbs
bulgari
bulgaria
bulge
bulged
bulging
bulk
bulk-email
bulked
bulkemail
bulkhead
bulkheads
bulkmail
bulks
bulksms
bulky
bull
bulldog
bulldogs
bulldoze
bulldozed
bulldozer
bulldozes
bulldozing
bulled
bullet
bulleti
bulletin
bulletins
bulletproof
bullets
bulletscript
bullfrog
bullied
bullies
bulling
bullion
bullish
bullock
bulls
bullseye
bullshit
bully
bullying
bulten
bulwark
bum
bumble
bumblebee
bumblebees
bumbled
bumbler
bumblers
bumbles
bumbling
bummed
bumming
bump
bumped
bumper
bumpers
bumping
bumps
bumptious
bumptiously
bumptiousness
bums
bun
bunch
bunched
bunches
bunching
bundle
bundled
bundled-libs
bundles
bundling
bungalow
bungalows
bungle
bungled
bungler
bunglers
bungles
bungling
bunion
bunions
bunk
bunka
bunker
bunkered
bunkers
bunkhouse
bunkhouses
bunkmate
bunkmates
bunks
bunnies
bunny
bunnyslippers
buns
bunt
bunted
bunter
bunters
bunting
bunts
buo
buoni-sconto
buoy
buoyancy
buoyant
buoyed
buoys
bup
buq
bur
burden
burdened
burdening
burdens
burdensome
bureau
bureaucracies
bureaucracy
bureaucrat
bureaucratic
bureaucrats
bureaus
burgdorf
burgeon
burgeoned
burgeoning
burgess
burgesses
burgher
burghers
burglar
burglaries
burglarize
burglarized
burglarizes
burglarizing
burglarproof
burglarproofed
burglarproofing
burglarproofs
burglars
burglary
burgyan
burial
buried
buries
burl
burlesque
burlesques
burlington
burly
burn
burned
burner
burners
burning
burningly
burnings
burnish
burnished
burnishes
burnishing
burns
burnt
burntly
burntness
burnwave,
burp
burped
burping
burps
burrow
burrowed
burrower
burrowing
burrows
burrs
bursa
bursar
bursitis
burst
burstiness
bursting
bursts
bursty
burtchen
burut
bury
burying
burzi
bus
busboy
busboys
busca
buscador
buscar
buschgardens
bused
buses
bush
bushel
bushels
bushes
bushing
bushwhack
bushwhacked
bushwhacking
bushwhacks
bushy
busied
busier
busiest
busily
business
business-cards
businesses
businesslike
businessman
businessmen
busing
busqueda
busquedas
buss
bussed
busses
bussing
bust
bustard
bustards
busted
buster
bustia
bustle
bustling
busts
busy
busybox
but
butane
butch
butcher
butchered
butchers
butchery
butik
butler
butlers
butt
butte
butted
butter
butterball
buttercup
buttered
butterer
butterers
butterfat
butterflies
butterfly
buttering
buttermilk
butternut
butters
buttery
buttes
butthead
butti
butting
buttock
buttocks
button
button_images
buttoned
buttonhole
buttonholes
buttoning
buttons
buttress
buttressed
buttresses
buttressing
butts
buttuglysoftware
butyl
butyrate
buu
buv
buw
bux
buxom
buxus
buy
buy-a-photo
buy-sell
buy_now
buyer
buyers
buying
buying-homes
buynow
buyproduct
buyproducts_id
buys
buz
buzlas
buzon
buzones
buzz
buzzards
buzzed
buzzer
buzzes
buzzing
buzzword
buzzwords
buzzy
bv
bva
bvadmin
bvb
bvc
bvd
bve
bvf
bvg
bvh
bvi
bvj
bvk
bvl
bvm
bvmodules
bvn
bvo
bvp
bvq
bvr
bvrp
bvs
bvt
bvu
bvv
bvw
bvx
bvy
bvz
bw
bwa
bwb
bwc
bwd
bwe
bwf
bwg
bwh
bwi
bwj
bwk
bwl
bwm
bwn
bwo
bwp
bwq
bwr
bws
bwt
bwu
bwv
bww
bwx
bwy
bwz
bx
bxa
bxb
bxc
bxcp
bxd
bxe
bxf
bxg
bxh
bxi
bxj
bxk
bxl
bxm
bxn
bxo
bxp
bxq
bxr
bxs
bxt
bxu
bxv
bxw
bxx
bxy
bxz
by
by-manufacturer
bya
byb
byc
byd
bye
byf
byg
bygone
byh
byi
byj
byk
byl
bylanguage
bylaw
bylaws
byline
bylines
bym
byn
byo
byp
bypass
bypassed
bypasses
bypassing
byproduct
byproducts
byq
byr
bys
bystander
bystanders
byt
byte
bytechnology
bytehoard
byteme
bytes
byu
byv
byw
byway
byways
byword
bywords
byx
byy
byz
bz
bz2
bza
bzb
bzc
bzd
bze
bzf
bzflag
bzg
bzh
bzi
bzip2
bzj
bzk
bzl
bzm
bzn
bzo
bzp
bzq
bzr
bzs
bzt
bzu
bzv
bzw
bzx
bzy
bzz
c
c'nedra
c-albelli-be
c-albelli-be-fr
c-albelli-be-nl
c-albelli-com
c-albelli-de
c-albelli-fr
c-albelli-it
c-albelli-nl
c-albelli-no
c-albelli-se
c-albelli-uk
c-bijenkorf
c-bild
c-bonusprint
c-news
c-note
c-oranjefoto
c-orc
c-rootsite
c-tesco
c1
c2
c2net
c3
c4
c7
cPanel
c_action
c_info
c_news_show
c_order
c_products_show
ca
ca-en
ca-fr
ca3de
ca_es
ca_fr
caa
cab
cabal
cabana
cabaret
cabbage
cabbages
cabdriver
cabecera
cabextract
cabin
cabinet
cabinets
cabins
cable
cabled
cables
cabletron
cabling
caboose
cabs
cac
cache
cache1
cache2
cache_files
cache_files1
cache_html
cache_page
cache_public
cached
cacheflow
cachemgr
cachep
caches
caching
cackle
cackled
cackler
cackles
cackling
cacti
cactus
cactusoft
cad
cadastro
cadaver
caddie
cadeau
cadeaux
cadence
cadenced
cadiz
cadmin
cadmins
cadres
cae
caesar
caf
cafe
cafelog
cafepress
cafes
cafeteria
caffein
caffeinated
caffeine
cag
cage
caged
cager
cagers
cages
caging
cah
cahier
cai
caiji
caiman
cairn
caisse
caitlin
caj
caja
cajole
cajoled
cajoles
cajoling
cajon
cak
cake
caked
cakephp
cakes
caking
cal
cal_images
calacode
calaix
calamities
calamitous
calamity
calamp
calaratjada
calc
calcify
calcio
calcium
calcs
calculate
calculated
calculates
calculating
calculation
calculations
calculative
calculator
calculators
calculi
calculus
calcviews
caldera
calendar
calendar2
calendar_events
calendar_sports
calendarevents
calendario
calendarix
calendars
calender
calendrier
calendrix
calf
calfskin
calgary
cali
caliber
calibers
calibrate
calibrated
calibrates
calibrating
calibration
calibrations
calico
calife
californ
california
caligari
caliph
caliphs
calisto
call
call-center-software
callable
callback
callcenter
called
callee
caller
callers
callin
calling
calling-cards
callinitialpage
calliope
callmeier
callous
calloused
callously
callousness
callout
calls
callus
calm
calmed
calmer
calmest
calming
calmingly
calmly
calmness
calms
calogic
caloric
calorie
calories
calorimeter
calorimetric
calorimetry
caloris
calumny
calve
calves
calvin
calypso
cam
camaro
cambridge
came
camel
camels
camera
cameraman
cameramen
cameras
camille
camouflage
camouflaged
camouflages
camouflaging
camp
campagne
campagnes
campaign
campaigned
campaigner
campaigners
campaigning
campaigns
campania
campanile
campanyes
campbell
camped
campeggio
camper
campers
campfire
campground
camping
campings
camps
campsite
campsites
campus
campus_life
campuses
campusuite
campware
cams
can
canada
canal
canales
canals
canaries
canary
canced
cancel
canceled
canceling
cancellation
cancellations
cancels
cancer
cancer-horoscope
cancerous
cancers
cancun
candi
candid
candidacy
candidat
candidate
candidatelists
candidates
candidly
candidness
candied
candies
candle
candlelight
candler
candles
candlestick
candlesticks
candor
candy
cane
canela
caner
canine
canister
canker
cankerworm
canna
cannabis
canned
cannel
canner
canners
cannery
cannes
cannibal
cannibalize
cannibalized
cannibalizes
cannibalizing
cannibals
canning
cannister
cannisters
cannon
cannonball
cannonda
cannons
cannot
canny
canoe
canoes
canon
canonic
canonical
canonicalization
canonicalize
canonicalized
canonicalizes
canonicalizing
canonically
canonicals
canons
canopy
cans
cant
cantaloupe
cantankerous
cantankerously
canteen
cantilever
canto
canton
cantons
cantor
cantors
canvas
canvases
canvass
canvassed
canvasser
canvassers
canvasses
canvassing
canyon
canyons
cao
cap
capabilities
capability
capable
capably
capacious
capaciously
capaciousness
capacitacion
capacitance
capacitances
capacities
capacitive
capacitor
capacitors
capacity
capcha
cape
caper
capers
capes
capi4hylafax
capillary
capita
capital
capitalism
capitalist
capitalists
capitalization
capitalizations
capitalize
capitalized
capitalizer
capitalizers
capitalizes
capitalizing
capitally
capitals
capitol
capitols
capped
capping
caprice
capricious
capriciously
capriciousness
caps
capsalera
capstan
capstone
capsule
captain
captained
captaining
captains
captaris
captcha
captchaform
captchas
caption
captions
captiva
captivate
captivated
captivates
captivating
captivation
captive
captives
captivity
captor
captors
capture
captured
capturer
capturers
captures
capturing
capybara
caq
car
car-insurance
car-rental
car100
car_rental
caramel
caravan
caravans
caravel
caraway
carbohydrate
carbolic
carbon
carbonate
carbonated
carbonates
carbonation
carbonic
carbonization
carbonize
carbonized
carbonizer
carbonizers
carbonizes
carbonizing
carbons
carborundum
carbuncle
carbuyaction
carcass
carcasses
carcinogen
carcinogenic
carcinoma
card
cardboard
carder
cardiac
cardinal
cardinalauth
cardinalform
cardinalities
cardinality
cardinally
cardinals
cardiology
cardiovascular
cards
cardsimages
care
cared
careen
career
careerfocus
careerpath
careers
careerservices
carefree
careful
carefully
carefulness
careless
carelessly
carelessness
caren
cares
caress
caressed
caresser
caresses
caressing
caret
caretaker
carey
carga
cargar
cargo
cargoes
cari-rusco
caribbean
caribou
caricature
caring
carl
carla
carline
carload
carlos
carmen
carnage
carnal
carnation
carnegie
carnival
carnivals
carnivore
carnivorous
carnivorously
carofthemonth
carol
carole
carolina
caroline
carols
carousel
carp
carp_evolution_4
carpenter
carpenters
carpentry
carpet
carpeta
carpeted
carpeting
carpets
carport
carrello
carriage
carriages
carrie
carried
carrier
carriers
carries
carrigan
carrinho
carrion
carrito
carros
carrot
carrots
carruthers
carry
carrying
carryover
carryovers
cars
carson
cart
cart-show
cart2
cart32
cart_items
cart_order
carta
cartagena
cartaya
cartconfig
carte
carted
cartel
carter
carters
cartes
carthandler
cartilage
cartimages
carting
carto
cartoes
cartographer
cartographic
cartography
cartoline
carton
cartons
cartoon
cartoons
cartpage
cartpics
cartpreview
cartridge
cartridges
carts
cartwheel
cartwiz
carve
carved
carver
carves
carving
carvings
cas
casa
casa-rural
casas
cascadable
cascade
cascaded
cascades
cascadesoft
cascading
case
case-studies
case-study
case_studies
cased
casement
casements
cases
caseshare
casestudies
casestudy
casework
casey
cash
cashback
cashe
cashed
casher
cashers
cashes
cashew
cashier
cashiers
cashing
cashmere
casi
casing
casings
casino
casinos
casinosoft
cask
casket
caskets
casks
casper
casserole
casseroles
cassette
cassie
cassock
cast
caste
castelle
castellon
caster
casters
castes
castigate
castillo
casting
castle
castled
castles
castor
castrol
casts
casual
casually
casualness
casuals
casualties
casualty
cat
cat_images
cataclysmic
catads
catal
catala
cataleg
catalegs
catall
catalog
catalog2
catalog_de
catalog_images
catalog_old
catalog_test
cataloged
cataloger
cataloges
catalogimages
cataloging
catalogo
catalogorderform
catalogos
catalogrequest
catalogs
catalogsearch
catalogue
catalogues
catalyst
catalysts
catalytic
catapult
cataract
catastrophe
catastrophes
catastrophic
catch
catchable
catcher
catchers
catches
catching
categ
categoria
categorias
categorical
categorically
categorie
categories
categorization
categorize
categorized
categorizer
categorizers
categorizes
categorizing
category
category-s
category_images
category_s
category_search
categorydisplay
categoryimages
categorypath
catentrysearch
cater
catered
caterer
caterer-search
catering
caterpillar
caterpillars
caters
catfish
cathedral
cathedrals
catherine
catheter
catheters
cathode
cathodes
cathy
catid
catimages
catimg
catinfo
catlike
catnip
cats
catsicons
catsup
cattail
cattle
cattle-for-sale
cattleman
cattlemen
cau
caucho
caucus
caudium
caught
cauhinh
cauldron
cauldrons
cauliflower
caulk
caupo
caurina
causal
causality
causally
causation
causations
cause
caused
causer
causes
causeway
causeways
causing
caustic
causticly
caustics
cauta
cautao
cautare
cautari
caution
cautioned
cautioner
cautioners
cautioning
cautionings
cautions
cautious
cautiously
cautiousness
cav
cavalier
cavalierly
cavalierness
cavalry
cave
caveat
caveats
caved
caveman
cavemen
cavern
cavernous
caverns
caves
caviar
cavil
caving
cavities
cavity
cavoxcms
caw
cawing
cax
cay
cayman
cayuga
caz
cb
cba
cbb
cbc
cbd
cbe
cbf
cbg
cbh
cbi
cbj
cbk
cbl
cblog
cbm
cbn
cbo
cbp
cbq
cbr
cbs
cbsms
cbt
cbu
cbv
cbw
cbx
cby
cbz
cc
cc-common
cca
ccadmin
ccard
ccb
ccbill
ccc
cccccc
cccsoftware
ccd
ccds
cce
ccf
ccg
ccguestbook
cch
cch_css
cch_js
cchost
cci
ccj
cck
ccl
ccleague
cclogos
ccm
ccmail
ccms
ccn
cco
ccount
ccp
ccp14admin
ccp51
ccpayment
ccq
ccr
ccs
ccsearch
ccss
cct
cctv
cctvprinting
ccu
ccv
ccw
ccx
ccy
ccz
cd
cda
cdb
cdc
cdcd
cdd
cde
cdf
cdg
cdh
cdi
cdj
cdk
cdl
cdm
cdma
cdn
cdo
cdomain
cdp
cdq
cdr
cdrdao
cdrom
cdrtools
cds
cdt
cdu
cdv
cdw
cdwrite
cdx
cdy
cdz
ce
cea
cease
ceased
ceaseless
ceaselessly
ceaselessness
ceases
ceasing
ceb
cebit
cec
cecily
ced
cedar
cede
ceded
cedic
ceding
cee
cees
cef
ceg
ceh
cei
ceiling
ceilings
cej
cek
cel
celeb
celebrate
celebrated
celebrates
celebrating
celebration
celebrations
celebrities
celebrity
celebs
celerity
celery
celestial
celestially
celica
celine
cell
cell-phones
cellar
cellars
celled
celler
cellist
cellists
cellophane
cells
cellular
cellulose
celtech
celtics
cem
cement
cemented
cementing
cements
cemeteries
cemetery
cen
ceneo
censor
censored
censoring
censors
censorship
censtore
censure
censured
censurer
censures
census
censuses
cent
centaur
centenary
centennial
center
centered
centericq
centering
centerpiece
centerpieces
centers
centigrade
centimeter
centimeters
centipede
centipedes
centra
central
centralism
centralist
centralization
centralize
centralized
centralizes
centralizing
centrally
centre
centrecom
centres
centrifugal
centrifuge
centrinity
centripetal
centrist
centro
centroid
centros
cents
centuries
century
century21
ceo
cep
ceq
cer
ceramic
cerberus
cerberus-gui
cerbre
cerca
cercador
cereal
cereals
cerebellum
cerebral
ceremonial
ceremonially
ceremonialness
ceremonies
ceremony
cerror
cert
certain
certainly
certainties
certainty
certenroll
certicom
certifiable
certificados
certificate
certificates
certification
certifications
certified
certifier
certifiers
certifies
certify
certifying
certs
certserver
certsrv
cerulean
ces
cesar
cescripts
ceshi
cespedes
cessation
cessations
cesta
cet
cetelem
ceu
cev
cew
cex
cey
cez
cf
cf_nuke
cfa
cfappman
cfapps
cfb
cfc
cfcache
cfcs
cfd
cfdocs
cfe
cff
cffm
cfformprotect
cffs
cfg
cfgmaker
cfh
cfi
cfide
cfincludes
cfj
cfk
cfl
cfm
cfmagic
cfn
cfo
cforum
cfp
cfq
cfr
cfs
cft
cftags
cftest
cftp
cfu
cfusion
cfv
cfw
cfx
cfy
cfz
cg
cg-bin
cga
cgb
cgc
cgd
cge
cgf
cgg
cgh
cgi
cgi-admin
cgi-bin
cgi-bin-church
cgi-bin-debug
cgi-bin-live
cgi-bin2
cgi-bin_ssl
cgi-club
cgi-data
cgi-dos
cgi-exe
cgi-files
cgi-home
cgi-html
cgi-image
cgi-lib
cgi-local
cgi-moses
cgi-out
cgi-perl
cgi-perlx
cgi-php
cgi-pl
cgi-priv
cgi-pub
cgi-rescue
cgi-script
cgi-scripts
cgi-sec
cgi-secure
cgi-server
cgi-shl
cgi-shl-prot
cgi-src
cgi-ssl
cgi-store
cgi-sys
cgi-test
cgi-web
cgi-win
cgi-world
cgi_bin
cgi_src
cgibin
cgicentral
cgidata
cgidir
cgis
cgiscript
cgiwrap
cgixp
cgj
cgk
cgl
cgm
cgm-web
cgn
cgo
cgp
cgq
cgr
cgs
cgt
cgu
cgv
cgw
cgx
cgy
cgz
ch
ch-de
ch-fr
ch-gb
cha
chache
chacmool
chad
chafe
chafer
chaff
chaffer
chaffing
chafing
chagrin
chain
chained
chaining
chains
chair
chaired
chairing
chairlady
chairman
chairmen
chairperson
chairpersons
chairs
chairwoman
chairwomen
chalice
chalices
chalk
chalked
chalking
chalks
challeng
challenge
challenged
challenger
challengers
challenges
challenging
chamas
chamber
chambered
chamberlain
chamberlains
chambermaid
chambers
chameleon
champagne
champion
championed
championing
champions
championship
championships
chan
chance
chanced
chancellor
chancery
chances
chancing
chandelier
chandeliers
chanel
change
change-password
change-style
change-tracker
change4life
change_area
change_password
changeability
changeable
changeably
changed
changelog
changelogs
changeme
changeover
changepass
changepassword
changepw
changepwd
changer
changers
changes
changeset
changeuserinfo
changing
changshinsoft
channel
channeled
channeling
channelled
channeller
channellers
channelling
channels
chanpin
chant
chanted
chanter
chanticleer
chanticleers
chanting
chants
chaogic
chaos
chaossoft
chaotic
chap
chapel
chapels
chaperon
chaperone
chaperoned
chaplain
chaplains
chapman
chaps
chapter
chapters
char
character
characteristic
characteristically
characteristics
characterizable
characterization
characterizations
characterize
characterized
characterizer
characterizers
characterizes
characterizing
characters
charcoal
charcoaled
charge
chargeable
charged
charger
chargers
charges
charging
chariot
chariots
charisma
charismatic
charitable
charitableness
charities
charity
charles
charleston
charlie
charlie1
charlott
charlotte
charlton
charm
charmed
charmer
charmers
charming
charmingly
charmingru
charms
charon
charrua
chars
charset.conv
chart
chartable
charte
charted
charter
chartered
chartering
charters
charting
chartings
chartreuse
charts
charts_library
chase
chased
chaser
chasers
chases
chasing
chasm
chasms
chassis
chaste
chastely
chasteness
chastise
chastised
chastiser
chastisers
chastises
chastising
chastity
chat
chat1
chat2
chatbox
chateau
chateaus
chatness
chatorg
chatroom
chatrooms
chats
chattel
chatter
chatterbox
chattered
chatterer
chattering
chatters
chattest
chatting
chatty
chauffeur
chauffeured
chaussette
chb
chbg
chc
chcounter
chcounter3
chd
che
cheap
cheapen
cheapened
cheapening
cheapens
cheaper
cheapest
cheaply
cheapness
cheat
cheated
cheater
cheaters
cheating
cheats
cheboksary
check
check-email
checkable
checkbook
checkbooks
checked
checker
checkerboard
checkerboarded
checkerboarding
checkers
checkfree
checkfs
checkfsys
checkin
checking
checkip
checklist
checkmark
checkout
checkout2
checkout3
checkout_
checkout_iclear
checkout_payment
checkout_process
checkout_success
checkoutanon
checkoutreview
checkouts
checkpoint
checkpoints
checks
checksum
checksummed
checksumming
checksums
checksys
checkup
cheek
cheekbone
cheeks
cheeky
cheer
cheered
cheerer
cheerful
cheerfully
cheerfulness
cheerily
cheeriness
cheering
cheerleader
cheerless
cheerlessly
cheerlessness
cheers
cheery
cheese
cheesebot
cheesecloth
cheesepizza
cheeses
cheesy
cheeta
cheetah
chef
chefs
chelsea
chelyabinsk
chem
chemical
chemically
chemicals
chemise
chemist
chemistries
chemistry
chemists
chennai
chercher
cherezov
cherish
cherished
cherishes
cherishing
cherokee
cherries
cherry
cherrypicker
cherrypickerse
cherrypy
cherub
cherubim
cherubs
cheryl
chesapeake
chess
chest
chester
chester1
chestionar
chestnut
chestnuts
chests
chetcpasswd
chevy
chew
chewed
chewer
chewers
chewing
chews
cheyenne
chf
chg
chh
chi
chi-siamo
chic
chicago
chicanery
chick
chickadee
chickadees
chicken
chickens
chicks
chico
chide
chided
chides
chiding
chief
chiefly
chiefs
chieftain
chieftains
chiffon
child
childbirth
childcare
childhood
childish
childishly
childishness
childlike
children
childrens
chile
chili
chilisoft
chill
chilled
chiller
chillers
chillier
chilliness
chilling
chillingly
chills
chilly
chime
chimera
chimes
chimney
chimneys
chimpanzee
chin
china
chinabank
chindi
chinery
chinese
chink
chinked
chinks
chinned
chinner
chinners
chinning
chinput
chins
chintz
chip
chipmailer
chipmunk
chipmunks
chips
chiquita
chiropractor
chirp
chirped
chirping
chirps
chirpy!
chisel
chiseled
chiseler
chisels
chit
chitex
chivalrous
chivalrously
chivalrousness
chivalry
chivers
chiyodaku
chj
chk
chl
chloe
chlorine
chloroform
chlorophyll
chloroplast
chloroplasts
chm
chmelik
chn
cho
chock
chocks
choco
chocolat
chocolate
chocolates
choice
choices
choicest
choir
choirs
choke
choked
choker
chokers
chokes
choking
cholera
cholod
choose
chooser
choosers
chooses
choosing
chop
chopped
chopper
choppers
chopping
choppy
chops
choral
chord
chordate
chorded
chording
chords
chore
choreograph
choreography
chores
choring
chortle
chorus
chorused
choruses
chose
chosen
chowder
chp
chpasswd
chpox
chpurl
chpwd
chq
chr
chris
chris1
christchurch
christen
christened
christening
christens
christensen
christia
christian
christin
christina
christine
christmas
christmas-news
christof
christop
christoph
christopher
christy
chromatogram
chromatograph
chromatography
chrome
chromebob
chromejs
chrometheme
chromium
chromosphere
chronic
chronicle
chronicled
chronicler
chroniclers
chronicles
chronik
chronograph
chronography
chronological
chronologically
chronologies
chronology
chronos
chrony
chrysanthemum
chs
cht
chu
chubbier
chubbiest
chubbiness
chubby
chuck
chuckle
chuckled
chuckles
chucks
chuid
chum
chumpsoft
chunchun_manage
chung-kie
chunk
chunks
chunky
church
churches
churchgoer
churchgoing
churchinfo
churchly
churchman
churchmen
churchwoman
churchwomen
churchyard
churchyards
churn
churned
churning
churns
chute
chutes
chutzpah
chv
chw
chx
chxo
chy
chz
ci
cia
ciamos
ciao
cib
cic
cicada
cid
cidade
cidades
cider
cie
cif
cifrado
cig
cig-bin
cigar
cigarette
cigarettes
cigars
cigital
cih
cii
cij
cik
cikis
cil
cilem
cilia
cim
cimages
cimg
cimjobpostadmin
cimmetry
cin
cincinnati
cincshared
cinder
cinders
cindy
cine
cinema
cinematic
cinfo
cinnamon
cio
cip
cipher
ciphers
ciphertext
ciphertexts
ciphertrust
ciq
cir
circa
circare
circeos
circle
circled
circles
circlet
circling
circuit
circuitous
circuitously
circuitry
circuits
circulant
circular
circularity
circularly
circulate
circulated
circulates
circulating
circulation
circumcise
circumcision
circumference
circumflex
circumlocution
circumlocutions
circumnavigate
circumnavigated
circumnavigates
circumpolar
circumscribe
circumscribed
circumscribing
circumscription
circumspect
circumspection
circumspectly
circumstance
circumstanced
circumstances
circumstantial
circumstantially
circumvent
circumventable
circumvented
circumventing
circumvents
circus
circuses
cirkuitincludes
cis
cisco
cisneiros
cistern
cisterns
cisweb
cit
cit-e-access
citadel
citadels
citation
citations
cite
cited
citemap
cites
citi
citibank
cities
citing
citizen
citizens
citizenship
citmgr
citrix
citrus
citrusdb
citta
city
cityforfree
cityguide
cityimages
citymap
citypost
cityscape
citysearch
citysoft
citywide
ciu
ciudad
ciudades
civ
civet
civic
civica
civicrm
civics
civicspace
civil
civilian
civilians
civility
civilization
civilizations
civilize
civilized
civilizes
civilizing
civilly
ciw
cix
ciy
ciz
cj
cja
cjadmin
cjb
cjc
cjd
cje
cjf
cjg
cjguestbook
cjh
cji
cjj
cjk
cjl
cjm
cjn
cjo
cjoverkill
cjp
cjq
cjr
cjs
cjt
cju
cjv
cjw
cjx
cjy
cjz
ck
cka
ckb
ckc
ckd
cke
ckeditor
ckf
ckfinder
ckg
ckgold
ckh
cki
ckj
ckk
ckl
ckm
ckn
cko
ckp
ckq
ckr
cks
ckt
cku
ckv
ckw
ckx
cky
ckz
cl
cl2
cl_upload
cla
clad
cladding
claerhout
claim
claim-profile
claimable
claimant
claimants
claimed
claiming
claims
claire
clairvoyant
clairvoyantly
clam
clamber
clambered
clambering
clambers
clamor
clamored
clamoring
clamorous
clamors
clamp
clamped
clamping
clamps
clams
clamwin
clan
clancy
clandestine
clang
clanged
clanging
clangs
clank
clanky
clanlib
clanlite
clannish
clanportal
clanscripte
clansys
clap
clapboard
clapping
claps
clarification
clarifications
clarified
clarifies
clarify
clarifying
clarinet
claris
clarity
clark
clarkconnect
claroline
clase
clases
clash
clashed
clashes
clashing
clasificados
clasp
clasped
clasping
clasps
class
class-1
classads
classe
classed
classes
classfiles
classi
classic
classical
classically
classics
classifiable
classificados
classification
classifications
classified
classified-ads
classifieds
classifier
classifiers
classifies
classify
classifying
classlibrary
classmate
classmates
classroo
classroom
classroompages
classrooms
classy
clatter
clattered
clattering
claude
claudia
claudio
claus
clause
clauses
clauss
claustrophobia
claustrophobic
clave
claves
clavister
claw
clawed
clawing
claws
clay
claymore
clays
clb
clc
cld
cle
clean
cleaned
cleaner
cleaners
cleanest
cleaning
cleanliness
cleanly
cleanness
cleans
cleanse
cleansed
cleanser
cleansers
cleanses
cleansing
cleanup
clear
clearance
clearances
clearcookies
cleared
clearer
clearest
clearing
clearinghouse
clearings
clearly
clearness
clearpixel
clears
clearswift
cleavage
cleave
cleaved
cleaver
cleavers
cleaves
cleaving
cleft
clefts
clemency
clemens
clement
clench
clenched
clenches
cleo
clergy
clergyman
clergymen
clerical
clerk
clerked
clerking
clerks
cleveland
clever
clever's
cleverer
cleverest
cleverly
cleverness
clf
clg
clh
cli
clic
cliche
cliches
click
click-n-vote
click2learn
clickandbuild
clickbank
clickblog!
clickcess
clicked
clickheat
clickinfo
clicking
clickout
clicks
clicktale
clickthru
clicktrack
clicktracker
clicky
client
client-area
client-images
client-login
client_account
client_admin
client_area
client_data
client_files
client_login
client_scripts
client_uploads
clientaccess
clientaccesspolicy
clientadmin
clientapi
clientarea
clientbin
cliente
clientele
clientes
clientfiles
clienti
clientlogin
clients
clientscript
clientscripts
clientscrpt
clienttools
clientupload
clientuploads
clientvarremoval
cliff
cliffs
clima
climate
climates
climatic
climatically
climatology
climax
climaxed
climaxes
climb
climbed
climber
climbers
climbing
climbs
clime
climes
clinch
clinched
clincher
clinches
cline
cling
clinging
clings
clinic
clinical
clinically
clinician
clinics
clink
clinked
clinker
clip
clipart
clipboard
clipcomm
clipped
clipper
clippers
clipping
clippings
clips
clipserve
clique
cliques
cliserv
clitoris
clj
clk
cll
clm
cln
clo
cloak
cloaking
cloakroom
cloaks
clobber
clobbered
clobbering
clobbers
clock
clocked
clocker
clockers
clocking
clockings
clocks
clockwatcher
clockwise
clockwork
cloclo
clod
clods
clog
clogged
clogging
clogs
cloister
cloisterblog
cloisters
clone
cloned
clones
cloning
close
closed
closely
closeness
closenesses
closeouts
closer
closers
closes
closest
closet
closeted
closets
closeup
closing
closure
closures
clot
cloth
clothe
clothed
clothes
clotheshorse
clothesline
clothing
clotting
cloture
cloud
cloudburst
clouded
cloudier
cloudiest
cloudiness
clouding
cloudless
cloudnine
clouds
cloudy
clout
clove
clover
cloves
clown
clowning
clowns
clp
clq
clr
cls
clshttp
clt
clu
club
club-nuke
clubbed
clubbing
clubhouse
clubpage
clubroom
clubs
clubsaveology
clubsinfo
cluck
clucked
clucking
clucks
clue
cluecentral
clues
clump
clumped
clumping
clumps
clumsily
clumsiness
clumsy
clung
cluster
clustered
clustering
clusterings
clusters
clutch
clutched
clutches
clutching
clutter
cluttered
cluttering
clutters
clv
clw
clx
cly
clz
cm
cma
cma-inquiry
cmagency
cmb
cmc
cmc_upload
cmcic
cmd
cmdocs
cme
cmf
cmg
cmh
cmi
cmimages
cmj
cmk
cml
cmm
cmn
cmo
cmp
cmpi_popup
cmq
cmr
cms
cms-admin
cms1
cms2
cms64
cms_addon
cms_admin
cms_cache
cms_docs
cms_images
cms_includes
cms_old
cms_widgets
cmsadmin
cmsadmincontrols
cmsblog
cmscout
cmsdemo
cmsdesk
cmsdevelopment
cmsecommerce
cmsfiles
cmsformcontrols
cmsforum
cmshelp
cmsimages
cmsimple
cmsimportfiles
cmsinstall
cmslayouts
cmsmasterpages
cmsmessages
cmsmessaging
cmsmodules
cmspages
cmsreporting
cmsresources
cmsscripts
cmssitemanager
cmssiteutils
cmstemplates
cmswebparts
cmt
cmu
cmv
cmw
cmwlogin
cmx
cmy
cmz
cn
cna
cnb
cnc
cncat
cnd
cne
cnet
cnf
cng
cnh
cni
cnj
cnk
cnl
cnm
cnn
cno
cnp
cnq
cnr
cns
cnstat
cnstats
cnt
cntt
cnu
cnv
cnw
cnx
cny
cnz
co
coa
coach
coach-history
coached
coacher
coaches
coaching
coachman
coachmen
coagulate
coal
coalesce
coalesced
coalesces
coalescing
coalition
coals
coarse
coarsely
coarsen
coarsened
coarseness
coarser
coarsest
coast
coastal
coasted
coaster
coasters
coasting
coastline
coasts
coat
coated
coating
coatings
coats
coattail
coauthor
coax
coaxed
coaxer
coaxes
coaxial
coaxing
cob
coba
cobalt
cobble
cobbler
cobblers
cobblestone
cobra
cobrand
cobranding
cobrandoct
cobrandocts
cobweb
cobwebs
coc
coca
cocacola
cocaine
coches
cock
cocked
cocking
cockpit
cockroach
cocks
cocktail
cocktails
cocky
coco
cocoa
coconut
coconuts
cocoon
cocoons
cod
coddle
code
code-crafters
code-of-practice
code2
code_tree
codeavalanche
codebase
codec
codecs
coded
codeeditor
codegrrl
codeigniter
codeine
codelib
codelibrary
codemasters
codepages
codepress
coder
coders
codes
codesearch
codestriker
codethat
codetosell
codeword
codewords
codeworks
codfish
codicil
codification
codifications
codified
codifier
codifiers
codifies
codify
codifying
codigo
codigos
coding
codings
codpiece
coe
coed
coeditor
coeducation
coefficient
coefficients
coequal
coerce
coerced
coerces
coercible
coercing
coercion
coercive
coexist
coexisted
coexistence
coexisting
coexists
cof
cofactor
cofax
coffee
coffeecup
coffeepot
coffees
coffer
coffers
coffin
coffins
cog
cogent
cogently
coger
cogitate
cogitated
cogitates
cogitating
cogitation
cognac
cognition
cognitive
cognitively
cognizance
cognizant
cognos
cognos-app
cognos-db
cognos-web
cogs
coh
cohabitation
cohabitations
cohere
cohered
coherence
coherent
coherently
coheres
cohering
cohesion
cohesive
cohesively
cohesiveness
cohort
coi
coid
coil
coiled
coiling
coils
coin
coinage
coincide
coincided
coincidence
coincidences
coincident
coincidental
coincides
coinciding
coined
coiner
coining
coins
coj
cok
coke
cokes
col
colab
colabora
colaboradores
colander
cold
colder
coldest
coldfusion
coldly
coldness
colds
coldspring
coldwellbanker
cole
coleccion
colecciones
colgate
colicky
coliform
colin
coliseum
coll_info
collab
collaborate
collaborated
collaborates
collaborating
collaboration
collaborations
collaborative
collaborator
collaborators
collabtive
collagen
collapse
collapsed
collapses
collapsible
collapsing
collar
collarbone
collared
collaring
collars
collate
collateral
colleague
colleagues
colleccio
collect
collected
collectible
collecting
collection
collections
collective
collectively
collectives
collector
collectors
collects
colleen
college
colleges
collegian
collegiate
collide
collided
collides
colliding
collie
collies
collins
collision
collisions
colloidal
colloquia
colloquial
colloquium
colloquy
collusion
collweb
colocation
colombia
colon
colonel
colonels
colonial
colonially
colonials
colonies
colonist
colonists
colonization
colonize
colonized
colonizer
colonizers
colonizes
colonizing
colons
colony
color
colorado
colorbox
colord
colored
colorer
colorers
colorful
coloring
colorings
colorless
colorpicker
colors
colossal
colour
colt
coltrane
colts
columbia
columbus
column
columnists
columnize
columnized
columnizes
columnizing
columns
com
com1
com2
com2001
com3
com4
com_adsmanager
com_banners
com_comment
com_comprofiler
com_contact
com_content
com_facileforms
com_fireboard
com_frontpage
com_jce
com_jcomments
com_jomcomment
com_login
com_mailto
com_media
com_messages
com_newsfeeds
com_poll
com_registration
com_rss
com_search
com_sef
com_sh404sef
com_sobi2
com_sun_web_ui
com_user
com_virtuemart
com_weblinks
com_wrapper
com_xmap
coma
comadmin
comagent
comanda-rapida
comb
combat
combatant
combatants
combated
combating
combative
combats
combed
comber
combers
combination
combinational
combinations
combinator
combinatorial
combinatorially
combinatoric
combinatorics
combinators
combine
combined
combines
combing
combings
combining
combo
combs
combustible
combustion
comcast
comcast2
comcity
comdev
come
comeback
comedian
comedians
comedic
comedies
comedy
comeliness
comely
comentarii
comentario
comentarios
coments
comer
comercial
comercio
comers
comersus
comes
comestible
comet
cometary
cometchat
comets
comfort
comfortabilities
comfortability
comfortable
comfortably
comforted
comforter
comforters
comforting
comfortingly
comforts
comic
comical
comically
comics
coming
coming-soon
coming_soon
comings
comingsoon
comm
comma
command
commandant
commandants
commande
commanded
commandeer
commander
commanders
commandes
commandfile
commanding
commandingly
commandment
commandments
commando
commands
commas
commconfig
commemorate
commemorated
commemorates
commemorating
commemoration
commemorative
commence
commenced
commencement
commencements
commences
commencing
commend
commendation
commendations
commended
commending
commends
commensurate
comment
comment-page
comment-page-1
comment-page-2
comment-page-3
comment-page-4
comment-page-5
comment-page-6
comment-policy
comment_feeds
comment_form
commentadd
commentaires
commentaries
commentary
commentator
commentators
commented
commenti
commenting
commentit
commentluv
comments
commerce
commercesql
commercial
commercially
commercialness
commercials
commission
commissioned
commissioner
commissioners
commissioning
commissions
commit
commitment
commitments
commits
committed
committee
committeeman
committeemen
committees
committeewoman
committeewomen
committing
commodities
commodity
commodityrentals
commodore
commodores
commom
common
common-lisp-controller
common2
common_assets
common_files
common_images
common_img
common_includes
common_scripts
common_solswv1
commonalities
commonality
commoncontrols
commoner
commoners
commonest
commonfiles
commoninc
commonly
commonname
commonness
commonpages
commonpgm
commonplace
commonplaces
commons
commonspot
commonwealth
commonwealths
commotion
commrades
comms
commun
communal
communally
communaute
communcations
commune
communes
communicant
communicants
communicate
communicated
communicates
communicating
communication
communications
communicative
communicator
communicators
communion
communist
communists
communities
community
community-care
community-tags
communityserver
communitysite
commutative
commutativity
commute
commuted
commuter
commuters
commutes
commuting
commvault
comoblog
comp
comp-fe
comp.blue
comp.gray
comp1
comp2
compact
compacted
compacter
compactest
compacting
compaction
compactly
compactness
compactor
compactors
compacts
companies
companion
companionable
companions
companionship
company
company-info
company-profile
companysearch
compaq
compara
comparability
comparable
comparably
comparateur
comparative
comparatively
comparatives
comparator
comparators
compare
compare_product
compared
compares
comparetemp
comparing
comparison
comparison_list
comparisons
compartment
compartmentalize
compartmentalized
compartmentalizes
compartmentalizing
compartmented
compartments
compass
compassion
compassionate
compassionately
compat
compatibilities
compatibility
compatible
compatibles
compatibly
compel
compelled
compelling
compellingly
compels
compendium
compensate
compensated
compensates
compensating
compensation
compensations
compensatory
comperemedia
compete
competed
competence
competency
competent
competently
competes
competing
competition
competitions
competitive
competitively
competitor
competitors
compex
compilation
compilations
compile
compiled
compiler
compilers
compiles
compiling
complacency
complain
complained
complainer
complainers
complaining
complains
complaint
complaints
complement
complementary
complemented
complementer
complementers
complementing
complements
complete
complete_profile
completed
completely
completeness
completes
completing
completion
completions
complex
complexes
complexion
complexities
complexity
complexly
compliance
compliant
complicate
complicated
complicates
complicating
complication
complications
complicator
complicators
complicity
complied
compliment
complimentary
complimented
complimenter
complimenters
complimenting
compliments
comply
complying
component
componentes
componentes_vbv
componenti
componentone
componentry
components
componentwise
compose
composed
composedly
composer
composers
composes
composing
composite
composites
composition
compositional
compositions
compost
composure
compound
compounded
compounding
compounds
compra
comprar
compras
comprehend
comprehended
comprehending
comprehends
comprehensibility
comprehensible
comprehension
comprehensive
comprehensively
compress
compressed
compresses
compressible
compressing
compression
compressiontest
compressive
compressor
comprise
comprised
comprises
comprising
comprofiler
compromise
compromised
compromiser
compromisers
compromises
compromising
compromisingly
comps
compta
compte
compte-client
compteur
compton
comptroller
comptrollers
compulife
compulsion
compulsions
compulsive
compulsory
compunction
compusource
computability
computable
computalynx
computation
computational
computationally
computations
compute
computed
computer
computer-weekly
computercitydk
computerize
computerized
computerizes
computerizing
computeroil
computers
computes
computing
compuware
comrade
comradely
comrades
comradeship
coms
comscripts
comtek
comum
comun
comune
comunes
comuni
comunicacio
comunicacion
comunicaciones
comunicator
comunidad
comunidade
comunidades
comvigo
con
concatenate
concatenated
concatenates
concatenating
concatenation
concatenations
concatus
concave
conceal
concealed
concealer
concealers
concealing
concealment
conceals
concede
conceded
concedes
conceding
conceit
conceited
conceits
conceivable
conceivably
conceive
conceived
conceives
conceiving
concentrate
concentrated
concentrates
concentrating
concentration
concentrations
concentrator
concentrators
concentric
concept
conception
conceptions
conceptronic
concepts
conceptual
conceptualization
conceptualizations
conceptualize
conceptualized
conceptualizes
conceptualizing
conceptually
concern
concerned
concernedly
concerning
concerns
concert
concerted
concertmaster
concerto
concerts
concerts-shows
concesionarios
concession
concessions
concierge
conciertos
conciliate
conciliatory
concise
concisely
conciseness
conclave
conclude
concluded
concludes
concluding
conclusion
conclusions
conclusive
conclusively
concoct
concomitant
concord
concordance
concordant
concorsi
concorso
concours
concourse
concrete
concretely
concreteness
concretes
concretion
concubine
concur
concurred
concurrence
concurrencies
concurrency
concurrent
concurrently
concurring
concurs
concurso
concursos
concussion
condemn
condemnation
condemnations
condemned
condemner
condemners
condemning
condemns
condensation
condense
condensed
condenser
condenses
condensing
condescend
condescending
condiciones
condition
conditional
conditionally
conditionals
conditioned
conditioner
conditioners
conditioning
conditions
condo
condom
condone
condoned
condones
condoning
condos
conduce
conducive
conduciveness
conduct
conductance
conducted
conducting
conduction
conductive
conductivity
conductor
conductors
conducts
conduit
cone
coneco
conecta
conectiva
cones
conexant
conexion
conexware
conf
confarc
confectionery
confederacy
confederate
confederates
confederation
confederations
confer
conferee
conference
conferences
conferred
conferrer
conferrers
conferring
confers
confess
confessed
confesses
confessing
confession
confessions
confessor
confessors
confetti-brides
confidant
confidants
confide
confided
confidence
confidences
confident
confidential
confidentiality
confidentially
confidently
confides
confiding
confidingly
config
config-old
config_paybox
configfiles
configs
configurable
configuracion
configuration
configurations
configurator
configurazione
configure
configured
configures
configuring
confine
confined
confinement
confinements
confiner
confines
confining
confirm
confirmacio
confirmare
confirmation
confirmations
confirmatory
confirmed
confirming
confirms
confiscate
confiscated
confiscates
confiscating
confiscation
confiscations
conflagration
conflict
conflicted
conflicting
conflicts
confluence
confluent
confocal
conform
conformal
conformance
conformed
conforming
conformity
conforms
confound
confounded
confounding
confounds
confront
confrontation
confrontations
confronted
confronter
confronters
confronting
confronts
conftool
confuse
confused
confuser
confusers
confuses
confusing
confusingly
confusion
confusions
congenial
congenially
congenital
congest
congested
congestion
congestive
conglomerate
congratulate
congratulated
congratulation
congratulations
congratulatory
congregate
congregated
congregates
congregating
congregation
congregations
congresos
congress
congresses
congressional
congressionally
congressman
congressmen
congresswoman
congresswomen
congruence
congruent
conic
conifer
coniferous
conjecture
conjectured
conjectures
conjecturing
conjoined
conjugal
conjugate
conjunct
conjuncted
conjunction
conjunctions
conjunctive
conjunctively
conjuncts
conjuncture
conjure
conjured
conjurer
conjures
conjuring
conlib
conn
connect
connected
connectedness
connecticut
connecting
connection
connectionless
connections
connective
connectives
connectivity
connector
connectors
connects
connessione
connexion
connie
connivance
connive
connoisseur
connoisseurs
connotation
connotative
connote
connoted
connotes
connoting
connubial
conpresso
conquer
conquerable
conquered
conquerer
conquerers
conquering
conqueror
conquerors
conquers
conquest
conquests
conrad
conscience
consciences
conscientious
conscientiously
conscious
consciously
consciousness
conscript
conscription
consecrate
consecration
consecutive
consecutively
conseils
consensual
consensus
consent
consented
consenter
consenters
consenting
consents
consequence
consequences
consequent
consequential
consequentialities
consequentiality
consequently
consequents
conservation
conservationist
conservationists
conservations
conservatism
conservative
conservatively
conservatives
conservator
conserve
conserved
conserves
conserving
consider
considerable
considerably
considerate
considerately
consideration
considerations
considered
considering
considers
consign
consigned
consigning
consigns
consist
consisted
consistency
consistent
consistently
consisting
consists
consola
consolable
consolation
consolations
console
consoled
consoler
consolers
consoles
consolidate
consolidated
consolidates
consolidating
consolidation
consoling
consolingly
consonant
consonants
consort
consorted
consorting
consortium
consortium,
consorts
conspicuous
conspicuously
conspiracies
conspiracy
conspirator
conspirators
conspire
conspired
conspires
conspiring
constable
constables
constancy
constant
constantcontact
constantes
constantly
constants
constellation
constellations
consternation
constituencies
constituency
constituent
constituents
constitute
constituted
constitutes
constituting
constitution
constitutional
constitutionality
constitutionally
constitutions
constitutive
constrain
constrained
constraining
constrains
constraint
constraints
constrict
construccion
construct
constructed
constructibility
constructible
constructing
construction
constructions
constructive
constructively
constructor
constructors
constructs
construe
construed
construing
consul
consular
consulate
consulates
consuls
consult
consulta
consultant
consultants
consultas
consultation
consultations
consultative
consulted
consulting
consultoria
consults
consumable
consume
consumed
consumer
consumers
consumes
consuming
consummate
consummated
consummately
consummation
consumption
consumptions
consumptive
consumptively
cont
conta
contact
contact-author
contact-form
contact-info
contact-me
contact-us
contact2
contact25php
contactUs
contact_bean
contact_files
contact_form
contact_info
contact_request
contact_seller
contact_thanks
contact_us
contact_us_form
contactanos
contactar
contacted
contactenos
contactform
contactgrabber
contactinfo
contacting
contacto
contactos
contacts
contacts_confirm
contactshort
contactus
contador
contadores
contagion
contagious
contagiously
contain
containable
contained
container
containers
containing
containment
containments
contains
contaminate
contaminated
contaminates
contaminating
contamination
contao
contato
contatore
contatori
contattaci
contatti
contelligent
contemplate
contemplated
contemplates
contemplating
contemplation
contemplations
contemplative
contemporaries
contemporariness
contemporary
contempt
contemptible
contemptuous
contemptuously
contend
contended
contender
contenders
contending
contends
contenedor
contenido
contenidos
contenite
contens
content
content-builder
content-form
content-images
content-wtc
content2
content2web
content_admin
content_files
content_images
contentadmin
contented
contentimages
contentindex
contenting
contention
contentions
contentkeeper
contently
contentmanager
contentment
contentmgmt
contentmgr
contentrotator
contents
contentserv
contentserver
contentservice
contenttemplates
contentworks
contenu
contenuti
contest
contestable
contestant
contested
contester
contesters
contesting
contests
conteudo
context
contexts
contextual
contextually
contiguity
contiguous
contiguously
continent
continental
continentally
continents
contingencies
contingency
contingent
contingents
contingut
continguts
continual
continually
continuance
continuances
continuation
continuations
continue
continued
continues
continuing
continuities
continuity
continuous
continuously
continuum
contortions
contour
contoured
contouring
contours
contraband
contraception
contraceptive
contract
contracted
contracting
contraction
contractions
contractor
contractors
contracts
contractual
contractually
contradict
contradicted
contradicting
contradiction
contradictions
contradictory
contradicts
contradistinction
contradistinctions
contrapositive
contrapositives
contraption
contraptions
contrariness
contrary
contrast
contrasted
contraster
contrasters
contrasting
contrastingly
contrasts
contrexx
contrib
contribute
contributed
contributes
contributing
contribution
contributions
contributor
contributorily
contributors
contributory
contrite
contrition
contrivance
contrivances
contrive
contrived
contriver
contrives
contriving
control
control-panel
control2
control_examples
control_panel
controlcenter
controle
controler
controles
controllability
controllable
controllably
controlled
controller
controllers
controlling
controllo
controlpanel
controls
controls-infra
controlsite
controlzx
controversial
controversies
controversy
controvertible
contul-meu
contumacious
contumacy
conundrum
conundrums
conv
convalescent
convect
convene
convened
convenes
convenience
conveniences
convenient
conveniently
convening
convent
convention
conventional
conventionally
conventions
convents
converge
converge_local
converged
convergence
convergent
converges
converging
convergys
conversant
conversantly
conversation
conversational
conversationally
conversations
converse
conversed
conversely
converses
conversing
conversion
conversions
convert
convert-uulib
converted
converter
converters
convertibility
convertible
converting
convertor
converts
convex
convey
conveyance
conveyances
conveyed
conveyer
conveyers
conveying
conveyor
conveys
convict
convicted
convicting
conviction
convictions
convicts
convince
convinced
convincer
convincers
convinces
convincing
convincingly
convivial
convoke
convoluted
convolution
convoy
convoyed
convoying
convoys
convulse
convulsion
convulsions
coo
cooing
cook
cookbook
cooked
cookery
cookie
cookie-test
cookie_test
cookie_usage
cookies
cookietest
cooking
cooks
cooky
cool
cool!
cooled
cooler
coolers
coolest
coolforum
coolie
coolies
cooling
coolly
coolmenus
coolness
coolphp
cools
coon
coons
cooolsoft
coop
cooped
cooper
cooperate
cooperated
cooperates
cooperating
cooperation
cooperations
cooperative
cooperatively
cooperatives
cooperator
cooperators
coopers
coops
coord
coordinate
coordinated
coordinates
coordinating
coordination
coordinations
coordinator
coordinators
cop
cop-kutusu
copa
cope
coped
copernic
copernicus
copes
copia
copied
copier
copiers
copies
coping
copings
copious
copiously
copiousness
copits
coplanar
copper
copperhead
coppermine
coppers
copra
coprocessor
cops
copse
copy
copyfrompic
copying
copyright
copyright-policy
copyright_var_de
copyrightable
copyrightcheck
copyrighted
copyrights
copywriter
coq
coquette
cor
coral
coraltours
coranto
corba
corbeau
cord
corded
corder
cordial
cordiality
cordially
cordoba
cords
core
core-xml
core_functions
core_picker
cored
coredump
coreg
corel
coremetrics
corenews
corer
corers
cores
corestreet
coriander
coring
cork
corked
corker
corkers
corking
corks
corkscrew
cormorant
corn
cornea
cornelius
corner
cornered
corners
cornerstone
cornerstones
cornet
cornfield
cornfields
corning
cornmeal
corns
cornstarch
cornucopia
corny
corollaries
corollary
corona
coronaries
coronary
coronation
coroner
coronet
coronets
coroutine
coroutines
corp
corpandresize
corpo
corporal
corporals
corporate
corporately
corporatesite
corporation
corporations
corporativo
corps
corpse
corpses
corpulent
corpus
corpuscular
corrado
corral
correct
correctable
corrected
correcting
correction
corrections
corrective
correctively
correctives
correctly
correctness
corrector
corrects
corredores
correlate
correlated
correlates
correlating
correlation
correlations
correlative
correo
correspond
corresponded
correspondence
correspondences
correspondent
correspondents
corresponding
correspondingly
corresponds
correu
corridor
corridors
corrigenda
corrigendum
corrigible
corroborate
corroborated
corroborates
corroborating
corroboration
corroborations
corroborative
corrode
corrosion
corrosive
corrugate
corrupt
corrupted
corrupter
corruptible
corrupting
corruption
corruptions
corrupts
corset
cortex
cortical
coruna
corwin
cos
cosas
cosine
cosines
cosmetic
cosmetics
cosmic
cosmicperl
cosmicphp
cosmo
cosmology
cosmopolitan
cosmos
cosmoshop
cosponsor
cost
costa-rica
costco
costed
costing
costly
costs
costume
costumed
costumer
costumes
costuming
cosy
cot
cotangent
cotillion
cots
cottage
cottager
cottages
cotton
cottonmouth
cottons
cottonseed
cottonwood
cotyledon
cotyledons
cou
couch
couchdb
couched
couches
couching
cougar
cougars
cough
coughed
coughing
coughs
could
coulomb
council
councillor
councillors
councilman
councilmen
councils
councilwoman
councilwomen
counsel
counseled
counseling
counselled
counselling
counsellor
counsellors
counselor
counselors
counsels
count
countable
countably
countdown
counted
countenance
counter
counter2
counteract
counteracted
counteracting
counteractive
counterargument
counterattack
counterbalance
counterclockwise
countered
counterexample
counterexamples
counterfeit
counterfeited
counterfeiter
counterfeiting
counterflow
countering
counterintuitive
counterman
countermeasure
countermeasures
countermen
counterpane
counterpart
counterparts
counterpath
counterpoint
counterpointing
counterpoise
counterproductive
counterproposal
counterrevolution
counters
countersink
countersoft
countersunk
countess
counties
counting
countless
countries
country
countryman
countrymen
countryside
countrywide
counts
county
countywide
couple
coupled
coupler
couplers
couples
coupling
couplings
coupon
coupons
coupons1
courage
courageous
courageously
courcelle
courier
couriers
couriers-chester
courrier
cours
course
coursed
courseforum
courser
courses
courseware
coursing
court
courted
courteous
courteously
courter
courters
courtesan
courtesies
courtesy
courthouse
courthouses
courtier
courtiers
courting
courtly
courtney
courtroom
courtrooms
courts
courtship
courtyard
courtyards
couscous
cousin
cousins
cov
covalent
covariant
cove
covenant
covenants
coveo
cover
cover_image
coverable
coverage
covered
coverflow
covering
coverings
coverlet
coverlets
coverlooks
covers
covert
covertly
coves
covet
coveted
coveting
covetous
covetousness
covets
covide
cow
cowadmin
coward
cowardice
cowardly
cowboy
cowboys
cowed
cower
cowered
cowerer
cowerers
cowering
coweringly
cowers
cowherd
cowhide
cowing
cowl
cowlick
cowling
cowls
cowon
coworker
cows
cowslip
cowslips
cox
coxco
coy
coyote
coyotes
coypu
coz
cozier
coziness
cozy
cp
cpa
cpadmin
cpaint
cpan
cpanel
cpanel_file
cpath
cpb
cpc
cpcommerce
cpd
cpdemo
cpe
cpf
cpg
cpg-nuke
cph
cpi
cpio
cpix
cpj
cpk
cpl
cplay
cpm
cpmfetch
cpn
cpo
cpp
cpq
cpr
cps
cpstyles
cpt
cpu
cpv
cpw
cpx
cpy
cpz
cq
cqa
cqb
cqc
cqd
cqe
cqf
cqg
cqh
cqi
cqj
cqk
cql
cqm
cqn
cqo
cqp
cqq
cqr
cqs
cqt
cqu
cqv
cqw
cqx
cqy
cqz
cr
cra
crab
crabapple
crabs
crack
crackalaka
cracked
cracker
crackers
cracking
crackle
crackled
crackles
crackling
crackpot
cracks
cradle
cradled
cradles
craft
crafted
crafter
craftiness
crafting
crafts
craftsman
craftsmen
craftspeople
craftsperson
crafty
crag
craggy
crags
craig
craigslist
cram
cramming
cramp
cramps
crams
cranberries
cranberry
crane
cranes
crania
cranium
crank
crankcase
cranked
crankier
crankiest
crankily
cranking
cranks
crankshaft
cranky
cranny
crap
crapp
crash
crashed
crasher
crashers
crashes
crashing
crass
crate
crater
craters
crates
cravat
cravats
crave
craved
craven
craves
craving
crawford
crawl
crawled
crawler
crawlers
crawlertrap
crawling
crawlprotect
crawls
crawltrack
cray
crayon
craze
crazed
crazes
crazier
craziest
crazily
craziness
crazing
crazy
crb
crc
crd
cre
crea
creak
creaked
creaking
creaks
creaky
cream
creamed
creamer
creamers
creamery
creaming
creams
creamy
crear
crease
creased
creases
creasing
creat
create
create-account
create_account
createaccount
createbutton
created
createmember
createpipeline
creates
creating
creation
creations
creative
creatively
creativeness
creativephp
creatives
creativity
creator
creators
creature
creatures
credence
credential
credentials
credibility
credible
credibly
credit
credit-card
credit-cards
credit_cards
creditable
creditably
creditcard
creditcards
creditclobber
credited
crediting
creditor
creditors
credits
credulity
credulous
credulousness
creed
creeds
creek
creeks
creep
creeper
creepers
creeping
creeps
creepy
cremate
cremated
cremates
cremating
cremation
cremations
crematory
cren
creosote
crepe
crept
crescent
crescents
crest
crested
crestfallen
crests
cretin
crevice
crevices
crew
crewcut
crewed
crewing
crews
crf
crg
crh
cri
crib
cribs
cricket
crickets
crida
cried
crier
criers
cries
crime
crimes
criminal
criminally
criminals
criminate
crimson
crimsoning
cringe
cringed
cringes
cringing
cripple
crippled
cripples
crippling
crises
crisis
crisoftricette
crisp
crisply
crispness
crisscross
cristina
criteria
criterion
critic
critical
critically
criticism
criticisms
criticize
criticized
criticizes
criticizing
critics
critique
critiques
critiquing
critter
crj
crk
crl
crm
crms
crn
cro
croak
croaked
croaking
croaks
croatia
crob
crochet
crochets
crock
crockery
crocks
crocodile
crocus
croft
cron
cron_job
cron_jobs
cron_scripts
cronjob
cronjobs
crons
cronscripts
crontab
crontabs
crook
crooked
crooks
crop
cropimage
cropped
cropper
croppers
cropping
crops
cross
cross_network
crossable
crossbar
crossbars
crossbeam
crossday
crossdomain
crossed
crosser
crossers
crosses
crossfire
crossing
crossings
crossly
crossover
crossovers
crosspoint
crossroad
crosstalk
crosstec
crosswalk
crosswind
crossword
crosswords
crotch
crotchety
crouch
crouched
crouching
crow
crowd
crowded
crowder
crowding
crowds
crowed
crowing
crown
crowned
crowning
crowns
crows
crp
crq
crr
crs
crss
crt
crtr
cru
crucial
crucially
crucible
crucified
crucifies
crucifix
crucifixion
crucify
crucifying
crud
cruddy
crude
crudely
crudeness
cruder
crudest
cruel
crueler
cruelest
cruelly
cruelty
cruise
cruise-holidays
cruiser
cruisers
cruises
cruiseworks
cruising
crumb
crumble
crumbled
crumbles
crumbling
crumbly
crumbs
crummy
crumple
crumpled
crumples
crumpling
crunch
crunched
crunches
crunchier
crunchiest
crunching
crunchlogs
crunchy
crusade
crusader
crusaders
crusades
crusading
crush
crushable
crushed
crusher
crushers
crushes
crushftp
crushing
crushingly
crust
crustacean
crustaceans
crusts
crutch
crutches
crux
cruxes
crv
crw
crx
crxdqwhfa
cry
crying
cryogenic
crypt
cryptanalysis
cryptanalyst
cryptanalytic
cryptcat
cryptic
crypto
crypto++
cryptocard
cryptogram
cryptographer
cryptographic
cryptographically
cryptography
cryptologist
cryptology
crystal
crystalline
crystallize
crystallized
crystallizes
crystallizing
crystals
crz
cs
cs&t
cs-admin
cs-cart
cs_apps
cs_gallery
cs_upload
cs_xmlpub
csa
csb
csc
cscope
csd
csdoom
cse
csf
csg
csh
csharp
cshrc
csi
csiro
csj
csk
csl
cslive
csm
csn
cso
csp
csproj
csq
csr
css
css-js
css-styles
css1
css2
css3
css_files
css_js
css_old
css_styles
cssfiles
cssimages
cssjs
cssmenuwriter
cst
cstex
cstreeicons
cstrike
cstyle
csu
csv
csv-maker
csvdir
csw
csx
csy
csystems
csz
ct
ct2
ct_bb
cta
ctalert
ctb
ctc
ctd
cte
ctest
ctf
ctg
cth
cti
ctj
ctk
ctl
ctm
ctmain
ctn
cto
ctools
ctp
ctpaygatephp
ctq
ctr
ctrack
ctracker
ctrl
ctry_usage_200909
ctry_usage_202604
cts
ctt
ctu
ctv
ctw
ctx
cty
ctz
cu
cu3er
cua
cub
cuba
cubbyhole
cube
cubecart
cubed
cubes
cubic
cubs
cuc
cucina
cuckoo
cuckoos
cucumber
cucumbers
cud
cuddle
cuddled
cuddles
cuddly
cudgel
cudgels
cue
cued
cuenta
cuentas
cues
cuf
cuff
cufflink
cuffs
cufon
cug
cuh
cui
cuisine
cuj
cuk
cul
culinary
cull
culled
culler
cullera
culling
culls
culminate
culminated
culminates
culminating
culmination
culpa
culpable
culprit
culprits
cult
cultivable
cultivate
cultivated
cultivates
cultivating
cultivation
cultivations
cultivator
cultivators
cults
cultura
cultural
culturally
culture
cultured
cultures
culturing
cum
cumbersome
cumulative
cumulatively
cun
cunnilingus
cunning
cunningly
cuo
cup
cupboard
cupboards
cupful
cupid
cupido
cupids_secret_vault
cupped
cupping
cups
cuq
cur
cur_id
curable
curably
curb
curbing
curbs
curd
curdle
cure
cured
cures
curfew
curfews
curing
curiosities
curiosity
curious
curiouser
curiousest
curiously
curl
curled
curler
curlers
curlicue
curling
curls
curly
currant
currants
currencies
currency
current
current_students
currently
currentness
currentpage
currents
currentstudents
curricular
curriculo
curriculum
curriculums
curried
curries
curry
currying
curs
curse
cursed
curses
cursing
cursive
curso
cursor
cursorily
cursors
cursory
cursos
curt
curtail
curtailed
curtails
curtain
curtained
curtains
curtate
curtis
curtly
curtness
curtsies
curtsy
curvaceous
curvature
curve
curved
curves
curvilinear
curving
cus
cushion
cushioned
cushioning
cushions
cusp
cusps
cust
custard
custdata
custimages
custodial
custodian
custodians
custody
custom
custom-labels
custom-log
custom_errors
custom_log
custom_modules
customarily
customary
customavatars
customcf
customcode
customcontrols
customdictionary
customer
customer-designs
customer-images
customer-media
customer-reviews
customer-service
customer-support
customer_care
customer_images
customer_login
customer_service
customer_support
customercare
customercenter
customerlogin
customerror
customerrorpages
customerrors
customers
customerservice
customerservices
customersupport
customfields
customfiles
customgallery
customgroupicons
customhandler
customizable
customization
customizations
customize
customized
customizer
customizers
customizes
customizing
custompayproc
customs
customscripts
customtags
custserv
cusudi
cut
cutaneous
cutback
cute
cutecast
cuteeditor
cuteeditor_files
cutenews
cutephp
cutesoft_client
cutest
cutie
cutlass
cutlet
cutoff
cutout
cutover
cuts
cutter
cutters
cutthroat
cutting
cuttingly
cuttings
cuttlefish
cuu
cuv
cuw
cux
cuy
cuz
cv
cva
cvb
cvc
cvd
cve
cvf
cvg
cvh
cvi
cvj
cvk
cvl
cvm
cvn
cvo
cvp
cvq
cvr
cvs
cvsignore
cvsps
cvstrac
cvsup
cvsweb
cvt
cvu
cvv
cvv2
cvw
cvx
cvy
cvz
cw
cw2
cw3
cwa
cwb
cwc
cwd
cwe
cwf
cwg
cwh
cwi
cwj
cwk
cwl
cwm
cwn
cwo
cwp
cwq
cwr
cws
cwt
cwu
cwv
cww
cwx
cwy
cwz
cx
cxa
cxb
cxc
cxd
cxe
cxf
cxg
cxh
cxi
cxj
cxk
cxl
cxm
cxn
cxo
cxp
cxq
cxr
cxs
cxt
cxu
cxv
cxw
cxx
cxy
cxz
cy
cya
cyanide
cyb
cyber
cyber-ark
cyber-cats
cyberbrau
cyberguard
cyberlink
cybernetic
cybernetics
cyberplus
cybersched
cybershop
cybersource
cyberspace
cyberstop
cyberstrong
cyberworld
cyboards
cybozu
cyc
cyclades
cycle
cycle_image
cycled
cycles
cyclic
cyclically
cycling
cycloid
cycloidal
cycloids
cyclone
cyclones
cyclotron
cyclotrons
cyd
cye
cyf
cyg
cygnus
cyh
cyi
cyj
cyk
cyl
cylant
cylinder
cylinders
cylindrical
cym
cymbal
cymbals
cyn
cynic
cynical
cynically
cynthia
cyo
cyp
cypherix
cyphor
cypress
cyprus
cyq
cyr
cyrano
cyrus
cyrus-utils
cyrusoft
cys
cyst
cysts
cyt
cytology
cytoplasm
cyu
cyv
cyw
cyx
cyy
cyz
cz
cza
czar
czarnews
czb
czc
czcmdcvt
czd
cze
czech
czech_republic
czf
czg
czh
czi
czj
czk
czl
czm
czn
czo
czp
czq
czr
czs
czt
czu
czv
czw
czx
czy
czz
d
d-bus
d-link
d1
d2
d2-shoutbox
d2ksoft
d3jeeb
d_images
da
da-dk
daa
daansystems
dab
dabble
dabbled
dabbler
dabbles
dabbling
dabrowski
dabs
dac
dacode
dactyl
dactylic
dad
dada
dadaimc
dadamail
daddy
dades
dadmin
dados
dads
dae
daemon
daemons
daf
daffodil
daffodils
dag
dagger
dah
dahlia
dai
daili
dailies
daily
daily-horoscopes
daily_usage_200909
daily_usage_202604
daintily
daintiness
dainty
dairy
daisies
daisy
daj
dak
dakota
dal
dale
dales
dalil
dallas
dalnet
dam
damage
damaged
damager
damagers
damages
damaging
damask
dame
dameware
damming
damn
damnation
damned
damning
damns
damp
dampen
dampens
damper
damping
dampness
dams
damsel
damsels
dan
dana
dana-na
dance
danced
dancer
dancers
dances
dancing
dancingb
dandelion
dandelions
dandy
dane
danger
dangerous
dangerously
dangers
dangle
dangled
dangles
dangling
dangnhap
danhba
daniel
danielle
daniels
danke
danmark
danny
danphpsupport
dansguardian
dansie
dantz
danware
dao
daogou
daohang
daotao
dap
dapo
dapper
daq
dar
dare
dared
darer
darers
dares
daresay
daring
daringly
dark
darken
darker
darkest
darkly
darkness
darkroom
darkwet
darling
darlings
darn
darned
darner
darning
darns
darren
darryl
dart
darted
darter
darting
dartool
darts
darwin
das
dash
dasha
dashboard
dashed
dasher
dashers
dashes
dashing
dashingly
dat
data
data-files
data1
data2
data_feed
data_files
dataaccess
databackup
databank
database
database_administration
database_backup
databases
datacenter
datadirect
datadump
dataentry
datafeed
datafeeds
datafiles
datagram
datagrams
datagrid
datakey
datakommunikation
datalex
datalook
datalynx
dataman
dataparksearch
dataport
datapower
datarescue
datas
dataservices
datasheet
datasheets
datasource
datastore
datastream
datatrac
dataviz
dataware
datawizard
dataxml
dataz
date
date-picker
date_picker
dated
dateien
dateline
daten
datenbank
datenbanken
datenblatt
datenschutz
datentechnik
datepicker
dater
daterange
dates
datev
dati
dating
dative
dato
datos
dattaraj
datum
dau
daughter
daughterly
daughters
daunt
daunted
dauntless
dav
dave
davenport
daverave
davfs
davfs2
david
david1
davide
davin
davinci
davis
daw
dawkco
dawn
dawned
dawning
dawns
dax
day
daybreak
daydream
daydreaming
daydreams
daylight
daylights
days
daytek
daytime
daz
daze
dazed
dazzle
dazzled
dazzler
dazzles
dazzling
dazzlingly
db
db-admin
db-central
db2
db4web
db_admin
db_backup
db_backups
db_conn
db_connect
db_images
db_import
db_scripts
dba
dbadm
dbadmin
dbase
dbb
dbback
dbbackup
dbboon
dbc
dbd
dbdump
dbdumps
dbe
dbeditor
dbf
dbfiles
dbg
dbh
dbi
dbimages
dbj
dbk
dbl
dblclk
dblog
dbm
dbmail
dbman
dbmodules
dbms
dbn
dbo
dbp
dbq
dbquery
dbr
dbs
dbsrch
dbstuff
dbt
dbtech
dbtest
dbtools
dbu
dbus
dbutil
dbv
dbw
dbweb
dbx
dby
dbz
dc
dca
dcam
dcb
dcc
dcd
dce
dcf
dcforum
dcg
dcgui
dch
dci
dci-designs
dcj
dck
dcl
dclk
dcm
dcms
dcn
dco
dconnect
dcp
dcp-portal
dcq
dcr
dcs
dct
dcu
dcv
dcw
dcx
dcy
dcz
dd
dd-formmailer
dd_includes
dda
ddb
ddc
ddd
dde
ddf
ddg
ddh
ddi
ddj
ddk
ddl
ddlevelsfiles
ddm
ddn
ddo
ddos
ddp
ddq
ddr
dds
ddskk
ddsn
ddt
ddu
ddv
ddw
ddx
ddy
ddz
de
de-ch
de-de
de_DE
de_at
de_ch
de_de
de_old
dea
deacon
deacons
deactivate
dead
deaden
deadhead
deadline
deadlines
deadlock
deadlocked
deadlocking
deadlocks
deadly
deadness
deadwood
deaf
deafen
deafer
deafest
deafness
deal
deal_pictures
dealer
dealer_locator
dealeraccess
dealerimages
dealerlocator
dealers
dealership
dealertools
dealing
dealings
deallocate
deallocated
deallocating
deallocation
deallocations
deals
dealt
dean
deans
dear
dearer
dearest
dearly
dearness
dearth
dearths
death
deathbed
deathly
deaths
deb
debacle
debar
debase
debatable
debate
debated
debater
debaters
debates
debating
debauch
debauchery
debbie
debian
debilitate
debilitated
debilitates
debilitating
debility
debina
debit
debited
debon
deborah
debrief
debris
debt
debt-settlement
debtor
debts
debug
debugged
debugger
debuggers
debugging
debugs
debunk
debutante
dec
decade
decadence
decadent
decadently
decades
decal
decathlon
decay
decayed
decaying
decays
decease
deceased
deceases
deceasing
decedent
deceit
deceitful
deceitfully
deceitfulness
deceive
deceived
deceiver
deceivers
deceives
deceiving
decelerate
decelerated
decelerates
decelerating
deceleration
december
decencies
decency
decennial
decent
decently
decentralization
decentralized
deception
deceptions
deceptive
deceptively
decertify
decfingerd
decibel
decidability
decidable
decide
decided
decidedly
decides
deciding
deciduous
decimal
decimals
decimate
decimated
decimates
decimating
decimation
decipher
deciphered
decipherer
deciphering
deciphers
decision
decisions
decisive
decisively
decisiveness
deck
decked
decking
deckings
decks
decl
declaration
declarations
declarative
declaratively
declaratives
declarator
declaratory
declare
declared
declarer
declarers
declares
declaring
declassify
declination
declinations
decline
declined
decliner
decliners
declines
declining
deco
decode
decoded
decoder
decoders
decodes
decoding
decodings
decolletage
decollimate
decompile
decomposability
decomposable
decompose
decomposed
decomposes
decomposing
decomposition
decompositions
decompress
decompression
deconnexion
decor
decorate
decorated
decorates
decorating
decoration
decorations
decorative
decorators
decorum
decouple
decoupled
decouples
decoupling
decouverte
decoy
decoys
decrease
decreased
decreases
decreasing
decreasingly
decree
decreed
decreeing
decrees
decrement
decremented
decrementing
decrements
decrypt
decrypted
decrypting
decryption
decrypts
ded
dede
dedicate
dedicated
dedicates
dedicating
dedication
deduce
deduced
deducer
deduces
deducible
deducing
deduct
deducted
deductible
deducting
deduction
deductions
deductive
dee
deed
deeded
deedee
deeding
deeds
deem
deemed
deeming
deemphasize
deemphasized
deemphasizes
deemphasizing
deems
deep
deepen
deepened
deepening
deepens
deeper
deepest
deeply
deepmetrix
deeps
deer
deerfield
def
def-blog
deface
default
default-images
default_files
default_icon
default_image
default_logo
default_page
default_pages
defaulted
defaulter
defaulting
defaults
defeat
defeated
defeating
defeats
defecate
defect
defected
defecting
defection
defections
defective
defecto
defects
defend
defendant
defendants
defended
defender
defenders
defending
defends
defenestrate
defenestrated
defenestrates
defenestrating
defenestration
defense
defenseless
defenses
defensible
defensive
defer
deference
deferment
deferments
deferrable
deferred
deferrer
deferrers
deferring
defers
defiance
defiant
defiantly
deficiencies
deficiency
deficient
deficit
deficits
defied
defies
defile
defiling
definable
define
defined
definer
defines
defining
definite
definitely
definiteness
definition
definitional
definitions
definitive
deflate
deflater
deflect
defocus
defoe
deforest
deforestation
deform
deformation
deformations
deformed
deformities
deformity
defraud
defray
defrost
deftly
defunct
defy
defying
deg
degeneracy
degenerate
degenerated
degenerates
degenerating
degeneration
degenerative
degradable
degradation
degradations
degrade
degraded
degrades
degrading
degree
degrees
degsms
deh
dehumidify
dehydrate
dei
deify
deign
deigned
deigning
deigns
deities
deity
dej
dejar
dejected
dejectedly
dek
del
delattachment
delaware
delay
delayed
delaying
delays
delegate
delegated
delegates
delegating
delegation
delegations
delete
delete_account
delete_expense
deleted
deletefile
deletegate
deleteimage
deleteme
deletemsg
deletepage
deleter
deleterious
deletes
deleting
deletion
deletions
delia
deliberate
deliberated
deliberately
deliberateness
deliberates
deliberating
deliberation
deliberations
deliberative
deliberator
deliberators
delicacies
delicacy
delicate
delicately
delicatessen
delicious
deliciously
delight
delighted
delightedly
delightful
delightfully
delighting
delights
delimit
delimitation
delimited
delimiter
delimiters
delimiting
delimits
delineament
delineate
delineated
delineates
delineating
delineation
delinquency
delinquent
delirious
deliriously
delirium
deliver
deliverable
deliverables
deliverance
delivered
deliverer
deliverers
deliveries
delivering
delivers
delivery
dell
dells
delphi
delphieye
delta
deltas
deltascripts
deltathree
delude
deluded
deludes
deluding
deluge
deluged
deluges
delusion
delusions
deluxe
deluxebb
delve
delves
delving
dem
demagnify
demagogue
demamar
demanas
demand
demanda
demanded
demander
demanding
demandingly
demands
demarc
demarcate
demeanor
demented
demerit
demigod
demise
demo
demo-business
demo1
demo2
demo3
demo4
demo_files
democracies
democracy
democrat
democratic
democratically
democrats
demodulate
demodulator
demof
demographic
demolish
demolished
demolishes
demolition
demon
demoniac
demonic
demons
demonstrable
demonstrate
demonstrated
demonstrates
demonstrating
demonstration
demonstrations
demonstrative
demonstratively
demonstrator
demonstrators
demoralize
demoralized
demoralizes
demoralizing
demos
demoshop
demosite
demote
demotest
demountable
demultiplex
demultiplexed
demultiplexer
demultiplexers
demultiplexing
demur
demythologize
den
denali
denature
deneme
deniable
denial
denials
denicomp
denied
denier
denies
denigrate
denigrated
denigrates
denigrating
denis
denise
denizen
denmark
dennis
denominate
denomination
denominations
denominator
denominators
denora
denotable
denotation
denotational
denotationally
denotations
denotative
denote
denoted
denotes
denoting
denounce
denounced
denounces
denouncing
dens
dense
densely
denseness
denser
densest
denshikiki
densities
density
dent
dental
dentally
dented
denting
dentist
dentistry
dentists
dents
denture
denude
denumerable
denunciate
denunciation
denver
deny
denying
deo
deodorant
deoxyribonucleic
dep
depart
departed
departing
department
departmental
departments
departs
departure
departures
depasquale
depeche
depend
dependability
dependable
dependably
depended
dependence
dependencies
dependency
dependent
dependently
dependents
depending
depends
depict
depicted
depicting
depicts
deplete
depleted
depletes
depleting
depletion
depletions
deplorable
deplore
deplored
deplores
deploring
deploy
deployed
deploying
deployment
deployments
deploys
depo
deport
deportation
deportee
deportes
deportment
depose
deposed
deposes
deposit
depositary
deposited
depositing
deposition
depositions
deposito
depositor
depositors
depository
deposits
depot
depots
deprave
depraved
depravity
deprecate
deprecated
depreciate
depreciated
depreciates
depreciation
depress
depressed
depresses
depressing
depression
depressions
deprivation
deprivations
deprive
deprived
deprives
depriving
dept
depth
depths
depts
deputies
deputy
deq
dequeue
dequeued
dequeues
dequeuing
der
derail
derailed
derailing
derails
derby
derecha
dereference
deregulate
deregulated
derek
deri
deride
derision
derivable
derivation
derivations
derivative
derivatives
derive
derived
derives
deriving
dermatology
derogatory
derrick
derriere
dervish
des
desarrollo
desaunay
desc
descarga
descargar
descargas
descarrega
descarregues
descend
descendant
descendants
descended
descendent
descender
descenders
descending
descends
descent
descents
describable
describe
described
describer
describes
describing
description
descriptions
descriptive
descriptively
descriptives
descriptor
descriptors
descry
desecrate
desegregate
desenvolupament
desenvolvimento
desert
deserted
deserter
deserters
deserting
desertion
desertions
deserts
deserve
deserved
deserves
deserving
deservingly
deservings
desiccate
desiderata
desideratum
design
design-showcase
design-templates
designate
designated
designates
designating
designation
designations
designator
designators
designed
designer
designers
designing
designs
desirability
desirable
desirably
desire
desired
desiree
desires
desiring
desirous
desist
desk
desknet's
deskpro
desks
desksoft
desktop
desktopmodules
desktops
desolate
desolately
desolation
desolations
despair
despaired
despairing
despairingly
despairs
despatch
despatched
desperado
desperate
desperately
desperation
despicable
despise
despised
despises
despising
despite
despoil
despondent
despot
despotic
despotism
despots
dessert
desserts
destabilize
destacados
destaque
destek
destination
destinations
destine
destined
destiney's
destinies
destiny
destitute
destitution
destroy
destroyed
destroyer
destroyers
destroying
destroys
destruct
destruction
destructions
destructive
destructively
destructiveness
destructor
destuff
destuffing
destuffs
desuetude
desultory
desynchronize
det
detach
detached
detacher
detaches
detaching
detachment
detachments
detail
detailed
detailing
details
detain
detained
detaining
detains
detect
detectable
detectably
detected
detecting
detection
detections
detective
detectives
detector
detectors
detects
detektiv
detente
detention
deter
detergent
deteriorate
deteriorated
deteriorates
deteriorating
deterioration
determinable
determinacy
determinant
determinants
determinate
determinately
determination
determinations
determinative
determine
determined
determiner
determiners
determines
determining
determinism
deterministic
deterministically
deterred
deterrent
deterring
detest
detestable
detested
deti
detour
detox
detract
detractor
detractors
detracts
detriment
detrimental
detroit
deu
deuce
deus
deuterium
deutsch
deutsch-englisch
deutsche
deutschland
dev
dev!lz
dev-bin
dev-editor
dev1
dev2
dev3
dev4
dev5
dev60cgi
dev_new
devastate
devastated
devastates
devastating
devastation
devcomponents
devel
develop
develope
developed
developement
developer
developers
developing
development
developmental
developments
develops
devexpress
deviant
deviants
deviate
deviated
deviates
deviating
deviation
deviations
device
devices
devil
devil-linux
devilish
devilishly
devils
devious
devis
devise
devised
devises
devising
devisings
devnet
devoid
devolve
devote
devoted
devotedly
devotee
devotees
devotes
devoting
devotion
devotions
devour
devoured
devourer
devours
devout
devoutly
devoutness
devoybb
devrim
devs
devscripts
devsite
devtest
devtools
dew
dewdrop
dewdrops
dewy
dex
dexter
dexterity
dey
dez
df
dfa
dfb
dfc
dfd
dfe
dff
dfg
dfh
dfi
dfj
dfk
dfl
dfm
dfn
dfnet
dfo
dforum
dfp
dfq
dfr
dfs
dft
dfu
dfv
dfw
dfx
dfy
dfz
dg
dga
dgb
dgc
dgd
dge
dgen
dgf
dgg
dgh
dgi
dgj
dgk
dgl
dgm
dgn
dgo
dgp
dgq
dgr
dgs
dgssearch
dgt
dgu
dgv
dgw
dgx
dgy
dgz
dh
dh_
dh_phpmyadmin
dha
dhandler
dhb
dhc
dhcp
dhd
dhe
dhf
dhg
dhh
dhi
dhj
dhk
dhl
dhm
dhn
dho
dhp
dhq
dhr
dhs
dht
dhtml
dhu
dhv
dhw
dhx
dhy
dhz
di
dia
diabetes
diabetic
diablo
diabolic
diachronic
diacritical
diadem
diag
diagnosable
diagnose
diagnosed
diagnoses
diagnosing
diagnosis
diagnostic
diagnostician
diagnostics
diagonal
diagonally
diagonals
diagram
diagrammable
diagrammatic
diagrammatically
diagrammed
diagrammer
diagrammers
diagramming
diagrams
diagwebapp
dial
dialect
dialectic
dialects
dialed
dialer
dialers
dialing
dialog
dialogic
dialogs
dialogue
dialogues
dials
dialup
dialysis
diamagnetic
diameter
diameters
diametric
diametrically
diamond
diamondcs
diamonds
dian
diana
diane
diaper
diapers
diaphragm
diaphragms
diaporama
diaries
diario
diarrhea
diary
diasoft
diatribe
diatribes
dib
dibble
dic
dicas
diccionario
dice
dichotomize
dichotomy
dichvu
dick
dickens
dickhead
dicky
dict
dictate
dictated
dictates
dictating
dictation
dictations
dictator
dictatorial
dictators
dictatorship
diction
dictionaries
dictionary
dictum
dictums
did
didactic
diddle
didyouknow
die
diebold
died
diehard
dielectric
dielectrics
diem
diendan
diendan1
diendan2
diendan3
dienske
dienste
dies
diesel
dieselscripts
diet
dietary
dieter
dieters
dietetic
dietician
dietitian
dietitians
diets
dif
diff
differ
differed
difference
differences
different
differentiable
differential
differentials
differentiate
differentiated
differentiates
differentiating
differentiation
differentiations
differentiators
differently
differer
differers
differing
differs
difficult
difficulties
difficultly
difficulty
diffract
diffs
diffuse
diffused
diffusely
diffuser
diffusers
diffuses
diffusible
diffusing
diffusion
diffusions
diffusive
dig
digatech
digest
digested
digestible
digesting
digestion
digestive
digests
digex
digg
digger
diggers
digging
diggings
digi
digi-fx
digi-net
digiappz
digibug
digichat
digicraft
digipen
digit
digital
digital1
digitalgoods
digitalhive
digitalis
digitally
digitalmax
digitalwebshop
digitization
digitize
digitized
digitizes
digitizing
digitrade
digits
dignified
dignify
dignitary
dignities
dignity
digram
digress
digressed
digresses
digressing
digression
digressions
digressive
digs
dih
dihedral
dii
dij
dik
dike
dikes
dil
dilapidate
dilatation
dilate
dilated
dilates
dilating
dilation
dilbert
dildo
dilemma
dilemmas
diligence
diligent
diligently
dill
dillo
dilogarithm
dilute
diluted
dilutes
diluting
dilution
dim
dimcp
dime
dimension
dimensional
dimensionality
dimensionally
dimensioned
dimensioning
dimensions
dimes
dimetrodon
dimg
diminish
diminished
diminishes
diminishing
diminution
diminutive
dimly
dimmed
dimmer
dimmers
dimmest
dimming
dimness
dimple
dims
din
dine
dined
diner
diners
dines
ding
dinghy
dinginess
dingley
dingo
dingy
dining
dinner
dinners
dinnertime
dinnerware
dinokod
dinosaur
dint
dio
diode
diodes
diopter
diorama
dioxide
dip
diphtheria
diphthong
diploma
diplomacy
diplomas
diplomat
diplomatic
diplomats
dipole
dipped
dipper
dippers
dipping
dippings
dips
diq
dir
dir-login
dir-prop-base
dir1
dir2
diradmin
dirb
dirbmark
dire
direct
direct1
directadmin
directcontact
directed
directedit
directing
direction
directional
directionality
directionally
directions
directive
directives
directly
directness
director
director_test
directorate
directorderform
directori
directories
directorio
directors
directory
directory2
directrices
directrix
directs
directtopics
directvdsl
diretorio
dirge
dirges
dirigent
dirk
dirlink
dirman
dirs
dirscan
dirt
dirtest
dirtier
dirtiest
dirtily
dirtiness
dirts
dirty
dis
disabilities
disability
disable
disabled
disabler
disablers
disables
disabling
disadvantage
disadvantageous
disadvantages
disaffected
disaffection
disagree
disagreeable
disagreed
disagreeing
disagreement
disagreements
disagrees
disallow
disallowed
disallowing
disallows
disambiguate
disambiguated
disambiguates
disambiguating
disambiguation
disambiguations
disappear
disappearance
disappearances
disappeared
disappearing
disappears
disappoint
disappointed
disappointing
disappointment
disappointments
disapproval
disapprove
disapproved
disapproves
disarm
disarmament
disarmed
disarming
disarms
disassemble
disassembled
disassembler
disassembles
disassembling
disassembly
disaster
disasters
disastrous
disastrously
disband
disbanded
disbanding
disbands
disburse
disbursed
disbursement
disbursements
disburses
disbursing
disc
disc1
disc2
discard
discarded
discarding
discards
discern
discerned
discernibility
discernible
discernibly
discerning
discerningly
discernment
discerns
discharge
discharged
discharges
discharging
disciple
disciples
disciplinary
discipline
disciplined
disciplines
disciplining
disclaim
disclaimed
disclaimer
disclaimers
disclaims
disclose
disclosed
discloser
discloses
disclosing
disclosure
disclosures
disco
discography
discomfort
disconcert
disconcerting
disconcertingly
disconnect
disconnected
disconnecting
disconnection
disconnects
discontent
discontented
discontinuance
discontinue
discontinued
discontinues
discontinuities
discontinuity
discontinuous
discootra
discord
discordant
discount
discount_coupon
discounted
discounting
discountmail
discounts
discourage
discouraged
discouragement
discourages
discouraging
discourse
discourses
discover
discovered
discoverer
discoverers
discoveries
discovering
discovers
discovery
discredit
discredited
discreet
discreetly
discrepancies
discrepancy
discrete
discretely
discreteness
discretion
discretionary
discriminant
discriminate
discriminated
discriminates
discriminating
discrimination
discriminatory
discs
discus
discuss
discussant
discussed
discusses
discussing
discussion
discussions
discusware
discuz
discuz!
disdain
disdaining
disdains
disdls
disease
diseased
diseases
disembowel
disengage
disengaged
disengages
disengaging
diseno
disentangle
disentangling
disfigure
disfigured
disfigures
disfiguring
disgorge
disgrace
disgraced
disgraceful
disgracefully
disgraces
disgruntle
disgruntled
disguise
disguised
disguises
disgust
disgusted
disgustedly
disgustful
disgusting
disgustingly
disgusts
dish
dishearten
disheartening
dished
dishes
dishevel
dishing
dishonest
dishonestly
dishonesty
dishonor
dishonorable
dishonored
dishonoring
dishonors
dishwasher
dishwashers
dishwashing
dishwater
disillusion
disillusioned
disillusioning
disillusionment
disillusionments
disinclined
disingenuous
disinterested
disinterestedness
disipoll
disjoint
disjointed
disjointly
disjointness
disjunct
disjunction
disjunctions
disjunctive
disjunctively
disjuncts
disk
diskette
diskettes
disks
diskuse
diskussion
diskuze
dislike
disliked
dislikes
disliking
dislocate
dislocated
dislocates
dislocating
dislocation
dislocations
dislodge
dislodged
dismal
dismally
dismay
dismayed
dismaying
dismember
dismembered
dismemberment
dismembers
dismiss
dismissal
dismissals
dismissed
dismisser
dismissers
dismisses
dismissing
dismount
dismounted
dismounting
dismounts
disney
disobedience
disobedient
disobey
disobeyed
disobeying
disobeys
disorder
disordered
disorderly
disorders
disorganized
disown
disowned
disowning
disowns
disparage
disparate
disparities
disparity
dispassionate
dispatch
dispatched
dispatcher
dispatchers
dispatches
dispatching
dispel
dispell
dispelled
dispelling
dispels
dispensary
dispensation
dispense
dispensed
dispenser
dispensers
dispenses
dispensing
dispersal
disperse
dispersed
disperses
dispersing
dispersion
dispersions
displace
displaced
displacement
displacements
displaces
displacing
display
display_images
display_includes
display_job
display_vvcodes
displayable
displayed
displayer
displaying
displaypages
displays
displease
displeased
displeases
displeasing
displeasure
disposable
disposal
disposals
dispose
disposed
disposer
disposes
disposing
disposition
dispositions
dispossessed
disproportionate
disprove
disproved
disproves
disproving
dispute
disputed
disputer
disputers
disputes
disputing
disqualification
disqualified
disqualifies
disqualify
disqualifying
disquiet
disquieting
disregard
disregarded
disregarding
disregards
disrespectful
disrupt
disrupted
disrupting
disruption
disruptions
disruptive
disrupts
dissatisfaction
dissatisfactions
dissatisfactory
dissatisfied
dissect
dissects
dissemble
disseminate
disseminated
disseminates
disseminating
dissemination
dissension
dissensions
dissent
dissented
dissenter
dissenters
dissenting
dissents
disseny
dissertation
dissertations
disservice
dissident
dissidents
dissimilar
dissimilarities
dissimilarity
dissipate
dissipated
dissipates
dissipating
dissipation
dissociate
dissociated
dissociates
dissociating
dissociation
dissolution
dissolutions
dissolve
dissolved
dissolves
dissolving
dissonant
dissuade
dist
distaff
distal
distally
distance
distancelearning
distances
distant
distantly
distaste
distasteful
distastefully
distastes
distcc
distccd
disted
distemper
distempered
distempers
distill
distillation
distilled
distiller
distillers
distillery
distilling
distills
distinct
distinction
distinctions
distinctive
distinctively
distinctiveness
distinctly
distinctness
distinguish
distinguishable
distinguished
distinguishes
distinguishing
distort
distorted
distorting
distortion
distortions
distorts
distr
distract
distracted
distracting
distraction
distractions
distracts
distraught
distress
distressed
distresses
distressing
distrib
distribuidores
distribute
distributed
distributes
distributing
distribution
distributional
distributions
distributive
distributivity
distributor
distributors
district
districts
distrust
distrusted
disturb
disturbance
disturbances
disturbed
disturber
disturbing
disturbingly
disturbs
disuse
dit
ditch
ditches
dither
ditto
dittospyder
ditty
diu
diurnal
div
diva
divan
divans
dive
dived
diver
diverge
diverged
divergence
divergences
divergent
diverges
diverging
divers
diverse
diversely
diverses
diversification
diversified
diversifies
diversify
diversifying
diversion
diversionary
diversions
diversities
diversity
diversos
divert
diverted
diverting
diverts
dives
divest
divested
divesting
divestiture
divests
divide
divided
dividend
dividends
divider
dividers
divides
dividing
divine
divinely
diviner
diving
divining
divinities
divinity
divisibility
divisible
division
divisional
divisions
divisive
divisor
divisors
divorce
divorced
divorcee
divs
divulge
divulged
divulges
divulging
divx
diw
diwali
dix
dixie
diy
diz
dizziness
dizzy
dj
dja
django
djb
djc
djd
dje
djf
djg
djh
dji
djj
djk
djl
djm
djn
djo
djp
djq
djr
djs
djt
dju
djv
djw
djx
djy
djz
dk
dk-de
dk-gb
dka
dkb
dkc
dkd
dke
dkf
dkg
dkh
dki
dkj
dkk
dkl
dkm
dkn
dko
dkp
dkq
dkr
dks
dkscript
dkt
dku
dkv
dkw
dkx
dky
dkz
dl
dl2
dla
dlb
dlc
dld
dlds
dle
dlf
dlg
dlh
dli
dlj
dlk
dll
dlls
dlm
dlman
dln
dlo
dload
dloads
dlp
dlq
dlr
dls
dlt
dlu
dlv
dlw
dlx
dly
dlz
dm
dm-config
dma
dmail
dmanews
dmb
dmc
dmca
dmcounter
dmd
dmdocuments
dme
dmenu
dmf
dmg
dmh
dmi
dmiadm
dmitry
dmj
dmk
dml
dmm
dmn
dmo
dmoz
dmp
dmq
dmr
dms
dms0
dmsimgs
dmt
dmu
dmv
dmw
dmx
dmxready
dmy
dmz
dn
dna
dnb
dnc
dnd
dne
dnf
dng
dnh
dni
dni-media
dni-tvlistings
dnj
dnk
dnl
dnld
dnload
dnm
dnn
dno
dnp
dnq
dnr
dnrd
dns
dnsmasq
dnstools
dnt
dnu
dnv
dnw
dnx
dny
dnz
do
doa
doadmin
doaway
dob
doc
doc-html
doc_files
docbook-to-man
docebo
docebolms
docedit
docile
dock
docked
docket
docks
dockside
dockyard
doclib
docman
docmgr
docmint
docnote
docpile
docrepository
docroot
docs
docs2
docs41
docs51
doctor
doctoral
doctorate
doctorates
doctored
doctors
doctrinaire
doctrinal
doctrine
doctrines
docu
document
document_library
documentacio
documentacion
documentaries
documentary
documentation
documentations
documentazione
documented
documenten
documenter
documenters
documentfiles
documenti
documenting
documento
documentos
documents
documentum
docuwiki
docx
dod
dodaj-strone
dodecahedra
dodecahedral
dodecahedron
dodge
dodged
dodger
dodgers
dodging
dodo
dodsrch
doe
doer
doering
doers
does
dof
dog
dogbert
dogged
doggedly
doggedness
dogging
doghouse
dogma
dogmas
dogmatic
dogmatism
dogpatch
dogs
dogs-for-sale
doh
doi
doika
doinfo
doing
doings
doit
doj
dojo
dok
dokeos
doku
dokument
dokumente
dokumenti
dokumenty
dokuwiki
dol
doldrum
dole
doled
doleful
dolefully
doles
doll
dollar
dollars
dollies
dolls
dolly
dologin
dolores
dolphin
dolphins
dom
domain
domainlist
domains
domande
dome
domed
domes
domestic
domestically
domesticate
domesticated
domesticates
domesticating
domestication
domicile
dominance
dominant
dominantly
dominate
dominated
dominates
dominating
domination
domineer
domineering
dominic
dominik
dominion
dominios
domino
dompdf
don
donald
donate
donatecash
donated
donates
donating
donation
donations
donationsadmin
done
donkey
donkeys
donna
donnees
donnybrook
donoghue
donor
donors
dons
dont
doo
doodle
doogie
dookie
doom
doom2
doomed
dooming
dooms
doomsday
door
doorbell
doorkeeper
doorman
doormen
doors
doorstep
doorsteps
doorway
doorways
doow
dop
dope
doped
doper
dopers
dopes
dopewars
doping
doprint
doq
dor
dor'
doris
dormant
dormitories
dormitory
doro
dorothy
dorricott
dos
dosage
dose
dosed
doses
doska
dossier
dossiers
dostavka
dostupnost
dosyalar
dot
dotbr
dotclear
dote
doted
dotes
doting
dotingly
dotmarketing
dotnet
dotnetbb
dotnetnuke
dotproject
dots
dotted
dotting
dotwidget
dou
double
double-sided
doubleclick
doubled
doubleheader
doubler
doublers
doubles
doublet
doubleton
doublets
doubling
doubloon
doubly
doubt
doubtable
doubted
doubter
doubters
doubtful
doubtfully
doubting
doubtless
doubtlessly
doubts
doug
dough
doughnut
doughnuts
dougie
douglas
douran
dov
dove
dovecot
dover
doves
dovetail
dow
dowager
dowel
down
downcast
downed
downers
downfall
downfallen
downfiles
downgrade
downhill
downimg
downlink
downlinks
download
download-files
download1
download2
download_center
download_files
download_private
downloadable
downloadables
downloadcenter
downloaded
downloader
downloadfiles
downloading
downloadprotect
downloadrev
downloads
downloads2
downplay
downplayed
downplaying
downplays
downpour
downright
downs
downside
downstairs
downstat
downstream
downsys
downtown
downtowns
downtrodden
downturn
downward
downwards
downy
dowry
dox
doy
doz
doze
dozed
dozen
dozens
dozenth
dozes
dozing
dp
dp_market
dp_tellafriend
dpa
dpanel
dpb
dpc
dpd
dpe
dpec
dpf
dpg
dpgs
dph
dpi
dpj
dpk
dpl
dpm
dpn
dpo
dpp
dpq
dpr
dps
dpt
dpu
dpv
dpvision
dpw
dpx
dpy
dpz
dq
dq-includes
dqa
dqb
dqc
dqd
dqe
dqf
dqg
dqh
dqi
dqj
dqk
dql
dqm
dqn
dqo
dqp
dqq
dqr
dqs
dqt
dqu
dqv
dqw
dqx
dqy
dqz
dr
dra
drab
dradis
draft
drafted
draftee
drafter
drafters
drafting
drafts
draftsman
draftsmen
drafty
drag
dragged
dragging
dragnet
dragon
dragon1
dragonfl
dragonfly
dragonflybsd
dragonhead
dragons
dragoon
dragooned
dragoons
dragoran
drags
drain
drainage
drained
drainer
draining
drains
drake
dram
drama
dramas
dramatic
dramatically
dramatics
dramatist
dramatists
drank
drape
draped
draper
draperies
drapers
drapery
drapes
drastic
drastically
dratfs
draught
draughts
draver
draw
drawback
drawbacks
drawbridge
drawbridges
drawer
drawers
drawing
drawings
drawl
drawled
drawling
drawls
drawn
drawnly
drawnness
draws
drb
drc
drd
dre
dread
dreaded
dreadful
dreadfully
dreading
dreadnought
dreads
dream
dream4
dreamboat
dreamcatcher
dreamcost
dreamdiary
dreamed
dreameesoft
dreamer
dreamers
dreamforge
dreamily
dreaming
dreamlevels
dreamlike
dreams
dreamsite
dreamt
dreamweaver
dreamy
dreariness
dreary
dredge
dregs
drench
drenched
drenches
drenching
drepper
dress
dress_up
dressed
dresser
dressers
dresses
dressing
dressings
dressmaker
dressmakers
drew
drf
drg
drh
dri
dried
drier
driers
dries
driest
drift
drifted
drifter
drifters
drifting
drifts
drill
drilled
driller
drilling
drills
drily
drink
drinkable
drinker
drinkers
drinking
drinks
drip
dripping
drippingblues
drippy
drips
drive
driven
driver
drivers
drives
driveway
driveways
driving
drizzle
drizzly
drj
drk
drl
drm
drn
dro
droll
dromedary
drone
drones
drool
droop
drooped
drooping
droops
droopy
drop
dropbear
dropbox
dropdown
dropdownxml
droplet
dropout
dropped
dropper
droppers
dropping
droppings
drops
dropship
drosophila
drought
droughts
drove
drover
drovers
droves
drown
drowned
drowning
drownings
drowns
drowsiness
drowsy
drp
drphibez
drq
drr
drs
drt
dru
drubbing
druck
druckansicht
drucken
druckversion
drudge
drudgery
drug
drugchecker
druggist
druggists
drugi
drugs
drugstore
druilhe
drukuj
drum
drumhead
drummed
drummer
drummers
drumming
drummond
drums
drunk
drunkard
drunkards
drunken
drunkenness
drunker
drunkly
drunks
drupal
drupal6
drupalit
drv
drw
drx
dry
drying
dryly
drz
drzes
ds
ds9
dsa
dsb
dsc
dschat
dsd
dse
dsefu
dsf
dsg
dsh
dsi
dsj
dsk
dsl
dsm
dsn
dso
dsocks
dsp
dspam
dsportal
dsq
dsr
dss
dst
dstimages
dsu
dsv
dsw
dsx
dsy
dsz
dt
dta
dtb
dtc
dtcc
dtd
dte
dtf
dtffotodk
dtffotono
dtffotose
dtg
dth
dti
dtj
dtk
dtl
dtlink
dtm
dtmp
dtn
dto
dtp
dtq
dtr
dts
dtsearch
dtt
dtu
dtv
dtw
dtx
dty
dtz
du
dua
dual
dualism
dualities
duality
duanereade
dub
dubai
dubbed
dubee
dubelu
dubious
dubiously
dubiousness
dubs
duc
duchess
duchesses
duchy
duck
ducked
duckie
ducking
duckling
ducks
duclassified
duct
ducts
ducx
dud
dude
due
duel
dueling
duels
dues
duet
duf
dug
duh
dui
duj
duk
duke
dukes
dul
dulce
dull
dulled
duller
dullest
dulling
dullness
dulls
dully
duly
dum
dumb
dumbbell
dumbbells
dumber
dumbest
dumbly
dumbness
dummies
dummy
dump
dumped
dumpenv
dumper
dumping
dumps
dumpuser
dun
dunaevsky
duncan
dunce
dunces
dundee
dune
dunes
dung
dungeon
dungeons
dunk
duo
dup
dupe
duplex
duplicable
duplicate
duplicated
duplicates
duplicating
duplication
duplications
duplicator
duplicators
duplicity
duq
dur
durabilities
durability
durable
durably
duration
durations
duress
durgapuja
during
dus
dusk
duskiness
dusky
dust
dustbin
dusted
duster
dusters
dustier
dustiest
dustin
dusting
dusts
dusty
dut
dutch
dutchess
duties
dutiful
dutifully
dutifulness
duty
duu
duv
duw
duware
dux
duy
duz
dv
dv_plus
dva
dvb
dvbbs
dvc
dvd
dvd-store
dvds
dve
dvf
dvg
dvguestbook
dvh
dvi
dvj
dvk
dvl
dvm
dvn
dvo
dvp
dvq
dvr
dvs
dvt
dvu
dvv
dvw
dvx
dvy
dvz
dw
dw2
dwa
dwalker
dwarf
dwarfed
dwarfs
dwarves
dwb
dwc
dwd
dwe
dwebpro
dwell
dwelled
dweller
dwellers
dwelling
dwellings
dwells
dwelt
dwf
dwg
dwh
dwi
dwindle
dwindled
dwindling
dwj
dwk
dwl
dwm
dwn
dwnld
dwnlds
dwo
dwodp
dwoo
dwp
dwq
dwr
dws
dwt
dwu
dwv
dww
dwx
dwy
dwz
dwzupload
dx
dxa
dxb
dxc
dxd
dxe
dxf
dxfscope
dxg
dxh
dxi
dxj
dxk
dxl
dxm
dxmsoft
dxn
dxo
dxp
dxq
dxr
dxs
dxt
dxu
dxv
dxw
dxx
dxxo
dxy
dxz
dy
dya
dyad
dyadic
dyb
dyc
dyd
dye
dyed
dyeing
dyer
dyers
dyes
dyf
dyg
dyh
dyi
dying
dyj
dyk
dyke
dyl
dylan
dym
dymanicsoft
dyn
dyna
dynabyte
dynadata
dynalink
dynamic
dynamic_content
dynamically
dynamicdata
dynamicpoll
dynamics
dynamism
dynamite
dynamited
dynamites
dynamiting
dynamo
dynastic
dynasties
dynasty
dyncms
dyne
dynfx
dynix
dynos
dyo
dyop_addtocart
dyop_delete
dyop_quan
dyopreview
dyp
dyq
dyr
dys
dysentery
dyspeptic
dystrophy
dyt
dyu
dyv
dyw
dyx
dyy
dyz
dz
dza
dzb
dzc
dzd
dze
dzf
dzg
dzh
dzi
dzip
dzj
dzk
dzl
dzlus
dzm
dzn
dzo
dzp
dzq
dzr
dzs
dzt
dzu
dzv
dzw
dzx
dzy
dzz
e
e-admin
e-blah
e-board
e-book
e-books
e-card
e-cards
e-commerce
e-learning
e-mail
e-mail-friend
e-mails
e-market
e-news
e-newsletter
e-post
e-publish
e-shop
e-software
e-store
e-talk
e-theni
e-xoops
e-zest
e-zone
e107
e107_admin
e107_docs
e107_files
e107_handlers
e107_images
e107_install
e107_languages
e107_plugins
e107_themes
e1cib
e1csys
e2
e2fs
e3
e3lan
e4
e_commerce
e_files
e_info
e_news_show
e_order
ea
eaa
eab
eac
each
ead
eae
eaf
eag
eager
eagerly
eagerness
eagle
eagle1
eagles
eah
eai
eaj
eak
eal
ealert
eam
ean
eao
eap
eaq
ear
eardrum
eared
earl
earlier
earliest
earliness
earls
early
earlyimpact
earmark
earmarked
earmarking
earmarkings
earmarks
earn
earned
earner
earners
earnest
earnestly
earnestness
earning
earnings
earns
earphone
earring
earrings
ears
earsplitting
earth
earthen
earthenware
earthliness
earthling
earthlink
earthly
earthmover
earthquake
earthquakes
earths
earthstation
earthworm
earthworms
earthy
eas
ease
eased
easel
easement
easements
eases
easier
easiest
easily
easiness
easing
east
east-tec
eastbound
easter
eastern
easterner
easterners
easternmost
eastman
eastward
eastwards
easy
easybe
easycms
easycontrols
easyeditor
easygoing
easyins
easymoblog
easypage
easyphpcalendar
easyscripts
easyweb
eat
eaten
eater
eaters
eating
eatings
eatme
eats
eau
eav
eaves
eavesdrop
eavesdropped
eavesdropper
eavesdroppers
eavesdropping
eavesdrops
eaw
eax
eay
eaz
eazel
eazy
eb
eba
ebags
ebaseweb
ebay
ebay2
ebayimages
ebayindia
ebaypics
ebb
ebbing
ebbs
ebc
ebd
ebe
ebf
ebg
ebh
ebi
ebiz
ebj
ebk
ebl
eblast
eblasts
ebm
ebn
ebo
eboard
ebony
ebook
ebooks
ebp
ebq
ebr
ebriefs
ebrochure
ebrochures
ebs
ebsco
ebt
ebu
ebulletin
ebulten
ebusiness
ebuyer
ebv
ebw
ebx
eby
ebz
ec
ec2
ec2-user
eca
ecard
ecards
ecare
ecartadmin
ecartis
ecat
ecatalog
ecb
ecc
eccentric
eccentricities
eccentricity
eccentrics
ecclesiastical
eccomerce_
eccore
ecd
ece
ecf
ecg
ech
echannel
echelon
echo
echoed
echoes
echoing
eci
ecj
eck
eckermann
eckles
ecl
eclectic
eclipse
eclipsed
eclipses
eclipsing
ecliptic
ecm
ecmadm
ecmaff
ecms
ecn
eco
ecology
ecom
ecometry
ecomm
ecommerce
ecommerce-carts
econ
econdev
econometric
economia
economic
economical
economically
economics
economie
economies
economist
economists
economize
economized
economizer
economizers
economizes
economizing
economy
ecosystem
ecourse
ecp
ecp_core
ecq
ecr
ecrire
ecrm
ecs
ecshop
ecstasy
ecstatic
ect
ectools
ecu
ecuador
ecv
ecw
ecw-cart
ecw-shop
ecware
ecx
ecy
ecz
ed
eda
edatcat
edb
edc
edd
eddie
eddies
eddy
ede
eden
edf
edg
edge
edged
edges
edgewall
edging
edgy
edh
edi
edible
edicion_virtual
edict
edicts
edifice
edifices
edimax
edinburgh
edit
edit-precios
edit-profile
edit_
edit_alerts
edit_billing
edit_design
edit_img
edit_link
edit_listing
edit_page
edit_profile
edit_saved
editable
editaddress
editcontent
edited
editenable
editeur
editing
edition
editions
editionssi
editme_images
editmysite
edito
editor
editor2
editor3
editor_data
editor_files
editor_images
editorhtml
editorial
editorially
editorials
editors
editpage
editpoll
editpost
edits
editwrx
edj
edk
edl
edm
edmenu
edmobbs
edms
edn
edo
edocument
edonkey
edp
edq
edr
edreams
eds
edt
edu
educ
educable
educate
educated
educates
educating
education
educational
educationally
educations
educator
educators
eduha
eduk_img
edv
edw
edward
edwin
edwina
edx
edy
edz
ee
ee-gb
ee_system
eea
eeb
eec
eed
eee
eef
eeg
eeh
eei
eej
eek
eekim
eel
eelgrass
eels
eem
een
eeo
eep
eeq
eer
eerie
eerily
ees
eet
eeu
eev
eew
eex
eey
eeye
eeyore
eez
ef
efa
efax
efb
efc
efd
efe
eff
effect
effected
effecting
effective
effectively
effectiveness
effectoffice
effector
effectors
effects
effectually
effectuate
effeminate
efficacy
efficiencies
efficiency
efficient
efficiently
effigy
effingerd
effort
effortless
effortlessly
effortlessness
efforts
efg
efh
efi
efiction
efilego
efingerd
efj
efk
efl
eflyer
efm
efn
efnet
efo
efone
eform
efp
efq
efr
efs
efsoftware
eft
efu
efv
efw
efx
efy
efz
eg
eg-gb
ega
egalitarian
egb
egc
egd
ege
egf
egg
eggblog
egged
egghead
eggheads
egging
eggplant
eggs
eggshell
egh
egi
egj
egk
egl
egm
egn
ego
egocentric
egos
egotism
egotist
egov
egp
egq
egr
egress
egroupware
egs
egt
egu
egv
egw
egx
egy
egypt
egz
eh
eh58
eha
ehb
ehc
ehd
ehdaa
ehe
ehereal
ehf
ehg
ehh
ehi
ehj
ehk
ehl
ehm
ehmig
ehn
eho
ehp
ehq
ehr
ehs
eht
ehu
ehud
ehv
ehw
ehx
ehy
ehz
ei
eia
eib
eic
eichart
eicon
eid
eiderdown
eidos
eie
eif
eig
eigenfunction
eigenstate
eigenvalue
eigenvalues
eigenvector
eight
eighteen
eighteens
eighteenth
eightfold
eighth
eighthes
eighties
eightieth
eights
eighty
eih
eii
eij
eik
eil
eileen
eim
eimages
ein
eines
einkaufen
einsof_common
einstein
einterface
eio
eip
eipatron
eiq
eiqnetworks
eir
eircom
eis
eit
either
eitsop
eiu
eiv
eiw
eix
eiy
eiz
ej
ej3
eja
ejabberd
ejaculate
ejaculated
ejaculates
ejaculating
ejaculation
ejaculations
ejb
ejc
ejd
eje
eject
ejected
ejecting
ejects
ejemplo
ejemplos
ejf
ejg
ejh
eji
ejj
ejk
ejl
ejm
ejn
ejo
ejp
ejq
ejr
ejs
ejt
eju
ejv
ejw
ejx
ejy
ejz
ek
eka
ekaterinburg
ekb
ekc
ekd
eke
eked
ekes
ekf
ekg
ekh
eki
ekilat
ekinboard
ekj
ekk
ekl
ekle
eklentiler
ekm
ekml
ekn
eko
ekomi
ekonomi
ekp
ekq
ekr
ekran
eks
ekt
ektsyncstatus
eku
ekv
ekw
ekx
eky
ekz
el
ela
elaborate
elaborated
elaborately
elaborateness
elaborates
elaborating
elaboration
elaborations
elaborators
elaine
elanor
elapse
elapsed
elapses
elapsing
elastic
elastically
elasticity
elb
elbow
elbowing
elbows
elc
eld
eldav
elder
elderly
elders
eldest
ele
elearning
elecciones
elect
elected
electing
election
electioneering
elections
elective
electives
elector
electoral
electorate
electors
electrasoft
electric
electrical
electrically
electricalness
electrician
electricity
electrification
electrify
electrifying
electro
electrocardiogram
electrocardiograph
electrocute
electrocuted
electrocutes
electrocuting
electrocution
electrocutions
electrode
electrodes
electroencephalogram
electroencephalograph
electroencephalography
electrolysis
electrolyte
electrolytes
electrolytic
electromagnetic
electromechanical
electron
electronic
electronica
electronically
electronics
electrons
electrophoresis
electrophorus
electrosoft
elects
eledofe
elegance
elegant
elegantly
elegy
elektropost
element
elemental
elementals
elementary
elements
elephant
elephants
eletter
eletter-submit
elevate
elevated
elevates
elevation
elevator
elevators
eleven
elevens
eleventh
elezioni
elf
elg
elgg
elh
eli
elicit
elicited
eliciting
elicits
elide
elido
eligibility
eligible
eliminate
eliminated
eliminates
eliminating
elimination
eliminations
eliminator
eliminators
elink
elinks
elision
elist
elists
elite
elitist
elizabet
elizabeth
elj
elk
elks
ell
ellen
ellerbrock
ellingsen
elliot
ellipse
ellipses
ellipsis
ellipsoid
ellipsoidal
ellipsoids
elliptic
elliptical
elliptically
elm
elmar
elmo
elms
eln
elo
elog
elogs
elong
elope
eloquence
eloquent
eloquently
elp
elq
elqnow
elr
elron
els
elsa
else
elsewhere
elsie
elson
elt
elu
elucidate
elucidated
elucidates
elucidating
elucidation
elude
eluded
eludes
eluding
elusive
elusively
elusiveness
elv
elves
elvis
elw
elx
ely
elz
em
ema
emaciate
emaciated
emacs
emag_users
email
email-a-friend
email-addresses
email-alerts
email-friend
email-images
email-marketing
email-me
email-newsletter
email-page
email-template
email-templates
email-this
email-this-page
email-us
email1
email2
email_addresses
email_blasts
email_campaign
email_campaigns
email_change
email_disclaimer
email_form
email_forms
email_friend
email_html
email_images
email_marketing
email_template
email_templates
emailafriend
emailblast
emailblasts
emailcampaign
emailcampaigns
emailcollector
emailcpopup
emailepopup
emailer
emailers
emailform
emailfriend
emailgeneration
emailhandler
emailimages
emailing
emailings
emailit
emaillink
emaillist
emailmarketer
emailmarketing
emailmkt
emailpage
emailpopup
emailproduct
emails
emailseller
emailsendz
emailsig
emailsignup
emailsiphon
emailtemplate
emailtemplates
emailtest
emailthis
emailtofriend
emailversion
emailwolf
emanate
emanating
emancipate
emancipation
emap
emarket
emarketing
emasculate
emb
embalm
embargo
embargoes
embark
embarked
embarks
embarrass
embarrassed
embarrasses
embarrassing
embarrassment
embassies
embassy
embed
embedd
embedded
embedding
embeds
embellish
embellished
embellishes
embellishing
embellishment
embellishments
ember
embezzle
emblem
embodied
embodies
embodiment
embodiments
embody
embodying
embolden
embrace
embraced
embraces
embracing
embroider
embroidered
embroideries
embroiders
embroidery
embroil
embryo
embryology
embryos
emc
emd
eme
emea
emefa
emek
emerald
emeralds
emerge
emerged
emergence
emergencies
emergency
emergenices
emergent
emerges
emerging
emeritus
emf
emg
emh
emi
emigrant
emigrants
emigrate
emigrated
emigrates
emigrating
emigration
emil
emilia
emily
eminders
eminence
eminent
eminently
emissary
emission
emit
emits
emitted
emitter
emitting
emj
emk
emkt
eml
emm
emma
emmanuel
emn
emo
emoji
emoticons
emotion
emotional
emotionally
emotions
emp
empathy
emperor
emperors
empfehlen
empfehlung
empfehlungen
emphases
emphasis
emphasize
emphasized
emphasizes
emphasizing
emphatic
emphatically
empire
empire_breakout
empire_lupinone
empires
empirical
empirically
empiricist
empiricists
empleo
empleos
emploi
employ
employable
employed
employee
employeemail
employees
employer
employers
employing
employment
employments
employs
emporium
empower
empowered
empowering
empowers
empregos
empresa
empresas
empreses
empress
empris
emptied
emptier
empties
emptiest
emptily
emptiness
empty
emptying
empuriabrava
emq
emr
ems
emt
emu
emucms
emulate
emulated
emulates
emulating
emulation
emulations
emulator
emulators
emule
emule+
emulinker
emulive
emumail
emv
emw
emwa
emx
emy
emz
en
en-au
en-ca
en-gb
en-ie
en-nz
en-uk
en-us
en-za
en1
en2
en_US
en_en
en_gb
en_uk
en_us
ena
enable
enable-cookies
enabled
enabler
enablers
enables
enabling
enabling_cookies
enact
enacted
enacting
enactment
enacts
enamel
enameled
enameling
enamels
enb
enc
encamp
encamped
encamping
encamps
encapsbb
encapsulate
encapsulated
encapsulates
encapsulating
encapsulation
encase
encased
enchant
enchanted
enchanter
enchanting
enchantment
enchantress
enchants
enciclopedia
encipher
enciphered
enciphering
enciphers
encircle
encircled
encircles
enclose
enclosed
encloses
enclosing
enclosure
enclosures
encode
encoded
encoder
encoders
encodes
encoding
encodings
encompass
encompassed
encompasses
encompassing
encore
encounter
encountered
encountering
encounters
encourage
encouraged
encouragement
encouragements
encourages
encouraging
encouragingly
encroach
encrust
encrypt
encrypted
encrypting
encryption
encryptions
encrypts
encuesta
encuestas
encumber
encumbered
encumbering
encumbers
encyclopedia
encyclopedias
encyclopedic
encyclopedie
encyption
end
endanger
endangered
endangering
endangers
endear
endeared
endearing
endears
endeavor
endeavored
endeavoring
endeavors
endeca
endecasearch
ended
endemic
ender
enders
enderunix
endgame
ending
endings
endless
endlessly
endlessness
endofspecialwords
endonesia
endorse
endorsed
endorsement
endorses
endorsing
endow
endowed
endowing
endowment
endowments
endows
endpoint
ends
endurable
endurably
endurance
endure
endured
endures
enduring
enduringly
enduser
endusers
endymion
ene
enema
enemas
enemies
enemy
energetic
energie
energies
energize
energy
energymech
enervate
enews
enewsletter
enewsletters
enf
enfeeble
enforce
enforceable
enforced
enforcement
enforcer
enforcers
enforces
enforcing
enfranchise
eng
engage
engaged
engagement
engagements
engages
engaging
engagingly
engarde
engeiten
engels
engelschall
engender
engendered
engendering
engenders
engenio
engine
engine_files
engineer
engineered
engineering
engineers
engineparts
engines
engl
england
englisch
englisch-deutsch
english
english-french
english-german
english-spanish
engo
engrave
engraved
engraver
engraves
engraving
engravings
engross
engrossed
engrossing
engulf
enh
enhance
enhanced
enhancement
enhancements
enhances
enhancing
eni
enigma
enigmatic
enj
enjoin
enjoined
enjoining
enjoins
enjoy
enjoyable
enjoyably
enjoyed
enjoying
enjoyment
enjoys
enk
enl
enlaces
enlarge
enlarged
enlargement
enlargements
enlarger
enlargers
enlarges
enlarging
enlighten
enlightened
enlightening
enlightenment
enlist
enlisted
enlistment
enlists
enliven
enlivened
enlivening
enlivens
enllacos
enm
enmities
enmity
enn
ennoble
ennobled
ennobles
ennobling
ennui
eno
enormities
enormity
enormous
enormously
enough
enp
enpaper
enq
enquete
enquetes
enqueue
enqueued
enqueues
enquire
enquired
enquirer
enquires
enquiries
enquiry
enr
enrage
enraged
enrages
enraging
enrapture
enrich
enriched
enriches
enriching
enroll
enrolled
enrolling
enrollment
enrollments
enrolls
ens
ensemble
ensembles
ensign
ensigns
ensim
enslave
enslaved
enslaves
enslaving
ensnare
ensnared
ensnares
ensnaring
ensue
ensued
ensues
ensuing
ensure
ensured
ensurer
ensurers
ensures
ensuring
ent
entail
entailed
entailing
entails
entangle
entegrity
enter
enter-chat-au
enter-chat-ca
enter-chat-other
enter-chat-uk
enter-chat-us
enter-pornstars
enteradmin
enterasys
entercept
entered
entergal
entering
enterprise
enterprises
enterprising
enters
entertain
entertained
entertainer
entertainers
entertaining
entertainingly
entertainment
entertainments
entertains
enthusiasm
enthusiasms
enthusiast
enthusiastic
enthusiastically
enthusiasts
entice
enticed
enticer
enticers
entices
enticing
entidades
entire
entirely
entireties
entirety
entitats
entities
entitle
entitled
entitles
entitling
entity
entityhelper
entomb
entorno
entornos
entorns
entrada
entrance
entranced
entrances
entrap
entreat
entreated
entreaty
entree
entregar
entregas
entrench
entrenched
entrenches
entrenching
entrepreneur
entrepreneurial
entrepreneurs
entreprise
entreprises
entretenimento
entries
entropy
entropybanner
entrust
entrusted
entrusting
entrusts
entry
entwicklung
entwurf
enu
enumerable
enumerate
enumerated
enumerates
enumerating
enumeration
enumerations
enumerative
enumerator
enumerators
enunciation
env
envelop
envelope
enveloped
enveloper
envelopes
enveloping
envelops
envestnet
envia
enviar
envied
envies
envios
envious
enviously
enviousness
enviro
environ
environing
environment
environmental
environments
environs
envisage
envisaged
envisages
envision
envisioned
envisioning
envisions
envivo!soft
envolution
envoy
envoyer
envoys
envy
enw
enx
eny
enz
enzyme
eo
eoa
eob
eoc
eod
eoe
eof
eog
eoh
eoi
eoj
eok
eol
eom
eon
eoo
eop
eoq
eor
eos
eot
eou
eov
eow
eox
eoy
eoz
ep
epa
epage
epages
epaper
epaulet
epaulets
epay
epb
epc
epd
epe
epf
epg
eph
ephemeral
ephotos
epi
epic
epicenter
epics
epidemic
epidemics
epidermis
epigram
epileptic
epilogue
episcopal
episode
episodes
episodex
epistemological
epistemology
epistle
epistles
epitaph
epitaphs
epitaxial
epitaxially
epithet
epithets
epitomize
epitomized
epitomizes
epitomizing
epix
epj
epk
epl
epm
epn
epnadmin
epo
epoch
epochs
epona
epost
epotoku
epp
epq
epr
eprayer
epresence
eprice
eproducts
eprojects
eps
epsadmin
epsilon
ept
epu
epub
epv
epw
epx
epy
epz
eqa
eqb
eqc
eqd
eqdkp
eqe
eqf
eqg
eqh
eqi
eqj
eqk
eql
eqm
eqn
eqo
eqp
eqq
eqr
eqs
eqt
equ
equal
equaled
equaling
equalities
equality
equalization
equalize
equalized
equalizer
equalizers
equalizes
equalizing
equally
equals
equate
equated
equates
equating
equation
equations
equator
equatorial
equators
equestrian
equidistant
equilateral
equilibrate
equilibria
equilibrium
equilibriums
equinox
equip
equipe
equipment
equipoise
equipped
equipping
equips
equitable
equitably
equity
equivalence
equivalences
equivalent
equivalently
equivalents
equivocal
equivocally
eqv
eqw
eqx
eqy
eqz
er
era
eracom
eradicate
eradicated
eradicates
eradicating
eradication
eras
erasable
erase
erased
eraser
erasers
erases
erasing
erasure
erb
erc
erd
erdmann
erdplus
ere
erect
erected
erecting
erection
erections
erector
erectors
erects
ereg
erenity
erf
erg
ergo
ergodic
erh
eri
eric
eric3
erica
ericsson
erik
erika
erin
erj
erk
erl
erm
ermine
ermines
ern
ero
eroaster
erocrawler
erode
erosion
erotic
erotica
erotika
erp
erq
err
erraddsave
errand
errant
errata
erratic
erratum
errdocs
erreala
erred
erreur
erreurs
errfiles__
erring
erringly
erro
erroneous
erroneously
erroneousness
error
error-404
error-docs
error-espanol
error-log
error-pages
error2
error404
error_
error_docs
error_files
error_log
error_logs
error_message
error_messages
error_msg
error_mysql
error_page
error_pages
errordoc
errordocs
errore
errores
errorfiles
errorform
errorhandler
errorhandling
errorlog
errorlogs
errormessages
errormsg
errorpage
errorpages
errorpagesp
errors
errortemplates
erros
errpages
errs
ers
ersatz
ert
eru
erudite
erupt
eruption
erv
erw
erwin
erx
ery
eryq
erz
es
es-es
es-gb
es_ES
es_ar
es_es
esa
esale
esales
esampo
esb
esborrar
esc
escalate
escalated
escalates
escalating
escalation
escapable
escapade
escapades
escape
escaped
escapee
escapees
escapes
escaping
eschew
eschewed
eschewing
eschews
escola
escort
escorted
escorting
escorts
escripts
escrow
escuela
esd
ese
esearch
esempi
eservices
esesix
eset
esf
esg
esh
eshare
eshelf-research
eshop
eshot
esi
esignal
esj
esk
eski
eskimo
eskolar
eskuel
esl
esm
esm-browser
esmi
esn
eso
esoft
esop
esoteric
esp
espace
espace-client
espace-perso
espaces
espagnol
espana
espanol
espanol-ingles
especial
especiales
especially
espionage
esportes
espotting
espouse
espoused
espouses
espousing
esprit
espy
esq
esqlanelapse
esquire
esquires
esr
esri
ess
essai
essais
essay
essayed
essays
esselbach
essen
essence
essences
essential
essentially
essentials
essex
est
establish
established
establishes
establishing
establishment
establishments
estadistica
estadisticas
estara
estate
estates
estatesgazette
estaticas_html
estatisticas
esteem
esteemed
esteeming
esteems
esthetics
estilo
estilos
estimate
estimated
estimates
estimating
estimation
estimations
estore
estraier
estsoft
esu
esupport
esv
esw
esw_config
esx
esy
esyndicat
esz
et
eta
etalk
etb
etc
etch
etching
etd
ete
eterm
eternal
eternally
eternalmart
eternities
eternity
etf
etg
eth
ethan
ether
ethereal
ethereally
ethers
ethic
ethical
ethically
ethics
ethnic
eti
eticket
etiket
etiketler
etiqueta
etiquette
etj
etk
etl
etm
etn
etnus
eto
etoc
etoile
etomite
etools
etoshop
etp
etq
etr
etravelstore
etrust
ets
ett
ettercap
etu
etv
etw
etx
ety
etymology
etype
etz
etzetera
eu
eu-fr
eu-gb
eua
eub
euc
eucalyptus
euclid
eud
eudora
eue
euf
eug
eugene
euh
eui
euj
euk
eul
eum
eun
eunuch
eunuchs
euo
eup
eupdate
euphemism
euphemisms
euphoria
euphoric
euq
eur
eureka
euro
eurofull
europa
europe
europe-breaks
eus
eut
euthanasia
euu
euv
euw
eux
euy
euz
ev
eva
evacuate
evacuated
evacuation
evade
evaded
evades
evading
eval
evaluate
evaluated
evaluates
evaluating
evaluation
evaluations
evaluative
evaluator
evaluators
evan
evaporate
evaporated
evaporating
evaporation
evaporative
evasion
evasive
evb
evc
evd
eve
evelyn
even
evened
evenement
evenements
evenhanded
evenhandedly
evenhandedness
evening
evenings
evenly
evenness
evens
event
event_cal
event_calendar
event_images
eventcal
eventcalendar
eventdata
eventful
eventfully
eventhandler
eventi
evento
eventos
events
events-calendar
events_e
events_listing
eventscalendar
eventsearch
eventsentry
eventual
eventualities
eventuality
eventually
eventum
ever
evergreen
everitt
everlasting
everlastingly
evermore
every
everyauction
everybody
everybuddy
everyday
everyone
everything
everywhere
evf
evg
evh
evi
evict
evicted
evicting
eviction
evictions
evicts
evidence
evidenced
evidences
evidencing
evident
evidently
evidian
evil
eviller
evilly
evils
evince
evinced
evinces
evision
evj
evk
evl
evm
evn
evo
evo-dev
evobb
evoke
evoked
evokes
evoking
evolute
evolutes
evolution
evolutionary
evolutions
evolutionx
evolvable
evolve
evolved
evolves
evolving
evp
evps
evq
evr
evs
evt
evu
evv
evw
evx
evy
evz
ew
ewa
eway
ewb
ewc
ewd
ewe
eweb
ewebeditor
ewebeditpro2
ewebeditpro3
ewebeditpro4
ewebeditpro5
ewes
ewf
ewg
ewh
ewi
ewj
ewk
ewl
ewm
ewn
ewo
ewp
ewq
ewr
ews
ewt
ewu
ewv
eww
ewx
ewy
ewz
ex
exa
exacerbate
exacerbated
exacerbates
exacerbating
exacerbation
exacerbations
exact
exacted
exacting
exactingly
exaction
exactions
exactitude
exactly
exactness
exacts
exaggerate
exaggerated
exaggerates
exaggerating
exaggeration
exaggerations
exalt
exaltation
exalted
exalting
exalts
exam
examination
examinations
examine
examined
examiner
examiners
examines
examining
example
example1
example2
exampledir
examples
exams
exasperate
exasperated
exasperates
exasperating
exasperation
exb
exbb
exc
excalibu
excalibur
excavate
excavated
excavates
excavating
excavation
excavations
exceed
exceeded
exceeding
exceedingly
exceeds
excel
excelled
excellence
excellences
excellency
excellent
excellently
excelling
excels
except
excepted
excepting
exception
exception_log
exceptionable
exceptional
exceptionally
exceptions
excepts
excerpt
excerpted
excerpts
excess
excesses
excessive
excessively
exch
exchange
exchangeable
exchanged
exchanges
exchanging
exchequer
exchequers
exchweb
excise
excised
excises
excising
excision
excitable
excitation
excitations
excite
excited
excitedly
excitement
excites
exciting
excitingly
exciton
exclaim
exclaimed
exclaimer
exclaimers
exclaiming
exclaims
exclamation
exclamations
exclamatory
exclude
exclude_tag
excluded
excludes
excluding
exclusion
exclusionary
exclusions
exclusive
exclusively
exclusiveness
exclusives
exclusivity
excommunicate
excommunicated
excommunicates
excommunicating
excommunication
excrete
excreted
excretes
excreting
excretion
excretions
excretory
excruciate
excursion
excursions
excusable
excusably
excuse
excused
excuses
excusing
exd
exe
exe-bin
exec
executable
executables
execute
executed
executes
executing
execution
executional
executioner
executions
executive
executives
executor
executors
exel
exemplar
exemplary
exemplification
exemplified
exemplifier
exemplifiers
exemplifies
exemplify
exemplifying
exempt
exempted
exempting
exemption
exempts
exercise
exercised
exerciser
exercisers
exercises
exercising
exert
exerted
exerting
exertion
exertions
exerts
exf
exg
exh
exhale
exhaled
exhales
exhaling
exhaust
exhausted
exhaustedly
exhausting
exhaustion
exhaustive
exhaustively
exhausts
exhibit
exhibited
exhibiting
exhibition
exhibitions
exhibitor
exhibitors
exhibits
exhilarate
exhort
exhortation
exhortations
exhume
exi
exiar
exif
exigency
exile
exiled
exiles
exiling
exim
exist
existed
existence
existent
existential
existentialism
existentialist
existentialists
existentially
existing
exists
exit
exited
exiting
exits
exj
exk
exl
exm
exmh
exn
exo
exodus
exoops
exorbitant
exorbitantly
exorcism
exorcist
exoskeleton
exotic
exoticsoft
exotrope
exp
expand
expandable
expanded
expander
expanders
expanding
expands
expanse
expanses
expansible
expansion
expansionism
expansions
expansive
expat
expblog
expect
expectancy
expectant
expectantly
expectation
expectations
expected
expectedly
expecting
expectingly
expects
expedia
expediade
expediauk
expediency
expedient
expediently
expedite
expedited
expedites
expediting
expedition
expeditions
expeditious
expeditiously
expel
expelled
expelling
expels
expend
expendable
expended
expending
expenditure
expenditures
expends
expense
expenses
expensive
expensively
experience
experienced
experiences
experiencing
experiment
experimental
experimentally
experimentation
experimentations
experimented
experimenter
experimenters
experimenting
experiments
expert
expertclub
experten
expertise
expertly
expertness
experts
expirados
expiration
expirations
expire
expired
expires
expiring
expl
explain
explainable
explained
explainer
explainers
explaining
explains
explanation
explanations
explanatory
expletive
explicit
explicitly
explicitness
explode
exploded
explodes
exploding
exploit
exploitable
exploitation
exploitations
exploited
exploiter
exploiters
exploiting
exploits
exploration
explorations
exploratory
explore
exploreanywhere
explored
explorer
explorers
explores
exploring
explosion
explosions
explosive
explosively
explosives
expo
exponent
exponential
exponentially
exponentials
exponentiate
exponentiated
exponentiates
exponentiating
exponentiation
exponentiations
exponents
expop
exporia
export
export_db
export_files
export_tags
exportation
exported
exporter
exporters
exporting
exportorder
exports
expose
exposed
exposer
exposers
exposes
exposing
exposition
expositions
expository
exposure
exposures
expound
expounded
expounder
expounding
expounds
express
express-web
expressed
expresses
expressibility
expressible
expressibly
expressing
expression
expressions
expressive
expressively
expressiveness
expressly
expulsion
expunge
expunged
expunges
expunging
expurgate
exq
exquisite
exquisitely
exquisiteness
exr
exs
exstream
ext
ext2
ext_link
extant
extattr
extcalendar
extemporaneous
extend
extendable
extended
extending
extends
extensibility
extensible
extension
extensions
extensis
extensive
extensively
extent
extents
extenuate
extenuated
extenuating
extenuation
exterior
exteriors
exterminate
exterminated
exterminates
exterminating
extermination
extern
extern-data
extern_js
external
external-link
external_ref
externalfiles
externalid
externalisation
externalization
externallinks
externally
externals
externe
externes
externo
externos
extimages
extinct
extinction
extinguish
extinguished
extinguisher
extinguishes
extinguishing
extirpate
extjs
extlib
extol
extort
extorted
extortion
extra
extra_files
extract
extracted
extracting
extraction
extractions
extractor
extractorpro
extractors
extracts
extracurricular
extramarital
extraneous
extraneously
extraneousness
extranet
extraordinarily
extraordinariness
extraordinary
extrapolate
extrapolated
extrapolates
extrapolating
extrapolation
extrapolations
extras
extraterrestrial
extravagance
extravagant
extravagantly
extravaganza
extremail
extremal
extreme
extremely
extremes
extremist
extremists
extremities
extremity
extricate
extrinsic
extropia
extrosoft
extrovert
exu
exuberance
exult
exultation
exv
exv2
exw
exx
exy
exz
eya
eyb
eyc
eyd
eye
eyeball
eyeblaster
eyebrow
eyebrows
eyed
eyeful
eyeglass
eyeglasses
eyeing
eyelash
eyelid
eyelids
eyeos
eyepiece
eyepieces
eyer
eyers
eyes
eyesight
eyewitness
eyewitnesses
eyewonder
eyf
eyg
eyh
eyi
eying
eyj
eyk
eyl
eym
eyn
eyo
eyp
eyq
eyr
eys
eyt
eyu
eyv
eyw
eyx
eyy
eyz
ez
ez-ticket
eza
ezaspsite
ezb
ezboard
ezbounce
ezc
ezd
eze
ezedit
ezf
ezg
ezh
ezi
ezine
ezineready
ezines
ezinfo
ezj
ezk
ezl
ezm
ezn
ezne
eznetwork
ezo
ezp
ezportal
ezq
ezr
ezs
ezsetup
ezshopper
ezsqliteadmin
ezt
ezu
ezupload
ezusermanager
ezv
ezw
ezwaiter
ezx
ezy
ezyhelpdesk
ezz
f
f-prot
f-secure
f0rum
f1
f10569369
f2
f2c
f2html
f3
f4c
f5
f@cile
fa
faa
fab
fabien
fable
fabled
fables
fabric
fabricate
fabricated
fabricates
fabricating
fabrication
fabrics
fabulous
fabulously
fac
facade
facaded
facades
face
facebook
facebookapp
facebox
faced
facefiles
faces
facestones
facet
faceted
facets
facial
facile
facileforms
facilely
facilitate
facilitated
facilitates
facilitating
facilities
facility
facing
facings
facsimile
facsimiles
facstaff
fact
factfinder
faction
factions
factious
facto
factor
factored
factorial
factories
factoring
factorization
factorizations
factors
factory
factosystem
facts
factsheet
factsheets
factual
factually
facturacion
facturation
factures
faculties
faculty
faculty_staff
facultystaff
fad
fade
faded
fadeout
fader
faders
fades
fading
fae
faethon
faf
fag
fags
fah
fai
fail
failed
failing
failings
fails
failsoft
failure
failures
fain
faint
fainted
fainter
faintest
fainting
faintly
faintness
faints
fair
fairad
fairer
fairest
fairies
fairing
fairly
fairness
fairs
fairway
fairy
fairyland
faith
faithful
faithfully
faithfulness
faithless
faithlessly
faithlessness
faiths
faj
fak
fake
fakebo
faked
faker
fakes
faking
faktorystudios
faktury
fal
falcon
falconer
falcons
falconseye
fall
fallacies
fallacious
fallacy
fallback-reboot
fallen
fallibility
fallible
falling
fallout
fallow
falls
false
falsehood
falsehoods
falsely
falseness
falsification
falsified
falsifies
falsify
falsifying
falsity
falter
faltered
falters
fam
famatech
fame
famed
fames
familia
familial
familiar
familiarities
familiarity
familiarization
familiarize
familiarized
familiarizes
familiarizing
familiarly
familiarness
familie
families
familism
family
family-notices
familytree
famine
famines
famish
famous
famously
fan
fanart
fanatic
fanaticism
fanatics
fancied
fancier
fanciers
fancies
fanciest
fanciful
fancifully
fancily
fanciness
fanclub
fancy
fancybox
fancying
fanfare
fanfold
fang
fangled
fangs
fanli
fanned
fanning
fanout
fans
fantasies
fantasize
fantastic
fantastika
fantasy
fanwen
fanzone
fao
fap
faq
faq-o-matic
faqman
faqmanager
faqpage
faqring
faqs
far
farad
faraway
farben
farce
farces
farcry
fare
fared
fares
farewell
farewells
farfetched
farina
faring
farm
farmed
farmer
farmers
farmhouse
farmhouses
farming
farmland
farms
farmyard
farmyards
farsi
farsighted
farsinews
farther
farthest
farthing
fas
fascicle
fascinate
fascinated
fascinates
fascinating
fascination
fascism
fascist
fashion
fashionable
fashionably
fashioned
fashioning
fashions
fasoo
fast
fasted
fasten
fastened
fastener
fasteners
fastening
fastenings
fastens
faster
fastest
fastfind
fastidious
fasting
fastjar
fastlink
fastloads
fastness
fastpublish
fastraq
fastream
fasts
fastsearch
faststone
fasttrack
fat
fatal
fatalities
fatality
fatally
fatals
fate
fated
fateful
fates
father
fathered
fatherland
fatherly
fathers
fathom
fathomed
fathoming
fathoms
fatigue
fatigued
fatigues
fatiguing
fatness
fats
fatten
fattened
fattener
fatteners
fattening
fattens
fatter
fattest
fatture
fatty
fatwire
fau
faucet
faulhaber
fault
faulted
faulting
faultless
faultlessly
faults
faulty
faun
fauna
faust
fav
favicon
favicons
favor
favorable
favorably
favored
favorer
favoring
favorite
favorite_nodes
favorites
favoritism
favoritos
favors
favourite
favourites
faw
fawn
fawned
fawning
fawns
fax
fay
faz
faze
fb
fb2
fba
fbb
fbc
fbd
fbdb
fbe
fbf
fbfiles
fbg
fbh
fbi
fbida
fbj
fbk
fbl
fbm
fbn
fbo
fbook
fbp
fbq
fbr
fbs
fbt
fbu
fbv
fbw
fbx
fby
fbz
fc
fca
fcategory
fcb
fcc
fcd
fce
fcf
fcg
fcgi
fcgi-bin
fch
fcheck
fci
fcj
fck
fck_editor
fckeditor
fckeditor2
fcl
fclick
fcm
fcms
fcn
fco
fcp
fcpdf
fcq
fcr
fcron
fcs
fct
fcu
fcv
fcw
fcwsite
fcx
fcy
fcz
fd
fda
fdb
fdc
fdclone
fdcp
fdd
fde
fdf
fdg
fdh
fdi
fdj
fdk
fdl
fdm
fdn
fdo
fdp
fdq
fdr
fds
fdt
fdu
fdv
fdw
fdx
fdy
fdz
fe
fea
fear
feared
fearful
fearfully
fearing
fearless
fearlessly
fearlessness
fears
fearsome
feasibility
feasible
feast
feasted
feasting
feasts
feat
feather
featherbed
featherbedding
feathered
featherer
featherers
feathering
feathers
featherweight
feathery
feats
feature
featured
featured-sites
features
featuring
feb
feb06
fec
fecund
fed
federal
federalist
federally
federals
federation
federico
fedex
fedora
fee
feeble
feebleness
feebler
feeblest
feebly
feed
feed-item
feed2js
feedback
feedback-site
feedback_js
feedbacks
feedbrowser
feeder
feeders
feeding
feedings
feeds
feel
feeler
feelers
feeling
feelingly
feelings
feels
fees
feet
fef
feg
feh
fehler
fehlerseiten
fei
feign
feigned
feigning
fej
fek
fel
felicia
felicities
felicity
feline
feliratok
felix
fell
fellatio
felled
felles
felling
fellow
fellows
fellowship
fellowships
felon
felonious
felony
felt
felts
fem
female
females
feminine
femininity
feminism
feminist
femme
femur
femurs
fen
fence
fenced
fencer
fencers
fences
fencing
fend
fender
fenestrae
fengshui
feo
feoktistov
fep
feq
fer
ferienhaus
ferienwohnung
fermat
ferment
fermentation
fermentations
fermented
fermenting
ferments
fern
ferns
ferocious
ferociously
ferociousness
ferocity
ferozo
ferramentas
ferrari
ferret
ferried
ferries
ferrite
ferry
fertile
fertilely
fertility
fertilization
fertilize
fertilized
fertilizer
fertilizers
fertilizes
fertilizing
fervent
fervently
fervor
fervors
fes
fest
festalon
festival
festivals
festive
festively
festivities
festivity
fet
fetal
fetch
fetch_layout
fetchbilling
fetched
fetcher
fetches
fetching
fetchingly
fetchorderdetail
fetid
fetish
fetter
fettered
fetters
fettle
fetus
feu
feud
feudal
feudalism
feuds
fev
fever
fevered
feverish
feverishly
fevers
few
fewer
fewest
fewness
fex
fey
fez
ff
ffa
ffb
ffc
ffd
ffe
fff
ffg
ffh
ffi
ffj
ffk
ffl
ffm
ffmpeg
ffn
ffo
ffp
ffq
ffr
ffs
fft
fftw
ffu
ffv
ffw
ffx
ffy
ffz
fg
fga
fgb
fgc
fgd
fge
fgf
fgg
fgh
fgi
fgj
fgk
fgl
fgm
fgn
fgo
fgp
fgq
fgr
fgs
fgt
fgu
fgv
fgw
fgx
fgy
fgz
fh
fha
fhb
fhc
fhd
fhe
fhf
fhg
fhh
fhi
fhj
fhk
fhl
fhm
fhn
fho
fhp
fhq
fhr
fhs
fht
fhu
fhv
fhw
fhx
fhy
fhz
fi
fi-fi
fi_fi
fia
fiance
fiancee
fiasco
fiat
fib
fibbing
fiber
fibers
fibrosities
fibrosity
fibrous
fibrously
fic
ficha
fichas
fiche
fichepdf
fichepdf_back
fichero
ficheros
fiches
fichier
fichiers
fichot
fickle
fickleness
fiction
fictional
fictionally
fictions
fictitious
fictitiously
fid
fiddle
fiddled
fiddler
fiddles
fiddlestick
fiddlesticks
fiddling
fidelity
fidget
fidogate
fiducial
fie
fief
fiefdom
field
fielded
fielder
fielders
fielding
fields
fieldwork
fiend
fiendish
fierce
fiercely
fierceness
fiercer
fiercest
fiery
fiesta
fif
fife
fifteen
fifteens
fifteenth
fifth
fifties
fiftieth
fifty
fig
fight
fighter
fighters
fighting
fights
figs
figuras
figurative
figuratively
figure
figured
figures
figuring
figurings
fih
fii
fij
fik
fil
filament
filaments
file
file-manager
file-to-disallow
file_download
file_manager
file_upload
fileadmin
filearchive
filebase
filebased
filebin
filecache
filed
filelib
filelibrary
filelist
filemaker
fileman
filemanage
filemanager
filemgmt
filemgmt_data
filename
filenames
filenavigator
fileopen
fileprotection
filer
files
files1
files2
files_deleted
files_log
fileserver
fileshare
filestorage
filestore
filestores
filestream
filesystem
filetopia
filetransfer
fileupload
fileuploader
fileuploads
filez
filezilla
filial
filials
filibuster
filing
filings
fill
fillable
filled
filler
fillers
filling
fillings
fills
filly
film
film-reviews
filme
filmed
filming
films
filmsearch
filmy
filter
filtered
filtering
filters
filth
filthier
filthiest
filthiness
filthy
filzip
fim
fin
finaid
final
finality
finalization
finalize
finalized
finalizes
finalizing
finally
finals
finance
financed
finances
financial
financialaid
financially
financials
financialtimes
financier
financiers
financing
finans
find
find-it
find-new
find-password
find_area
findadoc
findbugs
finder
finders
finding
findings
findpage
finds
fine
fined
finely
fineness
finer
fines
fineshop
finesse
finessed
finessing
finest
finestra
finger
fingered
fingering
fingerings
fingernail
fingerprint
fingerprints
fingers
fingertip
finicky
fining
finish
finished
finisher
finishers
finishes
finishing
finishorder
finite
finitely
finiteness
finjan
fink
finland
finny
fins
fio
fiona
fip
fipsasp
fiq
fir
fire
fire-mouse
firearm
firearms
fireball
firebird
fireboard
fireboat
firebreak
firebug
firecracker
fired
fireflies
firefly
firefox
firehol
firehouse
firelight
fireman
firemen
firenze
fireplace
fireplaces
firepower
fireproof
firer
firers
fires
fireside
firestats
firestorm
firewall
firewalls
firewood
fireworks
firing
firings
firm
firma
firmament
firmas
firmconnect
firmed
firmen
firmer
firmest
firming
firmly
firmness
firms
firmware
firmy
first
first-aid
first4internet
firstclass
firsthand
firstly
firstpost
firsts
firstworks
fis
fiscal
fiscally
fish
fish1
fished
fisher
fisherman
fishermen
fishers
fishery
fishes
fisheye
fishfarm
fishing
fishmonger
fishnet
fishpond
fishy
fissh
fission
fissure
fissured
fist
fisted
fisticuff
fists
fit
fitful
fitfully
fitly
fitness
fitnessdigital
fitnesse
fits
fitted
fitter
fitters
fitting
fittingly
fittings
fitxategia
fitxer
fitxers
fiu
fiv
five
fivefold
fiveofthebest
fives
fivestar
fiw
fiwin
fix
fixate
fixated
fixates
fixating
fixation
fixations
fixed
fixed!
fixedly
fixedness
fixedratemtgcalc
fixer
fixers
fixes
fixing
fixings
fixture
fixtures
fiy
fiz
fizmez
fizzle
fizzled
fj
fja
fjb
fjc
fjd
fje
fjf
fjg
fjh
fji
fjj
fjk
fjl
fjm
fjn
fjo
fjp
fjq
fjr
fjs
fjt
fju
fjv
fjw
fjx
fjy
fjz
fk
fka
fkb
fkc
fkd
fke
fkey
fkf
fkg
fkh
fki
fkj
fkk
fkl
fkm
fkn
fko
fkp
fkq
fkr
fks
fkt
fku
fkv
fkw
fkx
fky
fkz
fl
fla
flabbergast
flabbergasted
flack
flag
flag_content
flagellate
flagged
flagging
flagpole
flagrant
flagrantly
flags
flagsearch
flagship
flail
flair
flak
flake
flaked
flakes
flaking
flaky
flam
flamboyant
flame
flamed
flamer
flamers
flames
flaming
flamingo
flammable
flank
flanked
flanker
flanking
flanks
flannel
flannels
flap
flaps
flare
flared
flares
flaring
flash
flash-download
flash-intro
flash.min
flash2
flash_banners
flash_files
flash_flv_player
flash_swf
flash_test
flashback
flashbanner
flashchat
flashcoms
flashdata
flashed
flasher
flashers
flashes
flashfader
flashfiles
flashfxp
flashgallery
flashgames
flashing
flashlight
flashlights
flashpeak
flashplayer
flashs
flashservices
flashsite
flashstats
flashtest
flashvideo
flashxml
flashy
flask
flat
flatbed
flatly
flatness
flatnuke
flats
flatten
flattened
flattening
flatter
flattered
flatterer
flattering
flattery
flattest
flatulent
flatus
flatworm
flaunt
flaunted
flaunting
flaunts
flavor
flavored
flavoring
flavorings
flavors
flaw
flawed
flawless
flawlessly
flaws
flax
flaxen
flb
flc
fld
fle
flea
fleas
fled
fledged
fledgling
fledglings
flee
fleece
fleeces
fleecy
fleeing
flees
fleet
fleetest
fleeting
fleetly
fleetness
fleets
flesh
fleshed
fleshes
fleshing
fleshly
fleshy
fletch
fletcher
flets
flew
flex
flex-sign-in
flexbackup
flexbb
flexcast
flexcustomer
flexibilities
flexibility
flexible
flexibly
flexphpnews
flf
flg
flh
fli
flick
flicked
flicker
flickering
flicking
flickr
flickrat
flickrau
flickrbe
flickrca
flickrch
flickrcn
flickrde
flickrdk
flickres
flickrfr
flickrie
flickrin
flickrit
flickrjp
flickrnl
flickrno
flickrnz
flickrpt
flickrse
flickrsg
flickruk
flickrus
flicks
fliegl
flier
fliers
flies
flight
flightglobal
flights
flimg
flimsy
flinch
flinched
flinches
flinching
fling
flings
flint
flinty
flip
flipbook
flipflop
flipped
flipper
flippingbook
flips
flir
flirt
flirtation
flirtatious
flirted
flirting
flirts
flit
flitting
flj
flk
fll
flm
fln
flo
float
floatbox
floated
floater
floating
floats
flock
flocked
flocking
flocks
flog
flogging
flood
flooded
flooding
floodlight
floodlit
floods
floor
floored
flooring
floorings
floorplans
floors
floosietek
flop
floppies
floppily
flopping
floppy
flops
flora
floral
floral-events
florence
flores
florian
florid
florida
florin
florist
floss
flossed
flosses
flossing
flotation
flotilla
flounder
floundered
floundering
flounders
flour
floured
flourish
flourished
flourishes
flourishing
flow
flowchart
flowcharting
flowcharts
flowed
flower
flowered
flowerfire
floweriness
flowering
flowerpot
flowers
flowery
flowing
flown
flowplayer
flows
floyd
flp
flq
flr
fls
flsh
flt
flu
fluctuate
fluctuates
fluctuating
fluctuation
fluctuations
flue
fluege
fluency
fluent
fluently
fluff
fluffier
fluffiest
fluffy
flughafenausbau
fluid
fluidgames
fluidity
fluidly
fluids
fluke
flung
flunked
fluoresce
fluorescent
flurried
flurry
flush
flushcms
flushed
flushes
flushing
flute
fluted
fluting
flutter
fluttered
fluttering
flutters
flux
flv
flv_player
flvideo
flvplayer
flvs
flw
flx
fly
flyable
flyer
flyers
flying
flynn
flyspray
flz
fm
fm-feeds
fma
fmail
fmb
fmc
fmd
fme
fmf
fmg
fmh
fmi
fmj
fmk
fml
fmm
fmn
fmo
fmp
fmq
fmr
fms
fmt
fmtemplates
fmu
fmv
fmw
fmx
fmy
fmz
fn
fna
fnb
fnc
fnd
fne
fnf
fng
fnh
fni
fnj
fnk
fnl
fnm
fnn
fno
fnord
fnp
fnq
fnr
fns
fnt
fnu
fnv
fnw
fnx
fny
fnz
fo
foa
foaf
foal
foam
foamed
foaming
foams
foamy
fob
fobbing
foc
focal
focally
focalmedia
foci
focus
focused
focuses
focusing
focussed
fod
fodder
foe
foes
fof
fog
fogged
foggier
foggiest
foggily
fogging
foggy
fogs
fogy
foh
foi
foia
foible
foil
foiled
foiling
foils
foing
foist
foj
fok
fol
fold
folded
folder
folder.open
folder.sec
folder1
folder2
folder_big
folder_contents
folder_lock
folder_new
folders
folding
foldout
folds
foliage
folio
foliot
folk
folklore
folks
folksong
folksy
follett
follies
follow
followed
follower
followers
following
followings
follows
followup
folly
fom
fon
fonction
fonctions
fond
fonder
fondle
fondled
fondles
fondling
fondly
fondness
fondos
fonds
fons
font
font_size
fontana
fontis
fonts
foo
foobar
foobot
food
food-drink
foods
foodstuff
foodstuffs
foojan
fool
fool's
fooled
foolhardy
fooling
foolish
foolishly
foolishness
foolproof
fools
foorumi
foosun_data
foosun_plus
foot
footage
football
footballs
footbridge
footed
footer
footers
footfall
foothill
foothold
footing
footman
footnote
footnotes
footpath
footprint
footprints
footstep
footsteps
footwear
fop
foq
for
for-sale
for_sale
forage
foraged
forages
foraging
foray
forays
forbade
forbear
forbearance
forbears
forbes
forbid
forbidden
forbidding
forbids
force
forced
forceddownload
forcedownload
forceful
forcefully
forcefulness
forcer
forces
forcible
forcibly
forcing
ford
fords
fore
forearm
forearms
foreboding
forecast
forecasted
forecaster
forecasters
forecasting
forecastle
forecasts
foreclosure
foreclosures
forefather
forefathers
forefinger
forefingers
forego
foregoes
foregoing
foregone
foreground
forehead
foreheads
foreign
foreigner
foreigners
foreigns
foreman
foremost
foren
forenoon
forensic
forerunners
foresee
foreseeable
foreseen
foresees
foresight
foresighted
forest
forestall
forestalled
forestalling
forestallment
forestalls
forested
forester
foresters
forestry
forests
foretag
foretell
foretelling
foretells
foretold
forever
forewarn
forewarned
forewarning
forewarnings
forewarns
forex
forfeit
forfeited
forfeiture
forgave
forge
forged
forger
forgeries
forgery
forges
forget
forgetful
forgetfulness
forgets
forgettable
forgettably
forgetting
forging
forgivable
forgivably
forgive
forgiven
forgiveness
forgives
forgiving
forgivingly
forgot
forgot-password
forgot_password
forgotpass
forgotpassword
forgotten
fork
forked
forking
forklift
forks
forlorn
forlornly
form
form-out
form2
form_type
form_valiation
forma
formacion
formail
formal
formalism
formalisms
formalities
formality
formalization
formalizations
formalize
formalized
formalizes
formalizing
formally
formandxml
formant
formants
format
formate
formation
formations
formative
formatively
formats
formatted
formatter
formatters
formatting
formbot
formbuilder
formdata
formdispatch
formed
former
formerly
formexportfiles
formfields
formgen
formguide
formhandler
formidable
forming
formmail
formmail-clone
formmailer
formreview
forms
forms1
forms2
formsadmin
formsend
formserver
formslogin
formsmgr
formsource
formtest
formtools
formula
formulae
formulaire
formulaires
formular
formulare
formulario
formularios
formularz
formularze
formulas
formulate
formulated
formulates
formulating
formulation
formulations
formulator
formulators
formulieren
formupdate
fornication
foro
foro2
foros
forprint
forrent
forrest
forsake
forsaken
forsakes
forsaking
forsale
forschung
forside
forsythe
fort
forte
fortech
forthcoming
forthright
forthwith
fortibus
fortier
forties
fortieth
fortification
fortifications
fortified
fortifies
fortify
fortifying
fortinet
fortiori
fortis
fortitude
fortnight
fortnightly
fortres
fortress
fortresses
forts
fortuitous
fortuitously
fortunate
fortunately
fortune
fortunes
forty
forum
forum-old
forum-teaser
forum1
forum125
forum134
forum2
forum218
forum3
forum4
forum82
forum_
forum_alt
forum_images
forum_new
forum_old
forum_test
forumas
forumbackup
forumcp
forumdata
forumdisplay
forumfiles
forumkit
forumold
forumpolicy
forumproc
forums
forums!
forums1
forums2
forums3
forums_old
forumtest
forumx
forward
forwarded
forwarder
forwarding
forwardness
forwards
foryou
fos
fossil
foster
fostered
fostering
fosters
fot
fotki
fotky
foto
fotoalbum
fotoalbums
fotogal
fotogaleri
fotogalerie
fotogallery
fotografia
fotografias
fotografie
fotomagasinet
fotomax
fotopoint
fotos
fotovideo
fotoxml
fou
fought
foul
fouled
foulest
fouling
foully
foulmouth
foulness
fouls
found
foundation
foundations
founded
founder
foundered
founders
founding
foundling
foundries
foundry
founds
foundstone
fount
fountain
fountains
founts
four
fourdan
fourfold
fourier
fournier
fours
fourscore
foursome
foursquare
fourteen
fourteens
fourteenth
fourth
fov
fow
fowl
fowler
fowls
fox
foxes
foxmail
foxrum
foxtrot
foxweb
foy
foz
fozmail
fozzie
fp
fp2k
fpa
fpb
fpbackup
fpc
fpclass
fpcontrol
fpd
fpdb
fpdf
fpdf153
fpe
fpf
fpg
fph
fpi
fpj
fpk
fpl
fpm
fpn
fpo
fpoll
fpost
fpp
fpq
fpr
fprobe
fps
fpss
fpt
fptest
fpu
fpv
fpw
fpx
fpy
fpz
fqa
fqb
fqc
fqd
fqe
fqf
fqg
fqh
fqi
fqj
fqk
fql
fqm
fqn
fqo
fqp
fqq
fqr
fqs
fqt
fqu
fqv
fqw
fqx
fqy
fqz
fr
fr-be
fr-ca
fr-ch
fr-fr
fr-lu
fr[4]ger
fr_FR
fr_fr
fr_old
fr_virgin
fra
fraction
fractional
fractionally
fractions
fracture
fractured
fractures
fracturing
fragen
fragile
fragment
fragmentary
fragmentation
fragmented
fragmenting
fragments
fragrance
fragrances
fragrant
fragrantly
frags
frail
frailest
frailty
fram
frame
framed
framer
frames
frameset
frametest
framework
frameworks
framing
fran
franc
francais
francais-anglais
france
franchise
franchisee
franchises
franchising
francia
francis
francisco
francois
francs
frank
frank-karau
franked
franker
frankest
frankfurt
frankfurt-lions
franking
franklin
frankly
frankness
franks
frantic
frantically
frassetto
fraternal
fraternally
fraternities
fraternity
fraud
frauds
fraudulent
frauenzimmer
fraught
fray
frayed
fraying
frays
frazzle
frb
frc
frd
fre
freak
freak1
freakish
freaks
freckle
freckled
freckles
fred
freddy
frederic
frederik
free
free-av
free-codecs
free-estimate
free-php
free-report
free_download
freeamp
freebies
freebook
freebsd
freechat
freeciv
freed
freedom
freedoms
freedownload
freedownloads
freeform
freeforum
freeftpd
freegift
freegifts
freehostshop
freeimage
freeing
freeings
freeips
freekrai
freelance
freelancer
freelancers
freelist
freelisting
freely
freeman
freemed
freeness
freenet6
freenews
freenx
freeoffer
freer
freeradius
freereport
frees
freesco
freescripts
freeshipping
freesites
freesoft
freesshd
freest
freestats
freestuff
freestyle
freeswan
freetextbox
freetrial
freetype
freeware
freeway
freewebshop
freewebstat
freewheel
freewnn
freewps
freexmas
freeze
freezer
freezers
freezes
freezing
freezingcold
freight
freighted
freighter
freighters
freighting
freights
freizeit
french
french-english
french1
frenetic
frenzied
frenzy
freon
frequencies
frequency
frequent
frequented
frequenter
frequenters
frequenting
frequently
frequents
fresco
frescoes
fresh
freshen
freshened
freshener
fresheners
freshening
freshens
fresher
freshest
freshly
freshman
freshmen
freshness
freshwater
fret
fretful
fretfully
fretfulness
freunde
freznoshop
frf
frg
frh
fri
friar
friars
fricative
fricatives
friction
frictionless
frictions
friday
fried
friend
friendless
friendlier
friendliest
friendliness
friendlink
friendlist
friendly
friends
friendship
friendships
friendsite
fries
frieze
friezes
frigate
frigates
fright
frighten
frightened
frightening
frighteningly
frightens
frightful
frightfully
frightfulness
frigid
frill
frills
fringe
fringed
frings
frisk
frisked
frisking
frisks
frisky
fritter
frivolity
frivolous
frivolously
frj
frk
frl
frm
frm_
frm_attach
frn
fro
frob
frock
frocks
frodo
frog
frog1
froggy
frogs
frogss
frolic
frolics
from
frommerscobrand
front
front-page
front242
front_page
frontage
frontal
frontcode
frontdoor
fronted
frontend
frontier
frontiers
frontiersman
frontiersmen
fronting
frontlook
frontpage
frontrange
fronts
froogle
froogle_
frost
frostbite
frostbitten
frosted
frosting
frosts
frosty
froth
frothing
frothy
frown
frowned
frowning
frowns
frox
froze
frozen
frozenly
frozenplague
frp
frq
frr
frs
frt
fru
fructose
frugal
frugally
fruit
fruitful
fruitfully
fruitfulness
fruition
fruitless
fruitlessly
fruits
frustrate
frustrated
frustrates
frustrating
frustration
frustrations
frv
frw
frx
fry
fry_include
frz
fs
fs-bin
fsa
fsb
fsbo
fsboard
fsc
fsck
fsd
fse
fsearch
fsf
fsg
fsh
fsi
fsj
fsk
fsl
fsl5apps
fsl5cs
fslint
fsm
fsn
fso
fsp
fsphpgallery
fsq
fsr
fsrscripts
fss
fst
fsu
fsv
fsw
fsx
fsy
fsz
ft
fta
ftb
ftc
ftd
fte
ftemplates
ftf
ftg
fth
fti
ftj
ftk
ftl
ftls
ftm
ftn
fto
ftopic
ftp
ftp1
ftp_content
ftp_files
ftp_upload
ftpd
ftpdir
ftpfs
ftpglide
ftpimages
ftproot
ftpshell
ftpsite
ftpstat
ftpstats
ftpupdater
ftpupload
ftpuploads
ftpuser
ftpx
ftq
ftr
ftrainsoft
fts
ftt
ftt2
ftu
ftv
ftw
ftx
fty
ftz
fua
fub
fuc
fuchs
fuck
fucker
fuckme
fuckoff
fuckyou
fud
fudge
fue
fuel
fueled
fueling
fuels
fuentes
fuf
fug
fugazi
fugitive
fugitives
fugue
fuh
fui
fuj
fuji
fujitsu
fujitsu-siemens
fuk
fukamachi
fuke
fukuoka
ful
fulcrum
fulfill
fulfilled
fulfilling
fulfillment
fulfillments
fulfills
full
full_search
fuller
fullest
fullness
fullscreen
fullsizegame
fulltext
fully
fulminate
fum
fumble
fumbled
fumbling
fume
fumed
fumes
fuming
fun
func
func-lib
funciones
funcions
funcoes
funcs
function
function.require
functional
functionalities
functionality
functionally
functionals
functionary
functioned
functioning
functionlude
functionpages
functions
functions.admin
functions.all
functions.modules
functions.site
functor
functors
fund
fundamental
fundamentally
fundamentals
funded
funder
funders
funding
fundraising
fundraising_2007
funds
funduc
funeral
funerals
funereal
fungal
fungi
fungible
fungicide
fungus
funk
funkboard
funktionen
funkwerk
funkyasp
funnel
funneled
funneling
funnels
funnier
funniest
funnily
funniness
funny
funs
funsoft
funstuff
funzioni
fuo
fup
fuploadcss
fuploadimages
fuploadjs
fuq
fur
furies
furious
furiouser
furiously
furl
furlong
furlough
furnace
furnaces
furnish
furnished
furnishes
furnishing
furnishings
furniture
furrier
furrow
furrowed
furrows
furry
furs
further
furthered
furthering
furthermore
furthermost
furthers
furthest
furtive
furtively
furtiveness
furukawa
fury
fus
fuse
fuseaction
fusebox
fusebox5
fused
fusen
fuses
fusetalk
fuseware
fusework
fusing
fusion
fusioncharts
fusionphp
fusionzone
fuss
fussing
fussy
fut
futaba
futile
futility
future
futures
futuresoft
futurestudents
futurewave
futuristic
fuu
fuv
fuw
fux
fuy
fuz
fuzz
fuzzier
fuzziness
fuzzy
fuzzy_seofq
fuzzymonkey
fv
fva
fvb
fvc
fvd
fve
fvf
fvg
fvh
fvi
fvj
fvk
fvl
fvm
fvn
fvo
fvp
fvq
fvr
fvs
fvt
fvu
fvv
fvw
fvwm
fvx
fvy
fvz
fw
fwa
fwb
fwc
fwd
fwe
fwf
fwg
fwh
fwi
fwj
fwk
fwl
fwlink
fwm
fwmon
fwn
fwo
fwp
fwq
fwr
fws
fwt
fwu
fwv
fww
fwx
fwy
fwz
fx
fx-app
fxa
fxb
fxc
fxd
fxe
fxf
fxg
fxh
fxi
fxj
fxk
fxl
fxm
fxn
fxo
fxp
fxq
fxr
fxs
fxt
fxu
fxv
fxw
fxx
fxy
fxz
fy
fya
fyb
fyc
fyd
fye
fyf
fyg
fyh
fyi
fyj
fyk
fyl
fym
fyn
fyo
fyodor
fyp
fyq
fyr
fys
fyt
fyu
fyv
fyw
fyx
fyy
fyz
fz
fza
fzadmin
fzb
fzc
fzd
fze
fzf
fzg
fzh
fzi
fzj
fzk
fzl
fzm
fzn
fzo
fzp
fzq
fzr
fzs
fzt
fzu
fzv
fzw
fzx
fzy
fzz
g
g-mail
g-shout
g1
g2
g2soft
ga
gaa
gab
gabardine
gabber
gabbing
gable
gabled
gabler
gables
gabriel
gabriele
gabriell
gabriels
gaby
gac
gaceta
gad
gadfly
gadget
gadgetry
gadgets
gadu-gadu
gae
gaestebuch
gaf
gafware
gag
gagged
gagging
gaging
gags
gah
gai
gaieties
gaiety
gaily
gaim-encryption
gain
gained
gainer
gainers
gainful
gaining
gains
gaisbot
gait
gaited
gaiter
gaiters
gaj
gak
gal
gal_images
galactic
galacticomm
galactose
galaxies
galaxy
gale
galeon
galera
galeria
galerias
galerie
galerie-imagini
galerien
galeries
galerija
galery
galileo
gall
gallant
gallantly
gallantry
gallants
galled
galleri
galleria
gallerie
galleried
galleries
gallerry
gallery
gallery1
gallery2
gallery3
gallery_images
gallery_old
galleryimages
galleryview
galley
galleys
galling
gallon
gallons
gallop
galloped
galloper
galloping
gallops
gallows
galls
gallstone
gals
gam
gambar
gambit
gamble
gambled
gambler
gamblers
gambles
gambling
gambol
game
game-panel
gamecheats
gamed
gamefly
gamely
gameness
gamercard
gamerz
games
games2
gamespy
gaming
gamma
gamsoft
gan
gandalf
gander
gandia
gang
gangland
ganglia
gangling
gangplank
gangrene
gangs
gangster
gangsters
gantry
gantt
gantty
gao
gaokao
gap
gape
gaped
gapes
gaping
gaps
gaq
gar
garage
garage-doors
garaged
garages
garantie
garb
garbage
garbages
garbed
garble
garbled
garden
gardened
gardener
gardeners
gardening
gardens
gardich
gardner
garfield
gargantuan
gargle
gargled
gargles
gargling
garland
garlanded
garlic
garment
garments
garner
garnered
garnet
garnish
garrison
garrisoned
garter
garters
gary
gas
gaseous
gaseously
gases
gash
gashes
gasket
gaslight
gasman
gasmi
gasoft
gasoline
gasp
gasped
gasping
gasps
gassed
gasser
gassing
gassings
gassy
gast
gastbuch
gastenboek
gastgeber
gastric
gastrointestinal
gastronome
gastronomy
gat
gate
gated
gates
gateway
gateways
gather
gathere
gathered
gatherer
gatherers
gathering
gatherings
gathers
gating
gator
gatos
gatt
gau
gauche
gaudiness
gaudy
gauge
gauged
gauges
gauharou
gaunt
gauntness
gauss
gauze
gav
gave
gavel
gavron
gaw
gawk
gawky
gax
gay
gayer
gayest
gayety
gayly
gayness
gaz
gaze
gazed
gazelle
gazer
gazers
gazes
gazeta
gazette
gazing
gb
gba
gbase
gbb
gbc
gbcf-v3
gbd
gbe
gbf
gbg
gbh
gbi
gbj
gbk
gbl
gbm
gbn
gbo
gbook
gbp
gbq
gbr
gbs
gbt
gbu
gbu0-contact
gbu0-display
gbu0-emailfriend
gbu0-prodsearch
gbuch
gbv
gbw
gbx
gby
gbz
gc
gca
gcards
gcb
gcc
gccallback
gcd
gce
gcf
gcg
gch
gci
gcj
gck
gcl
gclog
gcm
gcn
gco
gcoreg
gcp
gcpayment
gcq
gcr
gcs
gcs_templates
gcshared
gct
gcu
gcv
gcvs
gcw
gcx
gcy
gcz
gd
gd-star-rating
gda
gdam
gdb
gdbackup
gdc
gdd
gde
gdf
gdfonts
gdform
gdg
gdh
gdi
gdj
gdk
gdl
gdm
gdn
gdo
gdp
gdq
gdr
gds
gdt
gdu
gdv
gdw
gdx
gdy
gdz
ge
gea
gear
gearbox
geared
gearing
gears
geb
gebruiker
gec
gecko
ged
gedcom
gee
geeeekshop
geek
geeklog
geeos
geese
gef
gefeg
geg
geh
geheimnis
gei
geicoprivileges
geisha
gej
gek
gel
gelatin
gelatine
gelatinous
geld
gelinas
gelled
gelling
gels
gem
gemilang
gemini
gemini-horoscope
gems
gen
gender
genders
gene
gene6
genealogy
genecys
genepi
general
general_info
general_lib
generalist
generalists
generalities
generality
generalization
generalizations
generalize
generalized
generalizer
generalizers
generalizes
generalizing
generally
generals
generate
generate_report
generated
generateditems
generates
generating
generation
generations
generative
generator
generators
generic
generic.red
generic.sec
generic2
generic3
generically
generosities
generosity
generous
generously
generousness
genes
genesis
genetic
genetically
geneweb
genhtml
genial
genially
genie
genius
geniuses
genova
genozip
genpdf
genpict
genre
genres
gensym
gent
gente
genteel
genthumb
gentile
gentle
gentleman
gentlemanly
gentlemen
gentleness
gentler
gentlest
gentlewoman
gently
gentoo
gentry
genuine
genuinely
genuineness
genuitec
genus
geo
geo_templates
geoblog
geocel
geocentric
geoclue
geocode
geodesic
geodesicsolutions
geodesy
geodetic
geoff
geographer
geographic
geographical
geographically
geography
geoip
geological
geologist
geologists
geology
geometric
geometrical
geometrically
geometrician
geometries
geometry
geonetwork
geophysical
geophysics
george
georgia
geosynchronous
geotarget
geovision
gep
geq
ger
geral
gerald
geranium
gerber
gerbil
gerencia
gerenciador
geriatric
germ
german
german-english
germane
germany
germicide
germinal
germinate
germinated
germinates
germinating
germination
germs
gernot
geronimo
gerrit
gert
gertrude
gerund
ges
geschaeftskunden
geschenke
geshi
gesperrt
gest
gestao
gestio
gestion
gestionale
gestione
gestiones
gestor
gesture
gestured
gestures
gesturing
gestutente
gesundheit
get
get-file
get-involved
getFile
get_file
get_image
get_password
getaccess
getad
getattachment
getaway
getcar
getcode
getconfig
getcss
getd
getdoc
getfile
getform
getid
getid3
getinvolved
getit
getjobid
getjs
getlast
getlink
getmail
getmedia
getnew
getout
getpage
getpdf
getprice
getresults
getright
getrss
gets
getsolutions
getstarted
getter
getters
getting
getting-started
gettingstarted
gettxt
geturl
getware
geu
gev
gew
gewerbe
gewinnen
gewinnspiel
gewinnspiele
gex
gey
geyser
gez
gf
gfa
gfb
gfc
gfd
gfe
gfen
gff
gfg
gfh
gfhost
gfi
gfix
gfj
gfk
gfl
gfm
gfn
gfo
gforge
gfp
gfporn
gfq
gfr
gfs
gft
gftp
gfu
gfv
gfw
gfx
gfx4_v4gfxed
gfy
gfz
gg
gga
ggb
ggc
ggd
gge
ggf
ggg
ggh
ggi
ggj
ggk
ggl
ggm
ggn
ggo
ggp
ggq
ggr
ggs
ggt
ggu
ggv
ggw
ggx
ggy
ggz
gh
gha
ghastly
ghb
ghc
ghd
ghe
ghetto
ghf
ghg
ghh
ghi
ghisler
ghj
ghk
ghl
ghm
ghn
gho
ghost
ghosted
ghostly
ghosts
ghostscript
ghostview
ghp
ghq
ghr
ghs
ght
ghttpd
ghu
ghv
ghw
ghx
ghy
ghz
gi
gia
giaitri
giant
giants
gib
gibberish
gibraltar
gibson
gic
gid
gidak
giddiness
giddy
gie
gif
gifs
gift
gift-fasttrack
giftbaskets
giftcard
giftcards
giftcert
giftcertificate
giftcertificates
gifted
giftguide
giftlist
giftoptions
giftreg_manage
giftregs
gifts
giftshop
gig
giga-files
gigabit
gigabits
gigabyte
gigabytes
gigacycle
gigafast
gigahertz
gigamon
gigantic
gigavolt
gigawatt
giggle
giggled
giggles
giggling
gigs
gih
gii
gij
gik
gil
gild
gilded
gilding
gilds
gill
gilles
gillius's
gills
gilt
gim
gimmick
gimmicks
gimp
gin
gina
ginc
ginger
gingerbread
gingerly
gingham
ginghams
ginp
gins
gio
giochi
giombetti
gip
giq
gir
giraffe
giraffes
gird
girder
girders
girdle
giris
girl
girlfriend
girlie
girlish
girls
girokonto
girona
girt
girth
gis
gisle
gist
git
gitweb
giu
giv
give
giveaway
giveaways
given
giver
givers
gives
giving
giw
gix
giy
giz
gizmo
gja
gjb
gjc
gjd
gje
gjf
gjg
gjh
gji
gjj
gjk
gjl
gjm
gjn
gjo
gjp
gjq
gjr
gjs
gjt
gju
gjv
gjw
gjx
gjy
gjz
gk
gka
gkb
gkc
gkd
gke
gkf
gkg
gkh
gki
gkj
gkk
gkl
gkm
gkn
gko
gkp
gkq
gkr
gkrellm
gks
gkt
gku
gkv
gkw
gkx
gky
gkz
gl
gla
glacial
glacier
glaciers
glad
gladden
gladder
gladdest
glade
gladiator
gladly
gladness
glamor
glamorous
glamour
glance
glance_config
glanced
glances
glancing
gland
glands
glandular
glare
glared
glares
glaring
glaringly
glasgow
glass
glassed
glasses
glassy
glaucoma
glavnaya
glaze
glazed
glazer
glazes
glazing
glb
glc
gld
gle
gleam
gleamed
gleaming
gleams
glean
gleaned
gleaner
gleaning
gleanings
gleans
glee
gleeful
gleefully
glees
glen
glendale
glenn
glens
glf
glftpd
glg
glh
gli
glickman
glide
glided
glider
gliders
glides
glimmer
glimmered
glimmering
glimmers
glimpse
glimpsed
glimpses
glint
glinted
glinting
glints
glisten
glistened
glistening
glistens
glitch
glitter
glittered
glittering
glitters
glj
glk
gll
glm
gln
glo
gloat
global
global_files
global_images
global_includes
globalfit
globally
globalnav
globalnotescript
globals
globalscape
globalsites
globalsuntech
globe
globes
globes_admin
globetrotter
globular
globularity
globus
gloom
gloomily
gloomy
glories
glorification
glorified
glorifies
glorify
glorious
gloriously
glory
glorying
gloss
glossaire
glossar
glossari
glossaries
glossario
glossary
glossary2
glossed
glosses
glossing
glossy
glosuj
glottal
glove
gloved
glover
glovers
gloves
gloving
glow
glowed
glower
glowers
glowing
glowingly
glows
glp
glpcat
glq
glr
gls
glt
glu
glucose
glue
glued
glues
gluing
glut
glutton
glv
glw
glx
gly
glz
gm
gma
gmail
gmailsite
gmap
gmaps
gmb
gmbh
gmc
gmd
gme
gmf
gmg
gmh
gmi
gmj
gmk
gml
gmm
gmn
gmo
gmod
gmp
gmq
gmr
gms
gmt
gmtv
gmu
gmv
gmw
gmx
gmy
gmz
gn
gna
gnash
gnat
gnats
gnaw
gnawed
gnawing
gnaws
gnb
gnc
gnd
gne
gnf
gng
gnh
gni
gnj
gnk
gnl
gnm
gnn
gno
gnocatan
gnofract
gnome
gnome-db
gnomedia
gnomeicu
gnomon
gnopaste
gnp
gnq
gnqs
gnr
gns
gnt
gnu
gnucleus
gnujsp
gnuplot
gnuturk
gnv
gnw
gnx
gny
gnz
go
go-pear
go-to
go2
go2call
goa
goad
goaded
goahead
goal
goals
goat
goatee
goatees
goats
goaway
gob
gobble
gobbled
gobbler
gobblers
gobbles
goblet
goblets
goblin
goblins
goblue
goc
gocc
gocougs
gocr
god
godaddy
goddess
goddesses
godfather
godhead
godlike
godly
godmother
godmothers
godouet
godparent
gods
godsend
godson
godzilla
goe
goerzen
goes
gof
gofish
goforit
goforum
gog
goggles
gogo
goh
goi
going
goings
goj
gok
gokbayrak
gol
gold
golden
goldenly
goldenness
goldenrod
goldfish
golding
golds
goldscripts
goldsmith
goldstone
golestecos
golf
golf-courses
golfer
golfers
golfing
golink
golly
golos
gom
gon
gonafish
gond
gondola
gone
goner
gong
gongqiu
gongs
gonicus
goo
goober
gooch
good
goodby
goodbye
goodies
goodly
goodness
goodrich
goods
goods_script
goodtech
goodwill
goody
goodyear
goof
goofed
goofs
goofy
goog
googiespell
google
google-analytics
google-search
google_analytics
google_base
google_checkout
google_search
google_sitemap
googleactivity
googleads
googleanalytics
googlebase
googlebot
googlebot-image
googlecheckout
googlemap
googlemaps
googlesearch
googlesite
googlesitemap
googlesitemaps
googlesok
googlestats
googletap
goolery
goose
gop
gopher
gopy
goq
gor
gora
gordano
gordon
gore
gorge
gorgeous
gorgeously
gorges
gorging
gorilla
gorillas
goroda
gory
gos
gosautoinspect
gosh
gosling
gospel
gospelers
gospels
goss
gossamer
gossip
gossiped
gossiping
gossips
gost
got
gotcha
gotdotnet
goto
gotrythis
gotten
gou
gouge
gouged
gouges
gouging
gourd
gourl
gourmet
gout
gov
govern
governance
governed
governess
governing
government
governmental
governmentally
governments
governor
governors
governs
gow
gown
gowned
gowns
gox
goy
goz
gp
gpa
gpapp
gpb
gpc
gpd
gpe
gpf
gpg
gph
gphotos
gpi
gpj
gpk
gpl
gpm
gpn
gpo
gpp
gpq
gpr
gproftpd
gprs
gps
gpsdrive
gpt
gpu
gpv
gpw
gpx
gpy
gpz
gq
gqa
gqb
gqc
gqd
gqe
gqf
gqg
gqh
gqi
gqj
gqk
gql
gqm
gqn
gqo
gqp
gqq
gqr
gqs
gqt
gqu
gqv
gqw
gqx
gqy
gqz
gr
gr-gb
gra
grab
grabbed
grabber
grabbers
grabbing
grabbings
grabnar
grabs
grace
gracebyte
graced
graceful
gracefully
gracefulness
gracenote
graces
gracias
gracing
gracious
graciously
graciousness
grad
gradation
gradations
gradcatalog
grade
graded
grader
graders
grades
gradient
gradients
grading
gradings
gradual
gradually
graduate
graduated
graduates
graduating
graduation
graduations
graf
grafica
graficos
grafics
grafik
grafika
grafiken
grafikk
grafix
graft
grafted
grafter
grafting
grafts
grafx
graham
grahams
grahm
grail
grain
grained
graining
grains
gram
grammar
grammarian
grammars
grammatic
grammatical
grammatically
grams
granada
granaries
granary
grand
grandchild
grandchildren
granddaughter
grande
grander
grandest
grandeur
grandfather
grandfathers
grandiose
grandly
grandma
grandmother
grandmothers
grandnephew
grandness
grandniece
grandpa
grandparent
grands
grandson
grandsons
grandstand
grandstream
grange
granite
granny
granola
grant
granted
grantee
granter
granting
grantor
grants
granularity
granulate
granulated
granulates
granulating
grape
grapefruit
grapes
grapevine
graph
graphed
graphic
graphic-design
graphical
graphically
graphics
graphics2
graphicsmagick
graphiks
graphing
graphite
graphix
graphon
graphs
graphviz
graphx
grappelli
grapple
grappled
grappling
grasp
graspable
grasped
grasping
graspingly
grasps
grass
grassed
grassers
grasses
grassier
grassiest
grassland
grassy
grate
grated
grateful
gratefully
gratefulness
grater
grates
gratification
gratified
gratify
gratifying
grating
gratings
gratis
gratisoft
gratitude
gratuit
gratuities
gratuitous
gratuitously
gratuitousness
gratuity
grave
gravel
gravelly
gravely
graven
graveness
graver
gravest
gravestone
graveyard
gravis
gravitate
gravitation
gravitational
gravity
gravy
gray
graybox
graycms
grayed
grayer
grayest
graying
graymail
grayness
grayscale
graze
grazed
grazer
grazing
grb
grc
grcom_foot
grd
gre
grease
greased
greasemonkey
greases
greasy
great
greater
greatest
greatly
greatness
greece
greed
greedily
greediness
greedy
greek
greekorthodox
green
greenday
greener
greenery
greenest
greengrocer
greenhouse
greenhouses
greening
greenish
greenly
greenness
greens
greenware
greenwood
greet
greeted
greeter
greeting
greeting-cards
greetingcards
greetings
greets
greg
gregarious
gregarius
gregory
grenade
grenades
gretchen
gretchenwilds
gretta
gretzky
grew
grey
grey-market
greybox
greyest
greyhound
greying
greymatter
grf
grfx
grg
grgory
grh
gri
grid
griddle
gridiron
grids
grief
griefs
grievance
grievances
grieve
grieved
griever
grievers
grieves
grieving
grievingly
grievous
grievously
grigorov
grill
grilled
grilling
grills
grim
grimace
grime
grimed
grimly
grimm
grimness
grin
grind
grinder
grinders
grinding
grindings
grinds
grindstone
grindstones
gringotts
grinning
grins
grip
gripe
griped
gripes
griping
gripped
gripping
grippingly
grips
grisly
grist
grit
grits
gritty
grizzly
grj
grk
grl
grm
grn
gro
groan
groaned
groaner
groaners
groaning
groans
grocer
groceries
grocers
grocery
groggy
groin
grok
grokster
groom
groomed
grooming
grooms
groot
groove
grooved
grooves
groovy
grope
groped
gropes
gropher
groping
grosberg
gross
grossed
grosser
grosses
grossest
grossing
grossly
grossman
grossness
grotesque
grotesquely
grotesques
grotto
grottos
ground
grounded
grounder
grounders
grounding
grounds
groundwork
group
group_images
group_inlinemod
groupcp
grouped
grouper
grouping
groupings
grouplist
groups
groupware
groupware-crm
grouse
grove
grovel
groveled
groveling
grovels
grover
grovers
groves
grow
grower
growers
growing
growl
growled
growling
growls
grown
grownup
grownups
grows
growth
growths
grp
grq
grr
grs
grsecurity
grt
gru
grub
grubby
grube
grubs
grudge
grudges
grudgingly
gruesome
gruff
gruffly
grumble
grumbled
grumbles
grumbling
grumpy
grunt
grunted
grunting
grunts
grupos
gruppe
gruppen
grv
grw
grx
gry
gryphon
grz
gs
gs-common
gsa
gsb
gsc
gsd
gsdata_
gse
gsearch
gsf
gsg
gsh
gsi
gsj
gsk
gsl
gsm
gsn
gso
gsp
gsq
gsr
gss
gst
gsu
gsv
gsw
gsx
gsy
gsz
gt
gt-cache
gta
gtasoft
gtb
gtc
gtcatalog
gtchat
gtd
gtd-php
gte
gtetrinet
gtf
gtg
gth
gti
gtj
gtk
gtkdiskfree
gtkftpd
gtksee
gtl
gtm
gtn
gto
gtp
gtq
gtr
gtranslate
gts
gtt
gtu
gtv
gtw
gtx
gty
gtz
gu
gua
guanggao
guanli
guano
guanxicrm
guarantee
guaranteed
guaranteeing
guaranteer
guaranteers
guarantees
guaranty
guard
guardar
guarded
guardedly
guardednet
guardhouse
guardian
guardians
guardianship
guarding
guardium
guards
guatemala
gub
gubernatorial
guc
gucci
gud
guder
gue
guerrilla
guerrillas
guess
guessed
guesses
guessing
guesswork
guest
guest-tracking
guestbook
guestbook2
guestbookhost
guestbooks
guestbox
guestrooms
guests
guf
gug
guh
gui
gui_web
guia
guida
guidance
guide
guidebook
guidebooks
guided
guidedtour
guideline
guidelines
guides
guiding
guido
guild
guilder
guilders
guile
guilfoyle
guilt
guiltier
guiltiest
guiltily
guiltiness
guiltless
guiltlessly
guilty
guinea
guinness
guise
guiseppe
guises
guitar
guitars
guj
guk
gul
gulch
gulches
gulf
gulfs
gull
gulled
gullies
gulling
gulls
gully
gulp
gulped
gulps
gum
gumienny
gumming
gump
gumption
gums
gun
gundavaram
gunfire
gunman
gunmen
gunned
gunner
gunners
gunnery
gunning
gunny
gunplay
gunpowder
guns
gunshot
guntis
guo
gup
gupiao
guppy
gupta
guq
gur
gurgle
gurlchecker
guru
gus
gush
gushed
gusher
gushes
gushing
gust
gusto
gusts
gusty
gut
guthabenhack
guts
gutschein
gutscheine
gutsy
gutter
guttered
gutters
gutting
guttural
guu
guv
guw
gux
guy
guyed
guyer
guyers
guying
guys
guz
gv
gv_faq
gv_redeem
gv_send
gva
gvb
gvc
gvd
gve
gvf
gvg
gvh
gvi
gvj
gvk
gvl
gvm
gvn
gvo
gvp
gvq
gvr
gvs
gvt
gvu
gvv
gvw
gvx
gvy
gvz
gw
gwa
gwb
gwc
gwd
gwe
gweb
gwenview
gwf
gwg
gwh
gwi
gwimages
gwj
gwk
gwl
gwm
gwn
gwo
gwp
gwq
gwr
gws
gwscripts
gwstyles
gwt
gwu
gwv
gww
gwx
gwy
gwz
gx
gxa
gxb
gxc
gxd
gxe
gxf
gxg
gxh
gxi
gxine
gxj
gxk
gxl
gxm
gxn
gxo
gxp
gxq
gxr
gxs
gxt
gxu
gxv
gxw
gxx
gxy
gxz
gy
gya
gyb
gyc
gyd
gye
gyf
gyg
gyh
gyi
gyj
gyk
gyl
gym
gym_sitemaps
gymnasium
gymnasiums
gymnast
gymnastic
gymnastics
gymnasts
gyn
gyo
gyp
gypsies
gypsy
gyq
gyr
gyro
gyrobase
gyrocompass
gyroscope
gyroscopes
gys
gyt
gyu
gyv
gyw
gyx
gyy
gyz
gz
gza
gzb
gzc
gzd
gze
gzf
gzg
gzh
gzi
gzip
gzj
gzk
gzl
gzm
gzn
gzo
gzp
gzq
gzr
gzs
gzt
gzu
gzv
gzw
gzx
gzy
gzz
h
h+bedv
h-sphere
h2
h2opolo
ha
haa
haakon
hab
habeas
haber
haberler
haberx
habikinoshi
habit
habitat
habitation
habitations
habitats
habits
habitual
habitually
habitualness
hac
hack
hackconkec
hackdicon
hacke
hacked
hacker
hackers
hacking
hackl
hackme
hackneyed
hacks
hacksaw
hacksoft
hackweb
had
haddock
hadoop
hae
haendler
haf
hag
haggard
haggardly
haggle
hagstrom
hah
haht
hai
hail
hailed
hailing
hails
hailstone
hailstorm
hair
haircut
haircuts
hairier
hairiness
hairless
hairpin
hairs
hairy
haj
hak
hakkinda
haku
hal
hal9000
halcyon
haldaemon
hale
haler
half
halfhearted
halfway
halifax
hall
hallinta
hallmark
hallmarks
hallow
hallowed
halloween
halls
hallucinate
hallway
hallways
halocon
halogen
halt
halted
halter
halters
halting
haltingly
halts
halve
halved
halvers
halves
halving
halycon
ham
hamburg
hamburger
hamburgers
hamilton
hamlet
hamlets
hammer
hammered
hammering
hammers
hamming
hammock
hammocks
hammurapi
hamper
hampered
hampers
hams
hamster
hamweather
han
hand
hand-crafted
hand.right
hand.up
handbag
handbags
handbook
handbooks
handcuff
handcuffed
handcuffing
handcuffs
handed
handful
handfuls
handgun
handheld
handicap
handicapped
handicapper
handicaps
handier
handiest
handily
handiness
handing
handiwork
handkerchief
handkerchiefs
handle
handle-buy-box
handled
handler
handlers
handles
handling
handmaid
handout
handouts
hands
handshake
handshakes
handshaking
handsome
handsomely
handsomeness
handsomer
handsomest
handson
handspring
handwerk
handwriting
handwritten
handy
handys
hang
hangar
hangars
hanged
hanger
hangers
hanging
hangman
hangmen
hangout
hangover
hangovers
hangs
hanks
hanlder
hanna
hannah
hannover
hans
hansoft
hansolo
hanson
hanterm
hao
hap
haphazard
haphazardly
haphazardness
hapless
haplessly
haplessness
haply
happen
happened
happening
happenings
happens
happier
happiest
happily
happiness
happy
happy1
happycgi
happyday
happyholidays
haq
har
harald
harald-kampen
harass
harassed
harasses
harassing
harassment
harbinger
harbor
harbored
harboring
harbors
hard
hardboiled
hardcopy
hardcore
harden
harder
hardest
hardhat
hardin
hardiness
hardlink
hardlinks
hardly
hardness
hardscrabble
hardship
hardships
hardware
hardwired
hardworking
hardy
hare
harelip
harem
hares
hari
hark
harken
harley
harlot
harlots
harm
harmed
harmful
harmfully
harmfulness
harming
harmless
harmlessly
harmlessness
harmonic
harmonics
harmonies
harmonious
harmoniously
harmoniousness
harmonize
harmony
harms
harness
harnessed
harnessing
harold
harp
harper
harpers
harpia
harping
harried
harrier
harris
harrison
harrow
harrowed
harrowing
harrows
harry
harsh
harsher
harshly
harshness
hart
hartmann
harvest
harvested
harvester
harvesting
harvests
harvey
has
hasbani
haserl
hash
hashcash
hashed
hasher
hashes
hashing
hashish
hasi
hassan
hassle
haste
hasten
hastened
hastening
hastens
hastily
hastiness
hasty
hastymail
hat
hatch
hatched
hatchet
hatchets
hatching
hate
hated
hateful
hatefully
hatefulness
hateit
hatem
hater
hates
hating
hatred
hats
hau
hauck
haughtily
haughtiness
haughty
haul
hauled
hauler
hauling
hauls
haunch
haunches
haunt
haunted
haunter
haunting
haunts
hauri
haus
hausprospekt
hav
have
havejob
haven
havens
haves
having
havoc
haw
hawaii
hawk
hawked
hawker
hawkers
hawking
hawks
hawthorne
hax
hay
haying
haystack
haz
hazard
hazardous
hazards
haze
hazel
hazes
haziness
hazy
hb
hb-ns
hba
hbb
hbc
hbcms
hbd
hbe
hbf
hbg
hbh
hbi
hbj
hbk
hbl
hbm
hbn
hbo
hbp
hbq
hbr
hbs
hbt
hbu
hbv
hbw
hbx
hby
hbz
hc
hca
hcb
hcc
hcc_thumbs
hcd
hce
hcf
hcg
hch
hci
hcj
hck
hcl
hcm
hcn
hco
hcp
hcq
hcr
hcs
hct
hcu
hcv
hcw
hcx
hcy
hcz
hd
hda
hdb
hdc
hdd
hde
hdf
hdg
hdh
hdi
hdj
hdk
hdl
hdm
hdn
hdo
hdp
hdq
hdr
hds
hdt
hdtv
hdu
hdv
hdw
hdwform2mail
hdwformcaptcha
hdx
hdy
hdz
he
hea
head
headache
headaches
headed
header
header2
header_images
header_logo
headerimages
headers
headfoot
headfooter
headgear
heading
headings
headland
headlands
headlight
headline
headlined
headlines
headlining
headlong
headmaster
headphone
headquarters
headroom
heads
headset
headway
heal
healed
healer
healers
healing
heals
health
healthcare
healthcheck
healthful
healthfully
healthfulness
healthier
healthiest
healthily
healthiness
healthprofile
healthy
heap
heaped
heaping
heaps
hear
heard
hearer
hearers
hearing
hearings
hearken
hears
hearsay
heart
heartbeat
heartbreak
hearten
heartiest
heartily
heartiness
heartless
hearts
hearty
heat
heat-on
heatable
heated
heatedly
heater
heaters
heath
heathen
heather
heating
heatmap
heats
heave
heaved
heaven
heavenly
heavens
heaver
heavers
heaves
heavier
heaviest
heavily
heaviness
heaving
heavy
heavyweight
heb
hebditch
hebrew
hebrides
hec
heck
heckle
hectic
hector
hed
hedge
hedged
hedgehog
hedgehogs
hedges
hedley
hedonism
hedonist
hee
heed
heeded
heedless
heedlessly
heedlessness
heeds
heel
heeled
heelers
heeling
heels
hef
heffner
hefty
heg
hegemony
heh
hei
heidi
heifer
height
heighten
heightened
heightening
heightens
heights
heimdal
heinlein
heinous
heinously
heinz
heiphetz
heir
heirachy
heiress
heiresses
heirs
hej
hek
hel
held
helen
helical
helicopter
heliocentric
helium
helix
hell
hellfire
hellish
hello
hello-world
hello1
helloworld
hells
helm
helmet
helmets
helmsman
help
help-center
help-desk
help2
help_answer
helpadmin
helpcenter
helpdesk
helped
helper
helperfiles
helpers
helpfiles
helpful
helpfully
helpfulness
helping
helpless
helplessly
helplessness
helpmate
helpme
helps
helsinki
helvis
hem
hemeroteca
hemisphere
hemispheres
hemlock
hemlocks
hemoglobin
hemorrhoid
hemostat
hemostats
hemp
hempen
hems
hen
hence
henceforth
henchman
henchmen
henden
henderson
hendrix
henpeck
henry
hens
hensel
hensley
henstridge
hentai
henzell
heo
hep
hepatitis
heq
her
herald
heralded
heralding
heralds
herb
herberlin
herbert
herbivore
herbivorous
herbs
herd
herded
herder
herding
herds
here
hereabout
hereabouts
hereafter
hereby
hereditary
heredity
herein
hereinafter
hereof
heres
heresy
heretic
heretics
hereto
heretofore
hereunder
herewith
heritage
heritages
herman
hermes
hermetic
hermetically
hermit
hermitian
hermits
hernandez
hero
heroes
heroic
heroically
heroics
heroin
heroine
heroines
heroism
herold
heron
herons
herpes
herramientas
herring
herrings
herron
hers
herself
hersteller
hertz
hes
heschong
hesitant
hesitantly
hesitate
hesitated
hesitates
hesitating
hesitatingly
hesitation
hesitations
hesk
het
heterogeneity
heterogeneous
heterogeneously
heterogeneousness
heterogenous
heterosexual
heu
heuristic
heuristically
heuristics
hev
hew
hewed
hewer
hewlettpackard
hews
hex
hexadecimal
hexagon
hexagonal
hexagonally
hexagons
hey
heysoft
hez
hezuo
hf
hfa
hfb
hfc
hfd
hfe
hff
hffiles
hfg
hfh
hfi
hfj
hfk
hfl
hfm
hfn
hfo
hfp
hfq
hfr
hfs
hft
hfu
hfv
hfw
hfx
hfy
hfz
hg
hga
hgb
hgc
hgd
hge
hgf
hgg
hgh
hgi
hgj
hgk
hgl
hgm
hgn
hgo
hgp
hgq
hgr
hgs
hgt
hgu
hgv
hgw
hgx
hgy
hgz
hh
hh_site
hha
hhb
hhc
hhd
hhdocs
hhe
hhf
hhg
hhh
hhi
hhj
hhk
hhl
hhm
hhn
hho
hhp
hhq
hhr
hhs
hht
hhu
hhv
hhw
hhx
hhy
hhz
hi
hi-res
hia
hiawatha
hib
hibernate
hibernia
hibyte
hic
hick
hickory
hid
hidden
hide
hideous
hideously
hideousness
hideout
hideouts
hides
hiding
hie
hiebert
hierarchal
hierarchic
hierarchical
hierarchically
hierarchies
hierarchy
hif
hig
high
higher
highest
highland
highlander
highlands
highlight
highlighted
highlighting
highlights
highly
highness
highnesses
highschool
highscores
highslide
highwall
highway
highwayman
highwaymen
highways
hih
hii
hiiacodeofethics
hiiamembership
hij
hijack
hijacked
hik
hike
hiked
hiker
hikes
hiki
hiking
hil
hilarious
hilariously
hilarity
hilary
hilfe
hilgraeve
hill
hillbilly
hillock
hills
hillsborough
hillside
hillsides
hilltop
hilltops
hilt
hilton
hilts
him
himpfen
himself
hin
hind
hinder
hindered
hindering
hinders
hindi
hindrance
hindrances
hinds
hindsight
hines
hinge
hinged
hinges
hint
hinted
hintergrundinfo
hinting
hinton
hints
hio
hip
hipaa
hipp
hippo
hippopotamus
hips
hiq
hiqfm
hir
hire
hired
hirer
hirers
hires
hiring
hirings
his
hiss
hissed
hisses
hissing
hist
histogram
histograms
histoire
historia
historian
historians
historic
historical
historically
histories
history
hit
hitachi
hitbox
hitch
hitched
hitchhike
hitchhiked
hitchhiker
hitchhikers
hitchhikes
hitchhiking
hitching
hitcount
hitcounts
hitech
hitfotos
hither
hitherto
hitmat
hits
hitter
hitters
hitting
hitweb
hiu
hiv
hive
hivemail
hiw
hix
hiy
hiz
hj
hja
hjb
hjc
hjd
hje
hjf
hjg
hjh
hji
hjj
hjk
hjl
hjm
hjn
hjo
hjp
hjq
hjr
hjs
hjt
hju
hjv
hjw
hjx
hjy
hjz
hk
hka
hkb
hkc
hkd
hke
hkf
hkg
hkh
hki
hkj
hkk
hkl
hkm
hkn
hko
hkp
hkq
hkr
hks
hkt
hku
hkv
hkw
hkx
hky
hkz
hl
hla
hlb
hlc
hld
hle
hledamkontakt
hledani
hledat
hledej
hlf
hlg
hlh
hli
hlj
hlk
hll
hlm
hln
hlo
hloader
hlp
hlq
hlr
hls
hlstats
hlsw
hlt
hlu
hlv
hlw
hlx
hly
hlz
hm
hma
hmb
hmc
hmd
hme
hmf
hmg
hmh
hmi
hmj
hmk
hml
hmm
hmn
hmo
hmp
hmq
hmr
hms
hmt
hmu
hmv
hmw
hmx
hmy
hmz
hn
hna
hnb
hnc
hnd
hne
hnf
hng
hnh
hni
hnj
hnk
hnl
hnm
hnn
hno
hnp
hnq
hnr
hns
hnt
hnu
hnv
hnw
hnx
hny
hnz
hoa
hoar
hoard
hoarder
hoarding
hoariness
hoarse
hoarsely
hoarseness
hoary
hob
hobbies
hobbit
hobble
hobbled
hobbles
hobbling
hobby
hobbyhorse
hobbyist
hobbyists
hobosworld
hoc
hochschule
hochschulen
hochzeit
hockey
hod
hodgepodge
hoe
hoes
hof
hoffmann
hofmann
hog
hogan
hogar
hoge
hogging
hogs
hogstorps
hoh
hoi
hoist
hoisted
hoisting
hoists
hoizey
hoj
hok
hol
hola
hold
holden
holder
holders
holding
holdings
holds
hole
holed
holes
holger
holiday
holiday08
holidaymaker
holidays
holidaysaving
holidaytheft
holies
holiness
holistic
holland
hollow
hollowed
hollowing
hollowly
hollowness
hollows
holly
hollywood
holmberg
holocaust
hologram
holograms
holy
hom
homage
home
home-brew
home-insurance
home-page
home1
home2
home_files
home_images
home_nli
home_page
homebrew
homed
homedepot
homeimages
homeless
homely
homemade
homemaker
homemakers
homeomorphic
homeomorphism
homeomorphisms
homeopath
homeowner
homeowners
homepage
homepage_images
homepages
homer
homers
homes
homes-features
homes-for-sale
homeschool
homesick
homesickness
homespun
homestead
homesteader
homesteaders
homesteads
homeward
homewards
homework
homezone
homicidal
homicide
homing
homme
homo
homogeneities
homogeneity
homogeneous
homogeneously
homogeneousness
homologacao
homomorphic
homomorphism
homomorphisms
homosexual
hompage
hon
honda
honda1
honduras
hone
honed
honer
hones
honest
honestly
honesty
honey
honeybee
honeycomb
honeycombed
honeyd
honeydew
honeymoon
honeymooned
honeymooner
honeymooners
honeymooning
honeymoons
honeypot
honeysuckle
honeywell
hongkong
honing
honor
honorable
honorableness
honorably
honoraries
honorarium
honorary
honored
honorer
honoring
honors
hoo
hood
hooded
hoodlum
hoods
hoodwink
hoodwinked
hoodwinking
hoodwinks
hoof
hoofs
hook
hooked
hooker
hookers
hooking
hooks
hookup
hookups
hoop
hooper
hoops
hoot
hooted
hooter
hootie
hooting
hoots
hooves
hop
hope
hoped
hopeful
hopefully
hopefulness
hopefuls
hopeless
hopelessly
hopelessness
hopes
hoping
hopper
hoppers
hopping
hops
hoq
hor
horde
hordes
horizon
horizons
horizontal
horizontally
hormone
hormones
horms
horn
horned
hornet
hornets
horns
horny
horoscope
horoscopes
horrendous
horrendously
horrible
horribleness
horribly
horrid
horridly
horrified
horrifies
horrify
horrifying
horror
horrors
horrorstories
horsburg
horse
horse-camps
horse-racing
horseback
horseflesh
horsefly
horseman
horseplay
horsepower
horses
horses-for-sale
horseshoe
horseshoer
horticulture
horus
horwood
hos
hos_test
hose
hoses
hospedagem
hospitable
hospitably
hospital
hospitality
hospitalize
hospitalized
hospitalizes
hospitalizing
hospitals
host
host-manager
hostadmin
hostage
hostages
hostapd
hosted
hosted_asp
hostess
hostesses
hostgator
hostile
hostilely
hostilities
hostility
hosting
hostname
hosts
hot
hot-jobs
hot-things
hot_ai-church
hot_bc
hot_bc-live
hot_bc2
hot_bcssl
hot_hc
hot_mon-live
hot_monitor
hot_sys
hot_ufi
hot_ufi-live
hot_ufi2
hot_wrk
hot_wrk-blair
hot_wrk-live
hot_wrk-thatch
hotcock
hotdeals
hotdog
hoteis
hotel
hotel-reviews
hotel-search
hotel_v3
hotelclient
hotele
hoteles
hoteles_en
hotelimage
hotelrewards
hotels
hotels-resorts
hotels-uk
hotels_in
hotelxml
hotfoon
hotline
hotlink
hotlinking
hotlinks
hotly
hotmail
hotness
hotnews
hotornot
hotplug
hotscripts
hotsite
hotspot
hotter
hottest
hottopics
hottrends
hotufi2
hotwebscripts
hou
hound
hounded
hounding
hounds
hour
hourglass
hourly
hourly_usage_200909
hourly_usage_202604
hours
house
houseads
houseboat
housebroken
housed
houseflies
housefly
household
householder
householders
households
housekeeper
housekeepers
housekeeping
houses
housetop
housetops
housewife
housewifely
housewives
housework
housing
housley
housokonpozairyo
houston
houtai
hov
hovel
hovels
hover
hovered
hovering
hovers
how
how-it-works
how-to
how-to-buy
how-to-order
howard
howe
howell
however
howl
howled
howler
howling
howls
howto
howtobuy
hox
hoy
hoyer
hoz
hp
hp1
hp2
hp3
hpa
hpb
hpc
hpd
hpe
hpf
hpg
hph
hpi
hpj
hpk
hpl
hplip
hpm
hpmusic
hpn
hpo
hpp
hpphotocenter
hpq
hpr
hps
hpt
hpu
hpv
hpw
hpwebjetadmin
hpx
hpy
hpz
hq
hqa
hqb
hqc
hqd
hqe
hqf
hqg
hqh
hqi
hqj
hqk
hql
hqm
hqn
hqo
hqp
hqq
hqr
hqs
hqt
hqu
hqv
hqw
hqx
hqy
hqz
hr
hr-gb
hra
hrb
hrblock
hrc
hrd
hre
href
hrf
hrg
hrh
hri
hrj
hrk
hrl
hrm
hrn
hro
hrotm
hrp
hrq
hrr
hrs
hrt
hru
hrv
hrw
hrx
hry
hrz
hs
hs_extensions
hsa
hsb
hsbc
hsc
hsconfig
hscripts
hsd
hse
hsf
hsftp
hsg
hsh
hsi
hsj
hsk
hsl
hsm
hsn
hso
hsp
hsphere
hsq
hsr
hss
hssi
hst
hstest
hsu
hsv
hsw
hsx
hsy
hsz
ht
ht:
hta
htaccess
htadmin
htb
htbin
htc
htd
htdig
htdoc
htdocs
hte
hterror
hterrors
htf
htg
htget
hth
hti
htj
htk
htl
htm
htm3
html
html-helper
html1
html2
html2hdml
html2pdf
html2ps
html2wml
html3
html5
html_editor
html_email
html_emails
html_files
html_old
html_pages
html_snippets
html_templates
htmlarea
htmldocs
htmledit
htmleditor
htmlemail
htmlfiles
htmlimages
htmljunction
htmlmail
htmlmimemail5
htmlpdf
htmlrotate
htmls
htmltag
htmltonuke
htn
hto
htp
htpasswd
htpasswds
htq
htr
hts
htsdata
htsrv
htt
http
http_errors
httpd
httpd.conf
httpdocs
httperrors
httplib
httpmodules
httprequest
httprint
https
httpsdocs
httptunnel
httpuser
httrack
htu
htv
htw
htx
hty
htz
hu
hua
hub
hubicka
hubris
hubs
huc
hud
huddle
huddled
huddling
hudson
hue
huelva
hues
huf
hug
huge
hugely
hugeness
huggel
huggiesau
huggiesin
huggiesnz
huggiessg
hugging
hugh
hughes
hugo
huh
hui
huiyuan
huj
huk
hul
hull
hulls
hum
human
human-resources
human_resources
humane
humanely
humaneness
humanitarian
humanities
humanity
humanlinks
humanly
humanness
humanres
humanresources
humans
humble
humbled
humbleness
humbler
humblest
humbling
humbly
humbug
humerus
humid
humidification
humidified
humidifier
humidifiers
humidifies
humidify
humidifying
humidity
humidly
humiliate
humiliated
humiliates
humiliating
humiliation
humiliations
humility
hummed
humming
hummingbird
humor
humored
humorer
humorers
humoring
humorous
humorously
humorousness
humors
humour
hump
humpback
humped
hums
hun
hunch
hunched
hunches
hundred
hundredfold
hundreds
hundredth
hung
hungary
hunger
hungered
hungering
hungers
hungrier
hungriest
hungrily
hungry
hunk
hunks
hunt
hunted
hunter
hunters
hunting
hunts
huntsman
huo
huodong
hup
huq
hur
hurdle
hurl
hurled
hurler
hurlers
hurling
hurrah
hurricane
hurricanes
hurried
hurriedly
hurries
hurry
hurrying
hurt
hurting
hurtle
hurtling
hurts
hus
husband
husbandry
husbands
hush
hushed
hushes
hushing
husk
husked
husker
huskiness
husking
husks
husky
hustle
hustled
hustler
hustles
hustling
hut
hutch
hutchins
huts
huttenlocher
huu
huv
huw
hux
huy
huz
hv
hva
hvb
hvc
hvd
hve
hvf
hvg
hvh
hvi
hvj
hvk
hvl
hvm
hvn
hvo
hvp
hvq
hvr
hvs
hvt
hvu
hvv
hvw
hvx
hvy
hvz
hw
hwa
hwb
hwc
hwd
hwdphotos
hwdvideos
hwe
hwf
hwg
hwh
hwi
hwj
hwk
hwl
hwm
hwn
hwo
hwp
hwq
hwr
hws
hwt
hwu
hwv
hww
hwx
hwy
hwz
hxa
hxb
hxc
hxd
hxe
hxf
hxg
hxh
hxi
hxj
hxk
hxl
hxm
hxn
hxo
hxp
hxq
hxr
hxs
hxt
hxu
hxv
hxw
hxx
hxy
hxz
hy
hya
hyacinth
hyb
hybrid
hyc
hyd
hydra
hydrant
hydraulic
hydro
hydrodynamic
hydrodynamics
hydrogen
hydrogens
hye
hyena
hyf
hyg
hygiene
hyh
hyi
hyj
hyk
hyl
hylafax
hym
hymen
hymn
hymns
hyn
hyo
hyp
hype
hyper
hyperbola
hyperbolic
hypermail
hypernews
hypertext
hyphen
hyphenate
hyphens
hypnosis
hypnotic
hypocrisies
hypocrisy
hypocrite
hypocrites
hypodermic
hypodermics
hypotheses
hypothesis
hypothesize
hypothesized
hypothesizer
hypothesizes
hypothesizing
hypothetical
hypothetically
hyq
hyr
hys
hysteresis
hysterical
hysterically
hyt
hyu
hyundai
hyv
hyw
hyx
hyy
hyz
hz
hza
hzb
hzc
hzd
hze
hzf
hzg
hzh
hzi
hzj
hzk
hzl
hzm
hzn
hzo
hzp
hzq
hzr
hzs
hzt
hzu
hzv
hzw
hzx
hzy
hzz
i
i-data
i-drive
i-gallery
i-mall
i-man
i-mode
i-rater
i-tech
i18n
i2
i3
ia
ia_archiver
iaa
iab
iac
iad
iadmin
iae
iaf
iag
iah
iai
iaj
iak
ial
iam
iambic
ian
iao
iap
iaq
iar
ias
iat
iatek
iau
iav
iaw
iax
iaxclient
iaxcomm
iay
iaz
ib
ib6ub9
ib_html
iba
ibarakishi
ibas
ibb
ibbotson
ibc
ibd
ibe
ibex
ibf
ibg
ibh
ibi
ibiblio
ibid
ibill
ibis
ibiza
ibj
ibk
ibl
ibm
ibn
ibo
ibp
ibproarcade
ibq
ibr
ibrow
ibs
ibt
ibu
ibv
ibw
ibwd
ibx
iby
ibz
ic
ica
icab
ical
icalendar
icare
icat
icb
icblogger
icc
icculus
icd
ice
iceberg
icebergs
icebox
icecast
icecream
iced
iceman
ices
icewarp
icf
icg
ich
ichwilltechnik
ici
icicle
iciness
icing
icings
icis
icj
ick
icl
icm
icms
icn
icns
ico
icon
icon.sheet
icone
icones
iconico
iconoclasm
iconoclast
iconos
iconpics
icons
icons2
icons_big
icons_middle
icontrol
iconz
icosahedra
icosahedral
icosahedron
icp
icq
icr
icra
icradius
icredibb
ics
ict
icu
icuii
icv
icw
icx
icy
icz
id
id_img
id_rsa
id_rsa.pub
ida
idaho
idb
idbc
idc
idd
ide
idea
ideal
idealbb
idealism
idealistic
idealization
idealizations
idealize
idealized
idealizes
idealizing
ideally
ideals
ideaprintpage
ideas
idem
idempotency
idempotent
identd
identical
identically
identifiable
identifiably
identification
identifications
identified
identifier
identifiers
identifies
identify
identifying
identities
identity
identitydirect
identix
ideological
ideologically
ideology
idevaffiliate
idevspot
idf
idg
idh
idi
idiocy
idiom
idiomas
idiosyncrasies
idiosyncrasy
idiosyncratic
idiot
idiotic
idiots
idj
idk
idl
idle
idled
idleness
idler
idlers
idles
idlest
idling
idly
idm
idn
ido
idol
idolatry
idols
idp
idq
idr
ids
idt
idu
iduprey
idv
idw
idx
idy
idz
ie
ie-gb
ie6
ie7
ie8
ie_css_fix
iea
ieb
iec
ied
iee
ieee
ief
ieg
ieh
iei
iej
iek
iel
ielts
iem
ien
ieo
iep
iepngfix
ieq
ier
ies
iet
ietf
ieu
iev
iew
iex
iey
iez
if
if_images
ifa
ifb
ifc
ifd
ife
ifenslave
iff
ifg
ifh
ifi
ifj
ifk
ifl
ifm
ifn
ifo
iforum
ifoto
ifp
ifq
ifr
iframe
iframes
ifs
ift
ifu
ifusion
ifv
ifw
ifx
ify
ifz
ig
ig41sub
ig_common
ig_res
iga
igb
igc
igd
ige
igeneric
igenus
igf
igg
igh
igi
igj
igk
igl
igloo
iglooftp
iglooweb
igm
ign
ignite
ignition
ignoble
ignominious
ignoramus
ignorance
ignorant
ignorantly
ignore
ignored
ignores
ignoring
igo
igolf
igor
igp
igq
igr
igre
igs
igscenter
igt
igu
iguana
igv
igw
igx
igy
igz
ih
iha
ihb
ihc
ihd
ihe
ihf
ihg
ihh
ihi
ihj
ihk
ihl
ihm
ihn
iho
ihp
ihq
ihr
ihs
iht
ihtml
ihu
ihv
ihw
ihx
ihy
ihz
ii
iia
iib
iic
iid
iie
iif
iig
iih
iii
iij
iik
iil
iim
iin
iinet
iio
iip
iiq
iir
iis
iis_customdocs
iis_rewrite
iisadmin
iisadmpwd
iiscart
iisprotect
iissamples
iisworks
iit
iiu
iiv
iiw
iix
iiy
iiz
ija
ijb
ijc
ijd
ije
ijf
ijg
ijh
iji
ijj
ijk
ijl
ijm
ijn
ijo
ijp
ijq
ijr
ijs
ijt
iju
ijv
ijw
ijx
ijy
ijz
ik
ika
ikarus
ikb
ikc
ikd
ike
ikf
ikg
ikh
iki
ikj
ikk
ikl
iklan
ikm
ikn
iko
ikomunity
ikonboard
ikons
ikp
ikq
ikr
iks
ikt
iku
ikusi
ikv
ikvader
ikw
ikx
iky
ikz
il
ila
ilb
ilc
ilch
ild
ile
iletisim
ilf
ilg
ilh
ili
ilia
ilink
ilj
ilk
ill
illegal
illegalities
illegality
illegally
illegitimate
illicit
illicitly
illinois
illiteracy
illiterate
illness
illnesses
illogical
illogically
ills
illuminate
illuminated
illuminates
illuminating
illumination
illuminations
illumine
illusion
illusions
illusive
illusively
illusory
illustrate
illustrated
illustrates
illustrating
illustration
illustrations
illustrative
illustratively
illustrator
illustrators
illustrious
illustriousness
illy
ilm
iln
ilo
ilog
ilohamail
iloveyou
ilp
ilq
ilr
ils
ilt
ilu
ilv
ilw
ilx
ily
ilz
im
im-switch
ima
imag
image
image-files
image-gallery
image-line
image1
image2
image3
image_captcha
image_data
image_files
image_gallery
image_library
imagebank
imagecache
imagecfc
imagecrop
imagedb
imageeditor
imagefiles
imagefolio
imagegallery
imagehosting
imagelib
imagelibrary
imagem
imagemagick
imagemanager
imagemap
imagemaps
imagen
imagenes
imagens
imagepages
imageresizer
imageresources
imagery
images
images-backup
images-general
images-global
images-ht
images-infra
images-nav
images-new
images-old
images-working
images0
images01
images1
images120
images180
images2
images2004
images2006
images2010
images3
images30
images4
images5
images6
images60
images7
images8
images9
images90
images_1
images_admin
images_articles
images_auto
images_bak
images_bk
images_clients
images_cms
images_computer
images_events
images_finanzen
images_gallery
images_global
images_header
images_immo
images_main
images_matrix
images_new
images_news
images_noindex
images_old
images_online
images_overall
images_products
images_reise
images_sales
images_shop
images_single
images_site
images_stolen
images_temp
images_upload
imagesa
imagesearch
imageserver
imagesnew
imagesold
imagesphoto
imagess
imagesx
imagetest
imageupload
imagevue
imagez
imagezoom
imagicsoft
imaginable
imaginably
imaginary
imagination
imaginations
imaginative
imaginatively
imagine
imagined
imagines
imaginex-resource
imaging
imagini
imagining
imaginings
iman
imanager
imap
imatge
imatges
imatix
imb
imbalance
imbalances
imbecile
imbibe
imbroglio
imc
imd
imdb
ime
imed
imediasoftware
imendio
imesh
imesync
imf
img
img-sys
img1
img2
img2ascii
img3
img4
img_
img_cache
img_common
img_logo
img_map
img_news
img_tmp
imgages
imgallery
imgcache
imges
imglanding
imglib
imgmsk
imgpost
imgprod
imgres
imgresize
imgs
imgs2
imgsrc
imgsvr
imgupload
imh
imho
imi
imieniny
imitate
imitated
imitates
imitating
imitation
imitations
imitative
imj
imk
iml
imlib
imm
immaculate
immaculately
immagini
immaterial
immaterially
immature
immaturity
immediacies
immediacy
immediate
immediately
immemorial
immense
immensely
immerse
immersed
immerses
immersion
immigrant
immigrants
immigrate
immigrated
immigrates
immigrating
immigration
imminent
imminently
immo
immobilien
immobiliensuche
immobilier
immoderate
immodest
immoral
immortal
immortality
immortally
immovability
immovable
immovably
immune
immunities
immunity
immunix
immunization
immutable
imn
imo
imobile
imode
imoel
imoveis
imp
impact
impacted
impacting
impaction
impactor
impactors
impacts
impair
impaired
impairing
impairs
impala
impale
impart
imparted
impartial
impartially
imparts
impasse
impassive
impatience
impatient
impatiently
impeach
impeachable
impeached
impeachment
impeccable
impedance
impedances
impede
impeded
impedes
impediment
impediments
impeding
impel
impelled
impelling
impend
impending
impenetrability
impenetrable
impenetrably
imperative
imperatively
imperatives
imperceivable
imperceptible
imperfect
imperfection
imperfections
imperfectly
imperia
imperial
imperialism
imperialist
imperialists
imperil
imperiled
imperious
imperiously
impermanence
impermanent
impermeable
impermissible
impersonal
impersonally
impersonate
impersonated
impersonates
impersonating
impersonation
impersonations
impertinent
impertinently
impervious
imperviously
impetuous
impetuously
impetus
impex
impexp
impinge
impinged
impinges
impinging
impious
implacable
implant
implanted
implanting
implants
implausible
implement
implementable
implementation
implementations
implemented
implementer
implementing
implementor
implementors
implements
implicant
implicants
implicate
implicated
implicates
implicating
implication
implications
implicit
implicitly
implicitness
implied
implies
implore
implored
imploring
imply
implying
impolite
import
import_files
import_lib
importance
important
importantly
importation
imported
imported-data
importer
importers
importing
imports
impose
imposed
imposes
imposing
imposition
impositions
impossibilities
impossibility
impossible
impossibly
impostor
impostors
impotence
impotency
impotent
impound
impoverish
impoverished
impoverishment
impracticable
impractical
impracticality
impractically
imprecise
imprecisely
imprecision
impregnable
impregnate
imprensa
impresa
impress
impressed
impresser
impresses
impressible
impressing
impression
impressionable
impressionist
impressionistic
impressions
impressive
impressively
impressiveness
impressment
impressum
imprimatur
imprimer
imprimir
imprint
imprinted
imprinting
imprints
imprison
imprisoned
imprisoning
imprisonment
imprisonments
imprisons
improbability
improbable
impromptu
improper
improperly
impropriety
improve
improved
improvement
improvements
improves
improving
improvisation
improvisational
improvisations
improvise
improvised
improviser
improvisers
improvises
improvising
imprudent
imps
impudent
impudently
impugn
impulse
impulses
impulsion
impulsive
impunity
impure
impurities
impurity
impute
imputed
imq
imr
ims
imt
imu
imv
imw
imwheel
imx
imy
imz
in
in-portal
in-the-news
in2site
in_process
ina
inability
inaccessible
inaccuracies
inaccuracy
inaccurate
inaction
inactivate
inactive
inactivity
inadequacies
inadequacy
inadequate
inadequately
inadequateness
inadmissibility
inadmissible
inadvertent
inadvertently
inadvisable
inalienable
inalterable
inane
inanimate
inanimately
inapplicable
inapproachable
inappropriate
inappropriateness
inasmuch
inattention
inaudible
inaugural
inaugurate
inaugurated
inaugurating
inauguration
inauspicious
inb
inboard
inbound
inbox
inbreed
inc
inc.php
inc1
inc2
inc40
inc_
inc_conf
inc_config
inc_file
inc_functions
inc_images
inc_lib
inc_old
inc_overall
inca
incalculable
incandescent
incantation
incapable
incapacitate
incapacitating
incarcerate
incarnation
incarnations
inccms
incendiaries
incendiary
incense
incensed
incenses
incentahealth,
incentive
incentives
inception
incessant
incessantly
incest
incestuous
incfiles
inch
inched
inches
inching
incidence
incident
incidental
incidentally
incidentals
incidents
incinerate
incipient
incisive
incite
incited
incitement
incites
inciting
incl
inclement
inclination
inclinations
incline
inclined
inclines
inclining
inclose
inclosed
incloses
inclosing
includ
include
include1
include2
include_files
include_top
included
includefiles
includes
includes2
including
inclusion
inclusioni
inclusions
inclusive
inclusively
inclusiveness
incogen
incognito
incoherence
incoherent
incoherently
income
incomes
incoming
incommensurable
incommensurate
incommunicable
incomparable
incomparably
incompatibilities
incompatibility
incompatible
incompatibly
incompetence
incompetent
incompetents
incomplete
incompletely
incompleteness
incomprehensibility
incomprehensible
incomprehensibly
incomprehension
incompressible
incomputable
inconceivable
inconclusive
incongruity
incongruous
inconsequential
inconsequentially
inconsiderable
inconsiderate
inconsiderately
inconsiderateness
inconsistencies
inconsistency
inconsistent
inconsistently
inconspicuous
incontent
incontestable
incontrovertible
incontrovertibly
inconvenience
inconvenienced
inconveniences
inconveniencing
inconvenient
inconveniently
inconvertible
incorporate
incorporated
incorporates
incorporating
incorporation
incorrect
incorrectly
incorrectness
incorrigible
increase
increased
increases
increasing
increasingly
incredible
incredibly
incredimail
incredulity
incredulous
incredulously
increment
incremental
incrementally
incremented
incrementer
incrementing
increments
incriminate
incs
incubate
incubated
incubates
incubating
incubation
incubator
incubators
inculcate
incumbent
incur
incurable
incurred
incurring
incurs
incursion
incutio
ind
indebted
indebtedness
indecent
indecipherable
indecision
indecisive
indeed
indefatigable
indefensible
indefinite
indefinitely
indefiniteness
indelible
indemnify
indemnity
indent
indentation
indentations
indented
indenting
indents
indenture
independence
independent
independently
indescribable
indestructible
indeterminacies
indeterminacy
indeterminate
indeterminately
index
index1
index2
index3
index_
index_01
index_1
index_2
index_access
index_adm
index_admin
index_files
index_html
index_images
index_print
index_var_de
indexable
indexchecker
indexcor
indexdirectory
indexed
indexer
indexes
indexfiles
indexfoto
indeximages
indexing
indexmaker
indextools
india
indian
indiana
indianapolis
indiaplaza
indiatimes
indicate
indicated
indicates
indicating
indication
indications
indicative
indicator
indicators
indice
indices
indict
indictment
indictments
indifference
indifferent
indifferently
indigenous
indigenously
indigenousness
indigestible
indigestion
indignant
indignantly
indignation
indignities
indignity
indigo
indigostar
indique
indir
indirect
indirected
indirecting
indirection
indirections
indirectly
indirects
indiscreet
indiscretion
indiscriminate
indiscriminately
indispensability
indispensable
indispensably
indisputable
indistinct
indistinguishable
individual
individualism
individualistic
individuality
individualize
individualized
individualizes
individualizing
individually
individuals
indivisibility
indivisible
indoctrinate
indoctrinated
indoctrinates
indoctrinating
indoctrination
indolent
indolently
indomitable
indonesia
indonesian
indoor
indoors
indubitable
induce
induced
inducement
inducements
inducer
induces
inducing
induct
inductance
inductances
inducted
inductee
inducting
induction
inductions
inductive
inductively
inductor
inductors
inducts
indulge
indulged
indulgence
indulgences
indulgent
indulging
industrial
industrialism
industrialist
industrialists
industrialization
industrialized
industrially
industrials
industries
industrious
industriously
industriousness
industry
industry-news
indy_admin
indynews
ine
ineffective
ineffectively
ineffectiveness
ineffectual
inefficiencies
inefficiency
inefficient
inefficiently
inelegant
ineligible
inept
inequalities
inequality
inequitable
inequity
inert
inertia
inertial
inertly
inertness
inescapable
inescapably
inessential
inestimable
inet
inetlab
inetpub
inetsim
inetsoft
inetsrv
inetstore
inevitabilities
inevitability
inevitable
inevitably
inews
inews_wire
inexact
inexcusable
inexcusably
inexhaustible
inexorable
inexorably
inexpensive
inexpensively
inexperience
inexperienced
inexplicable
inf
infallibility
infallible
infallibly
infamous
infamously
infamy
infancy
infant
infantil
infantile
infantry
infantryman
infantrymen
infants
infarct
infatuate
infeasible
infect
infected
infecting
infection
infections
infectious
infectiously
infective
infects
infer
inference
inferences
inferential
inferior
inferiority
inferiors
infernal
infernally
inferno
infernos
infernoshout
inferred
inferring
infers
infertile
infest
infested
infesting
infests
infidel
infidelity
infidels
infighting
infiltrate
infinetsoftware
infinite
infinitely
infiniteness
infinitesimal
infinitesoftware
infinitive
infinitives
infinitude
infinitum
infinity
infirm
infirmary
infirmity
infix
inflame
inflamed
inflammable
inflammation
inflammatory
inflatable
inflate
inflated
inflater
inflates
inflating
inflation
inflationary
inflexibility
inflexible
inflict
inflicted
inflicting
inflicts
inflow
influence
influenced
influences
influencing
influential
influentially
influenza
info
info-db
info-zip
info2
info2html
info_
info_img
infobase
infoblox
infobot
infobots
infobox
infocenter
infocentre
infodrom
infogrames
infomentum
infonavirobot
infonet
infopage
infopages
infopop
infopulse
inform
informa
informacio
informacion
informacje
informal
informality
informally
informant
informants
informatica
informatics
informatie
information
informational
informationen
informations
informatique
informative
informatively
informazioni
informed
informer
informers
informes
informing
informium
informix
informs
infos
infoseek
infospace
infotech
infovista
infra
infraction
infradig
infragistics
infrared
infrastructure
infrequent
infrequently
infringe
infringed
infringement
infringements
infringes
infringing
infrontech
infuriate
infuriated
infuriates
infuriating
infuriation
infuse
infused
infuses
infuseum
infusing
infusion
infusions
ing
ingate
ingenious
ingeniously
ingeniousness
ingenuity
ingenuous
ingest
ingestion
ingles
ingles-espanol
ingles-portugues
inglese
inglorious
ingot
ingrate
ingratiate
ingratitude
ingredient
ingredients
ingres
ingresa
ingresar
ingreso
ingress
ingrid
ingrown
inh
inhabit
inhabitable
inhabitance
inhabitant
inhabitants
inhabited
inhabiting
inhabits
inhale
inhaled
inhaler
inhales
inhaling
inhalt
inhalte
inhere
inherent
inherently
inheres
inherit
inheritable
inheritance
inheritances
inherited
inheriting
inheritor
inheritors
inheritress
inheritresses
inheritrices
inheritrix
inherits
inhibit
inhibited
inhibiting
inhibition
inhibitions
inhibitor
inhibitors
inhibitory
inhibits
inhomogeneities
inhomogeneity
inhomogeneous
inhospitable
inhouse
inhuman
inhumane
ini
inicio
inicom
inimical
inimitable
iniquities
iniquity
init
initial
initialed
initialing
initialization
initializations
initialize
initialized
initializer
initializers
initializes
initializing
initially
initials
initiate
initiated
initiatelogon
initiates
initiating
initiation
initiations
initiative
initiatives
initiator
initiators
initrd
inj
inject
injected
injecting
injection
injections
injective
injects
injudicious
injunction
injunctions
injure
injured
injures
injuries
injuring
injurious
injury
injustice
injustices
ink
inked
inker
inkers
inking
inkings
inkling
inklings
inkra
inks
inkscape
inktomi
inl
inlaid
inland
inlay
inlcudes
inlet
inlets
inline
inlinemod
inloggen
inlook
inm
inmate
inmates
inmobiliaria
inmon
inmueble
inmuebles
inn
inna
innards
innate
innately
inne
inner
innercircle
innerdive
innermedia
innermenu
innermost
inning
innings
innocence
innocent
innocently
innocents
innocuous
innocuously
innocuousness
innovaeditor
innovate
innovation
innovations
innovative
innoweb
inns
innuendo
innumerability
innumerable
innumerably
ino
inoculate
inoperable
inoperative
inopportune
inordinate
inordinately
inorganic
inotes
inp
inprise
inprogress
inprotect
input
inputs
inq
inquest
inquire
inquired
inquirer
inquirers
inquires
inquiries
inquiring
inquiry
inquiry-pop
inquiry_property
inquisition
inquisitions
inquisitive
inquisitively
inquisitiveness
inr
inregistrare
inroad
inroads
ins
insane
insanely
insanity
insatiable
inschrijven
inscribe
inscribed
inscribes
inscribing
inscription
inscriptions
inscrutable
insect
insecticide
insects
insecure
insecurely
inseminate
insensible
insensitive
insensitively
insensitivity
inseparable
inserate
insert
inserted
inserting
insertion
insertions
inserts
inset
inshop
inside
insider
insiders
insides
insidious
insidiously
insidiousness
insight
insightful
insights
insignia
insignificance
insignificant
insincere
insincerity
insinuate
insinuated
insinuates
insinuating
insinuation
insinuations
insipid
insist
insisted
insistence
insistent
insistently
insisting
insists
insite
inso
insofar
insolence
insolent
insolently
insoluble
insolvable
insolvent
insomnia
insomniac
inspect
inspected
inspecting
inspection
inspections
inspector
inspectors
inspects
inspiration
inspirations
inspire
inspired
inspirer
inspires
inspiring
inst
instabilities
instability
instaboard
instadia
instadmin
instalacion
install
install-xaff
install-xaom
install-xbench
install-xfcomp
install-xoffers
install-xpconf
install-xrma
install-xsurvey
install1
install12
install123
install2
install3
install_
install_bak
install_images
install_update
install_var_de
installation
installation1
installation2
installation_
installation_old
installations
installationx
installationxx
installed
installer
installers
installing
installinstall
installment
installments
installpasswd
installs
installshield
installwordpress
instance
instancefiles
instances
instant
instantaneous
instantaneously
instanter
instantiate
instantiated
instantiates
instantiating
instantiation
instantiations
instantlistings
instantly
instants
instantservers
instead
instigate
instigated
instigates
instigating
instigator
instigators
instill
instinct
instinctive
instinctively
instincts
instinctual
institucionais
institucional
institute
instituted
instituter
instituters
institutes
instituting
institution
institutional
institutionalize
institutionalized
institutionalizes
institutionalizing
institutionally
institutions
instruct
instructed
instructing
instruction
instructional
instructions
instructive
instructively
instructor
instructors
instructs
instrument
instrumental
instrumentalist
instrumentalists
instrumentally
instrumentals
instrumentation
instrumented
instrumenting
instruments
insubordinate
insufferable
insufficient
insufficiently
insular
insulate
insulated
insulates
insulating
insulation
insulator
insulators
insulin
insult
insulted
insulting
insults
insuperable
insupportable
insurance
insure
insured
insurer
insurers
insures
insurgent
insurgents
insuring
insurmountable
insurrection
insurrections
insyde
int
int-m1
int-m2
intact
intangible
intangibles
integer
integers
intego
integra
integrable
integral
integrals
integramod
integrand
integrate
integrated
integrates
integrating
integration
integrations
integrative
integrity
intel
intelimen
intellect
intellects
intellectual
intellectually
intellectuals
intelligence
intelligent
intelligently
intelligentsia
intelligibility
intelligible
intelligibly
intellitamper
intemperate
intend
intended
intending
intends
intense
intensely
intensification
intensified
intensifier
intensifiers
intensifies
intensify
intensifying
intensities
intensity
intensive
intensively
intensivepoint
intent
intention
intentional
intentionally
intentioned
intentions
intently
intentness
intents
inter
inter7
interact
interacted
interacting
interaction
interactions
interactive
interactively
interactivephp
interactives
interactivity
interactivo
interacts
interactual
interakt
interaktiv
intercambios
intercept
intercepted
intercepting
interception
interceptor
interceptors
intercepts
interchange
interchangeability
interchangeable
interchangeably
interchanged
interchanger
interchanges
interchanging
interchangings
interchannel
intercity
intercom
intercommunicate
intercommunicated
intercommunicates
intercommunicating
intercommunication
interconnect
interconnected
interconnecting
interconnection
interconnections
interconnects
intercontinental
intercourse
interdependence
interdependencies
interdependency
interdependent
interdict
interdiction
interdisciplinary
interesnoe
interest
interested
interesting
interestingly
interestonlycalc
interests
interface
interfaced
interfacer
interfaces
interfacing
interfere
interfered
interference
interferences
interferes
interfering
interferingly
interferometer
interferometric
interferometry
interframe
intergate
intergroup
interim
interior
interiors
interject
interlace
interlaced
interlaces
interlacing
interleave
interleaved
interleaves
interleaving
interlink
interlinked
interlinks
interlisp
intermediary
intermediate
intermediates
interminable
intermingle
intermingled
intermingles
intermingling
intermission
intermittent
intermittently
intermix
intermixed
intermodule
intern
interna
internacional
internal
internal_data
internalize
internalized
internalizes
internalizing
internally
internals
internaltools
internat
international
internationality
internationally
interne
interned
internet
internetnow
internetwork
interniche
interning
interno
interns
internship
interoffice
interpersonal
interplay
interpolate
interpolated
interpolates
interpolating
interpolation
interpolations
interpose
interposed
interposes
interposing
interpret
interpretable
interpretation
interpretations
interpreted
interpreter
interpreters
interpreting
interpretive
interpretively
interprets
interprocess
interrelate
interrelated
interrelates
interrelating
interrelation
interrelations
interrelationship
interrelationships
interrogate
interrogated
interrogates
interrogating
interrogation
interrogations
interrogative
interrupt
interrupted
interruptible
interrupting
interruption
interruptions
interruptive
interrupts
intersect
intersected
intersecting
intersection
intersections
intersects
intershop
intershoproot
intersoft
intersperse
interspersed
intersperses
interspersing
interspersion
interspire
interstage
interstate
interstitial
intersystems
intertwine
intertwined
intertwines
intertwining
interval
intervals
intervations
intervene
intervened
intervenes
intervening
intervention
interventions
interview
interviewed
interviewee
interviewer
interviewers
interviewing
interviews
interworld
interwoven
intestate
intestinal
intestine
intestines
intim
intimacy
intimate
intimated
intimately
intimating
intimation
intimations
intimidate
intimidated
intimidates
intimidating
intimidation
intl
into
intolerable
intolerably
intolerance
intolerant
intonation
intonations
intone
intoto
intouch
intoxicant
intoxicate
intoxicated
intoxicating
intoxication
intra
intracorp
intractability
intractable
intractably
intraformant
intragroup
intraline
intramural
intramuscular
intranet
intranet-server
intranet2
intranetapp
intranett
intransigent
intransitive
intransitively
intraoffice
intraprocess
intrastate
intravenous
intrepid
intricacies
intricacy
intricate
intricately
intrigue
intrigued
intrigues
intriguing
intrinsic
intrinsically
intro
introduce
introduced
introduces
introducing
introduction
introductions
introductory
introspect
introspection
introspections
introspective
introvert
introverted
intrude
intruded
intruder
intruders
intrudes
intruding
intrusion
intrusions
intrust
intubate
intubated
intubates
intubation
intuit
intuition
intuitionist
intuitions
intuitive
intuitively
inu
inundate
inv
invade
invaded
invader
invaders
invades
invading
invalid
invalidate
invalidated
invalidates
invalidating
invalidation
invalidations
invalidities
invalidity
invalidly
invalids
invaluable
invariable
invariably
invariance
invariant
invariantly
invariants
invasion
invasions
invective
invent
invented
inventing
invention
inventions
inventive
inventively
inventiveness
inventor
inventories
inventors
inventory
invents
inverse
inversely
inverses
inversion
inversions
invert
invertebrate
invertebrates
inverted
inverter
inverters
invertible
inverting
inverts
invest
invested
investigado
investigate
investigated
investigates
investigating
investigation
investigations
investigative
investigator
investigators
investigatory
investing
investment
investments
investor
investors
invests
inveterate
invia
invicta
invigorate
invincible
invisibility
invisible
invisibly
invision
invisionix
invitado
invitados
invitation
invitations
invite
invited
inviter
invites
inviting
invocable
invocation
invocations
invoice
invoice_media
invoiced
invoices
invoicing
invoke
invoked
invoker
invokes
invoking
involuntarily
involuntary
involve
involved
involvement
involvements
involves
involving
invt
inw
inward
inwardly
inwardness
inwards
inweb
inx
inxy
iny
inz
inzerat
io
ioa
iob
ioc
iod
iodine
ioe
iof
iog
ioh
ioi
ioj
iok
iol
iom
iomega
ion
ioncube
ionosphere
ionospheric
ions
ioo
iop
iopus
ioq
ior
ios
iot
iota
iou
iov
iow
iowa
iox
ioy
ioz
ip
ip2c
ip2country
ip3
ip_cms
ip_configs
ip_default
ip_files
ipa
ipad
ipaddress
ipass
ipb
ipbproarcade
ipc
ipcheck
ipcop
ipd
ipdata
ipe
ipei
ipf
ipg
iph
iphone
iphotoalbum
ipi
ipix
ipj
ipk
ipl
iplanet
iplatform
iplogger
ipm
ipmenu
ipn
ipo
ipod
ipolicy
ipos
ipoteka
ipp
ippsec
ipq
ipr
ips
ips_kernel
ips_rich_content
ipsec-tools
ipswitch
ipt
iptel
iptest
ipu
ipupdate
ipv
ipw
ipx
ipy
ipynb
ipz
iq
iqa
iqb
iqc
iqd
iqe
iqf
iqg
iqh
iqi
iqj
iqk
iql
iqm
iqn
iqo
iqp
iqq
iqr
iqs
iqt
iqu
iqv
iqw
iqx
iqy
iqz
ir
ira
iran
iraq
irate
irately
irateness
irb
irc
irc-macadmin
irc2
ircd-hybrid
ircd-ratbox
ircd-ru!
ircii
irclogs
ircnet
ircxpro
ird
ire
iredadmin
ireland
irene
ires
irf
irfan
irfanview
irg
irh
iri
iris
irish
irishman
irj
irk
irked
irking
irks
irksome
irkutsk
irl
irm
irn
iro
iron
iron33
ironed
ironic
ironical
ironically
ironies
ironing
ironings
ironman
ironport
irons
irony
irp
irq
irr
irradiate
irrational
irrationally
irrationals
irreconcilable
irrecoverable
irreducible
irreducibly
irreflexive
irrefutable
irregular
irregularities
irregularity
irregularly
irregulars
irrelevance
irrelevances
irrelevant
irrelevantly
irreplaceable
irrepressible
irreproducibility
irreproducible
irresistible
irrespective
irrespectively
irresponsible
irresponsibly
irretrievably
irreverent
irreversibility
irreversible
irreversibly
irrevocable
irrevocably
irrigate
irrigated
irrigates
irrigating
irrigation
irritable
irritant
irritate
irritated
irritates
irritating
irritation
irritations
irs
irssi
irt
iru
irv
irvine
irw
irx
iry
irz
is
is-bin
is-gb
isa
isaac
isabelle
isapi
isapi_rewrite
isb
isbn
isc
isc-online
isd
isdn4linux
isdnrep
ise
isearch
isearch2
isemarket
isesam
isf
isg
ish
ishop
ishopcart
isi
isis
isj
isk
iski
isktangoserv
isl
islam
island
islander
islanders
islands
isle
isles
islet
islets
islive
ism
ismay
isn
iso
isoca
isode
isoft-solutions
isoglog
isolate
isolated
isolates
isolating
isolation
isolations
isolsoft
isometric
isomorphic
isomorphically
isomorphism
isomorphisms
isoqlog
isotope
isotopes
isp
ispconfig
ispell
isq
isr
israel
isreporting-bin
iss
issuance
issue
issued
issuer
issuers
issues
issuing
issuu
ist
isthmus
isu
isv
isw
isx
isy
isz
it
it-ch
it-consulting
it-gb
it-it
it_IT
it_it
it_lastminute
ita
itafrica
italia
italian
italiano
italic
italicize
italicized
italics
italy
itb
itc
itch
itches
itching
itd
ite
item
item-dispatch
item_images
itemd
itemid
itemimages
itemization
itemizations
itemize
itemized
itemizes
itemizing
itemlist
itempages
items
iterate
iterated
iterates
iterating
iteration
iterations
iterative
iteratively
iterator
iterators
itf
itg
ith
ithouse
iti
itilium
itineraries
itinerary
itj
itk
itl
itm
itn
itnews
ito
itop10
itp
itq
itr
itrack
its
itself
itserv
itsupport
itt
itu
itunes
itv
itw
itx
ity
itz
iu
iua
iub
iuc
iud
iue
iuf
iug
iuh
iui
iuj
iuk
iul
ium
iun
iuo
iup
iuq
iur
ius
iut
iuu
iuv
iuw
iux
iuy
iuz
iv
iva
ivan
ivanovo
ivb
ivc
ivd
ive
ivf
ivg
ivh
ivi
ivies
iview
ivillage
ivj
ivk
ivl
ivm
ivn
ivo
ivory
ivp
ivq
ivr
ivs
ivt
ivu
ivv
ivw
ivx
ivy
ivz
iw
iwa
iwb
iwc
iwd
iwe
iweb
iwebnegar
iwf
iwg
iwh
iwi
iwj
iwk
iwl
iwm
iwn
iwo
iwp
iwq
iwr
iws
iws_help
iwt
iwu
iwv
iww
iwx
iwy
iwz
ix
ixa
ixb
ixc
ixd
ixe
ixed
ixf
ixg
ixh
ixi
ixj
ixk
ixl
ixm
ixn
ixo
ixp
ixprim
ixq
ixr
ixs
ixt
ixu
ixv
ixw
ixx
ixy
ixz
iya
iyb
iyc
iyd
iye
iyf
iyg
iyh
iyi
iyj
iyk
iyl
iym
iyn
iyo
iyp
iyq
iyr
iys
iyt
iyu
iyv
iyw
iyx
iyy
iyz
iz
iza
izb
izc
izd
ize
izf
izg
izh
izhevsk
izi
izj
izk
izl
izle
izm
izn
izo
izp
izq
izquierda
izr
izs
izt
izu
izv
izw
izx
izy
izz
j
j-pierre
j15
j2
j2ee
j2me
j3
j_security_check
ja
ja-jp
ja_JP
jaa
jab
jabbed
jabber
jabber-gg-transport
jabbercam
jabberstudio
jabbing
jabs
jac
jack
jackass
jacket
jacketed
jackets
jackie
jacking
jackknife
jackpot
jackson
jacksonville
jacob
jacobuddy
jacques
jad
jade
jaded
jadu
jae
jaen
jaf
jag
jaguar
jaguarsoft
jah
jahia
jai
jail
jailed
jailer
jailers
jailing
jails
jaj
jak
jak-dodac-wpis
jakarta
jake
jal
jam
jamaffiliates
jamaica
james
james1
jamesoff
jamie
jamit
jammail
jammed
jamming
jamroom
jams
jan
jana
jane
janet
jangow
janice
janie
janitor
janitors
jankowski
jao
jap
japan
japanese
jaq
jar
jarc
jared
jargon
jarle
jarred
jarring
jarringly
jars
jas
jasc
jasmin
jasmine
jason
jason1
jasper
jaspersoft
jat
jau
jaundice
jaunt
jauntiness
jaunts
jaunty
jav
java
java-plugin
java-script
java-sys
java17
java_classes
java_script
java_scripts
javac
javadir
javadoc
javagames
javaincludes
javas
javascript
javascriptfiles
javascripts
javastuff
javax
javelin
javelins
javier
jaw
jawbone
jaws
jax
jaxultrabb
jay
jaz
jazernorth
jazz
jazzy
jb
jba
jbb
jbc
jbd
jbe
jbf
jbg
jbh
jbi
jbj
jbk
jbl
jbm
jbn
jbo
jbook
jboss
jbossas
jbossws
jbp
jbpm
jbq
jbr
jbrowser
jbs
jbt
jbu
jbv
jbw
jbx
jby
jbz
jc
jca
jcarousel
jcart
jcb
jcc
jcd
jce
jcf
jcg
jch
jci
jcifs
jcink
jcj
jck
jcl
jcm
jcn
jco
jcomments
jcp
jcq
jcr
jcraft
jcs
jct
jcu
jcv
jcw
jcx
jcy
jcz
jd
jda
jdb
jdbc
jdc
jdd
jde
jdf
jdg
jdh
jdi
jdj
jdk
jdl
jdm
jdn
jdo
jdownloads
jdp
jdq
jdr
jds
jdt
jdu
jdv
jdw
jdx
jdy
jdz
je
jea
jealous
jealousies
jealously
jealousy
jean
jean-jacques
jean-philippe
jean-yves
jeanette
jeanne
jeans
jeb
jec
jed
jedit
jee
jeep
jeeps
jeer
jeers
jef
jeff
jeffrey
jeg
jeh
jei
jej
jek
jel
jellies
jelly
jellyfish
jelsoft
jem
jemweb
jen
jenifer
jenna
jenni
jennifer
jennings
jenny
jenny1
jennybot
jensen
jeo
jeopardize
jeopardized
jeopardizes
jeopardizing
jeopardy
jep
jeq
jer
jera
jeremy
jerk
jerked
jerkiness
jerking
jerkings
jerks
jerky
jerod
jerrett
jerry
jersey
jerseys
jes
jess
jesse
jessica
jessie
jest
jested
jester
jesting
jests
jesus
jesus1
jet
jetbox
jetico
jetliner
jetphotosoft
jets
jetstat
jetted
jetting
jetty
jeu
jeuce
jeux
jev
jevents
jevontech
jew
jewel
jeweled
jeweler
jewellery
jewelries
jewelry
jewels
jewishlife
jex
jexr
jey
jez
jf
jfa
jfacets
jfb
jfc
jfd
jfe
jff
jfg
jfh
jfi
jfj
jfk
jfl
jfm
jfn
jfo
jforum
jfp
jfq
jfr
jfs
jft
jftpgw
jfu
jfv
jfw
jfx
jfy
jfz
jga
jgaa
jgb
jgc
jgd
jge
jgf
jgg
jgh
jgi
jgj
jgk
jgl
jgm
jgn
jgo
jgp
jgq
jgr
jgroff
jgs
jgs-xa
jgs_galerie_js
jgsoft
jgt
jgu
jgv
jgw
jgx
jgy
jgz
jh
jha
jhb
jhc
jhd
jhe
jhf
jhg
jhh
jhi
jhj
jhjgubbels
jhk
jhl
jhm
jhn
jho
jhp
jhq
jhr
jhs
jht
jhtml
jhu
jhv
jhw
jhx
jhy
jhz
ji
ji-takz
jia
jiage
jib
jiba
jic
jid
jie
jif
jifen
jiffy
jig
jigs
jigsaw
jigunet
jih
jii
jij
jik
jil
jill
jim
jimages
jimbo
jimmy
jin
jing
jingle
jingled
jingling
jinzora
jio
jip
jiq
jir
jira
jiran
jiro's
jiros
jis
jit
jitter
jitterbug
jittery
jiu
jiudian
jiv
jive
jiveservlet
jiw
jix
jixian
jiy
jiz
jj
jja
jjb
jjc
jjd
jje
jjf
jjg
jjh
jji
jjj
jjk
jjl
jjm
jjn
jjo
jjp
jjq
jjr
jjs
jjt
jju
jjv
jjw
jjx
jjy
jjz
jk
jka
jkb
jkc
jkd
jke
jkf
jkg
jkh
jki
jkj
jkk
jkl
jkm
jkn
jko
jkp
jkq
jkr
jks
jkt
jku
jkv
jkw
jkx
jky
jkz
jl
jla
jlb
jlc
jld
jle
jlf
jlg
jlh
jli
jlj
jlk
jll
jlm
jln
jlo
jlp
jlq
jlr
jls
jlt
jlu
jlv
jlw
jlx
jly
jlz
jm
jma
jmail
jmb
jmc
jmcce
jmd
jme
jmenu
jmf
jmg
jmh
jmi
jmj
jmk
jml
jmm
jmn
jmo
jmp
jmq
jmr
jms
jmt
jmu
jmv
jmw
jmx
jmx-console
jmy
jmz
jna
jnb
jnc
jnd
jne
jnethack
jnf
jng
jnh
jni
jnj
jnk
jnl
jnm
jnn
jno
jnp
jnq
jnr
jns
jnt
jnu
jnv
jnw
jnx
jny
jnz
jo
jo!
jo-gb
joa
joanna
joanne
job
job-board
job-search
job_search
jobapplication
jobboard
jobfair
jobpost
jobs
jobsearch
jobseeker
jobseekers
joc
jockey
jockstrap
jocs
jocund
jocuri
jod
jodies
jody
joe
joel
joerg
joey
jof
jog
jogging
jogos
jogs
joh
johannes
johanness
john
john316
johnlong
johnny
johnson
johnytech
joi
join
join_form
join_group
joined
joiner
joiners
joining
joinrequests
joins
joint
jointly
joints
joj
jojo
jok
joke
joked
joker
jokers
jokes
joking
jokingly
jol
jolly
jolt
jolted
jolting
jolts
jom
jombik
jomsocial
jomtubefiles
jon
jonathan
jones
jonquil
joo
joobi
joom
joomgallery
joomla
joomla15
joomla16
joomla2
joomladev
joomlatest
jop
joq
jor
jordan
jordan23
jornal
jos
joscomment
joseph
josh
joshua
josie
jostle
jostled
jostles
jostling
jot
jots
jotted
jotting
jou
joule
journal
journalism
journalist
journalists
journalize
journalized
journalizes
journalizing
journalness
journals
journey
journeyed
journeying
journeyings
journeyman
journeymen
journeys
journyx
joust
jousted
jousting
jousts
jov
jovial
jow
jowood
jox
joy
joyce
joyful
joyfully
joyous
joyously
joyousness
joyride
joys
joystick
joz
jp
jp-updater
jpa
jpb
jpc
jpcache
jpd
jpe
jpeg
jpegimage
jpegs
jpegtoavi
jpegx
jpf
jpg
jpgraph
jpgs
jph
jpi
jpj
jpk
jpl
jpm
jpn
jpo
jportal
jpp
jpq
jpr
jps
jpt
jpu
jpv
jpw
jpx
jpy
jpz
jq
jqa
jqb
jqc
jqd
jqe
jqf
jqg
jqh
jqi
jqj
jqk
jql
jqm
jqn
jqo
jqp
jqq
jqr
jqs
jqt
jqu
jquery
jquery-1.4.1
jquery-1.4.1.min
jquery-ui
jquery.corner
jquery.script
jqv
jqw
jqx
jqy
jqz
jr
jra
jrb
jrc
jrd
jre
jrf
jrg
jrh
jri
jrj
jrk
jrl
jrm
jrn
jro
jrp
jrq
jrr
jrs
jrt
jru
jrun
jrv
jrw
jrx
jry
jrz
js
js-global
js-lib
js1
js2
jsFiles
js_css
js_file
js_files
js_includes
js_menu
js_new
js_old
js_peels
js_scripts
jsa
jsapi
jsb
jsboard
jsc
jscal
jscalendar
jscolor
jscommon
jscript
jscripts
jscss
jsd
jse
jseditors
jserver
jsession
jsf
jsfiles
jsg
jsh
jshandler
jshop
jsi
jsinc
jsj
jsk
jsky
jsl
jslib
jsm
jsmenu
jsn
jso
json
json-api
jsonwrapper
jsoutput
jsp
jsp-examples
jsp2
jsps
jspwiki
jsq
jsr
jss
jsscript
jsscripts
jsso
jst
jstree
jsu
jsv
jsw
jsx
jsy
jsz
jt
jta
jtb
jtc
jtd
jte
jtest
jtf
jtg
jth
jti
jtj
jtk
jtl
jtm
jtn
jto
jtp
jtq
jtr
jts
jtt
jtu
jtv
jtw
jtx
jty
jtz
jua
juan
jub
jubilaeum
jubilee
juc
jud
judd
judge
judged
judges
judging
judgment
judgments
judicial
judiciary
judicious
judiciously
judith
judo
judy
jue
juego
juegos
juergen
juf
jug
juggle
juggler
jugglers
juggles
juggling
jugs
juh
jui
juice
juices
juiciest
juicy
juj
juk
jukebox
jukka
jul
julia
julian
julie
julie1
julien
jum
jumbacms
jumble
jumbled
jumbles
jumbo
jumi
jump
jumped
jumper
jumpers
jumping
jumppages
jumps
jumpy
jun
junction
junctions
juncture
junctures
june
jungle
jungles
junior
juniors
juniper
junk
junkbox
junkbuster
junker
junkers
junkie
junks
junky
junkyard
junsoft
junta
juo
jup
jupgrade
jupiter
juq
jur
jure
juries
jurisdiction
jurisdictions
jurisprudence
jurist
juror
jurors
jury
jus
just
justice
justices
justifiable
justifiably
justification
justifications
justified
justifier
justifiers
justifies
justify
justifying
justin
justin1
justly
justness
justsystem
jut
jutting
juu
juv
juvenile
juveniles
juw
jux
juxtapose
juxtaposed
juxtaposes
juxtaposing
juy
juz
jv
jva
jvb
jvblog
jvc
jvd
jve
jvf
jvg
jvh
jvi
jvj
jvk
jvl
jvm
jvn
jvo
jvp
jvq
jvr
jvs
jvt
jvu
jvv
jvw
jvx
jvy
jvz
jw
jwa
jwb
jwc
jwd
jwe
jwf
jwg
jwh
jwi
jwj
jwk
jwl
jwm
jwn
jwo
jwp
jwplayer
jwq
jwr
jws
jwt
jwu
jwv
jww
jwx
jwy
jwz
jx
jxa
jxb
jxc
jxd
jxe
jxf
jxg
jxh
jxi
jxj
jxk
jxl
jxm
jxn
jxo
jxp
jxq
jxr
jxs
jxt
jxu
jxv
jxw
jxx
jxy
jxz
jya
jyb
jyc
jyd
jye
jyf
jyg
jyh
jyi
jyj
jyk
jyl
jym
jyn
jyo
jyp
jyq
jyr
jys
jyt
jyu
jyv
jyw
jyx
jyy
jyz
jz
jza
jzb
jzc
jzd
jze
jzf
jzg
jzh
jzi
jzj
jzk
jzl
jzm
jzn
jzo
jzp
jzq
jzr
jzs
jzt
jzu
jzv
jzw
jzx
jzy
jzz
k
k-collect
k-meleon
k-melon
k1
k12
k2
k[1]ller
ka
kaa
kab
kabotie
kac
kad
kadmin
kadu
kae
kaf
kaffe
kaffeine
kag
kah
kai
kaillera
kaizentrack
kaj
kak
kakasi
kal
kalendar
kalendarium
kalendarz
kalender
kaliningrad
kalk
kaluga
kam
kame
kamera
kampanya
kan
kan100
kangaroo
kanji
kanosue
kanri
kansai
kansas
kansascity
kanto
kao
kaosjs
kap
kapcsolat
kaphotoservice
kappa
kaq
kar
karaf
karate
karen
karie
karina
karjasoft
karma
karriere
karrigell
kart
karte
karten
karwachauth
kas
kasenna
kasir
kaspersky
kassa
kasse
kat
katalog
kataloge
katalogi
kate
kate-middleton
kategori
kategorie
kategorien
katherin
kathleen
kathrine
kathy
katie
katina
katrina
katsushikaku
kau
kauai
kaudiocreator
kaufen
kav
kaw
kawf
kax
kay
kayako
kaz
kazaa
kazan
kb
kb_results
kba
kbase
kbb
kbc
kbd
kbe
kbf
kbg
kbh
kbi
kbj
kbk
kbl
kbm
kbn
kbo
kboard
kbp
kbq
kbr
kbs
kbt
kbu
kbv
kbw
kbx
kby
kbz
kc
kca
kcaptca
kcaptcha
kcb
kcc
kcd
kce
kcf
kcg
kch
kci
kcj
kck
kcl
kcm
kcn
kco
kcp
kcq
kcr
kcrw
kcs
kcscripts
kct
kcu
kcv
kcw
kcx
kcy
kcz
kd
kda
kdb
kdbg
kdc
kdd
kde
kdf
kdg
kdh
kdi
kdj
kdk
kdl
kdm
kdn
kdo
kdocker
kdp
kdq
kdr
kds
kdt
kdu
kdv
kdw
kdx
kdy
kdz
ke
kea
keb
kec
ked
kee
keel
keeled
keeling
keels
keen
keene
keener
keenest
keenly
keenness
keep
keep_current
keepalive
keeper
keepers
keeping
keeping_current
keepout
keeps
kef
kefu
keg
keh
kei
keieiconsultant
keijiban
keitai
keith
kej
kek
kel
kelemen
kelkoo
kelli
kelloggsie
kelloggsuk
kelly
kelly1
kelsey
kem
kemerovo
kempen
ken
ken'ichi
kenchikukoji
kendra-wilkinson
kendrick
kenjin
kennedy
kennel
kennels
kenneth
kenny
kent
kentucky
kenya
keo
kep
kepek
kept
keq
ker
kerala
kerchief
kerchiefs
kereses
keri
kerio
kermit
kern
kernel
kernels
kernoops
kerosene
kerri
kerrie
kerry
kes
keskustelu
keskustelut
ket
ketchup
ketm
kettle
kettles
keu
kev
kevin
kevin1
kew
keware
kex
key
keyboard
keyboards
keydetails
keyed
keygen
keyhole
keying
keynote
keypad
keypads
keypublisher_gui
keys
keystone
keystroke
keystrokes
keyvan1
keyword
keywords
kez
kf
kfa
kfb
kfc
kfd
kfe
kff
kfg
kfh
kfi
kfj
kfk
kfl
kfm
kfn
kfo
kfp
kfq
kfr
kfs
kft
kfu
kfv
kfw
kfx
kfy
kfz
kg
kga
kgb
kgc
kgd
kge
kgf
kgg
kgh
kgi
kgj
kgk
kgl
kgm
kgn
kgo
kgp
kgpg
kgq
kgr
kgs
kgt
kgu
kgv
kgw
kgx
kgy
kgz
kh
kha
khaeon
khaled
khamil
khan
khasilev
khb
khc
khd
khe
khera
khf
khg
khh
khi
khj
khk
khl
khm
khn
kho
khong
khongdungnua
khonhac
khp
khq
khr
khs
kht
khu
khv
khw
khx
khy
khz
ki
kia
kiax
kib
kic
kick
kicked
kicker
kickers
kicking
kickoff
kicks
kicq
kid
kidded
kiddie
kidding
kidnap
kidnapper
kidnappers
kidnapping
kidnappings
kidnaps
kidney
kidneys
kids
kie
kien
kienzl
kietu
kiev
kif
kig
kih
kii
kij
kik
kil
kill
killed
killer
killers
killervault
killing
killingly
killings
killjoy
killprocess
kills
kilobit
kilobits
kiloblock
kilobyte
kilobytes
kilogram
kilograms
kilohertz
kilohm
kilojoule
kilometer
kilometers
kiloton
kilovolt
kilowatt
kiloword
kim
kimball
kimberly
kimono
kin
kind
kindeditor
kinder
kindergarten
kindest
kindhearted
kindle
kindled
kindles
kindling
kindly
kindness
kindred
kinds
kinesis
kinesphere
kinetic
king
kingdom
kingdoms
kingfish
kingly
kingpin
kings
kink
kinko's
kinky
kino
kinoshita
kinship
kinsman
kio
kiosk
kiosks
kip
kiq
kir
kirk
kirkland
kirov
kis
kismac
kismet
kiss
kissed
kisser
kissers
kisses
kissing
kit
kitaku
kitchen
kitchenette
kitchens
kite
kited
kites
kiting
kits
kitten
kitten12
kittenish
kittens
kitty
kiu
kiv
kiw
kix
kiy
kiz
kj
kja
kjb
kjc
kjd
kje
kjf
kjg
kjh
kji
kjj
kjk
kjl
kjm
kjn
kjo
kjp
kjq
kjr
kjs
kjt
kju
kjv
kjw
kjx
kjy
kjz
kk
kka
kkb
kkc
kkd
kke
kkf
kkg
kkh
kki
kkj
kkk
kkl
kkm
kkn
kko
kkp
kkq
kkr
kks
kkt
kku
kkv
kkw
kkx
kky
kkz
kl
kla
klant
klanten
klantenservice
klarnetcms
klarnetcmslocal
klaxon
klb
klc
kld
kle
kle100
kleenex
kleinanzeigen
klf
klg
klh
kli
klib
klick
kliegl
klient
klinza
klip
klj
klk
kll
klm
klmjp
kln
klo
kloczko
kloss
kloy
klp
klq
klr
kls
klt
klu
klub
kludge
kludges
klv
klw
klx
kly
klystron
klz
km
kma
kmartau
kmartnz
kmb
kmc
kmd
kme
kmf
kmg
kmh
kmi
kmint21
kmj
kmk
kml
kmm
kmmail
kmn
kmo
kmp
kmq
kmr
kms
kmt
kmu
kmv
kmw
kmx
kmy
kmz
kn
kna
knack
knapsack
knapsacks
knave
knaves
knb
knc
knd
kne
knead
kneads
knee
kneecap
kneed
kneeing
kneel
kneeled
kneeling
kneels
knees
knell
knells
knelt
knew
knf
kng
knh
kni
knicks
knife
knifed
knifes
knifing
knight
knighted
knighthood
knighting
knightly
knights
knigi
knit
knits
knitting
knives
knj
knk
knl
knm
knn
kno
knoa
knob
knobs
knock
knockdown
knocked
knocker
knockers
knocking
knockout
knocks
knoll
knolls
knoppix
knot
knots
knotted
knotting
know
knowable
knower
knowhow
knowing
knowingly
knowledge
knowledge_base
knowledgeable
knowledgebank
knowledgebase
knowledgebasepublisher
knowledgecenter
known
known_hosts
knows
knox
knp
knq
knr
kns
knt
knu
knuckle
knuckled
knuckles
knusperleicht
knv
knw
knx
kny
knz
ko
ko-kr
ko_KR
koa
koala
kob
koc
koch
kod
kodak
kodeit
kodungnua
koe
kof
kog
koh
kohn
koi
koj
kojm
kok
kokeshcms
koko
kol
kolab
kom
kommentar
kommentare
komodo
kompas
komplett
komplettdk
komplettno
kon
kon2
kondara
konfig
konfigurator
konkurs
konqueror
kontakt
kontakte
kontaktformular
kontaktlinsen
kontakty
konto
konto-eroeffnen
kontrol
konversation
konze
konzerte
koo
koobi
kootenay
kop
koq
kor
korea
korean
korisnik
korner
korviblog
korvin
korweblog
kos
kosar
kosch
kosher
kosik
kosmos
kostroma
kosz
koszyk
kot
kotal
kou
koukoku
kov
kow
kox
koy
koz
kp
kpa
kpb
kpc
kpd
kpe
kpf
kpg
kph
kphone
kpi
kpj
kpk
kpl
kplaylist
kpm
kpn
kpo
kpp
kpq
kpr
kps
kpt
kpu
kpv
kpw
kpx
kpy
kpz
kqa
kqb
kqc
kqd
kqe
kqf
kqg
kqh
kqi
kqj
kqk
kql
kqm
kqn
kqo
kqp
kqq
kqr
kqs
kqt
kqu
kqv
kqw
kqx
kqy
kqz
kr
kra
kramer
krankikom
krasnodar
krasnogorsk
krasnoyarsk
krasota
krawitz
krb
krc
krd
kre
kreative-studios
krebs
kredit
kredite
kreuzfahrten
krf
krg
krh
kri
kriminal
kris
krista
kristen
kristi
kristie
kristin
kristine
kristy
krj
krk
krl
krm
krn
kro
kroger
krok-jedna
kroum
krp
krq
krr
krs
krt
kru
krupinski
krusader
kruschel
kruse
kruyt
krv
krw
krx
kry
kryloff
kryptronic
krz
krzysztof
ks
ks_cls
ks_data
ks_editor
ks_inc
ksa
ksb
ksc
ksd
kse
ksearch
ksf
ksg
ksh
ksi
ksj
ksk
ksl
ksm
ksn
kso
ksp
ksq
ksr
kss
kst
ksu
ksv
ksw
ksx
ksy
ksz
kt
kta
ktb
ktc
ktd
kte
ktf
ktg
kth
kti
ktj
ktk
ktl
ktm
ktml2
ktmllite
ktmlliterf
ktmlpro
ktn
kto
ktools
ktp
ktq
ktr
kts
ktt
ktu
ktv
ktw
ktx
kty
ktz
kua
kuang2
kub
kuc
kud
kudo
kue
kuf
kug
kuh
kuhlmann
kui
kuj
kuk
kukol
kukuk
kul
kulchenko
kultur
kultura
kulturtermine
kum
kun
kunal
kunani
kunde
kunden
kundenbereich
kundencenter
kundendaten
kundenservice
kunder
kunena
kuo
kuoni
kup
kupon
kuq
kur
kurgan
kurs
kursk
kurumsal
kus
kut
kuu
kuv
kuvat
kuw
kux
kuy
kuz
kva
kvb
kvc
kvd
kve
kvf
kvg
kvh
kvi
kvj
kvk
kvl
kvm
kvn
kvo
kvp
kvq
kvr
kvs
kvt
kvu
kvv
kvw
kvx
kvy
kvz
kw
kw-gb
kwa
kwb
kwc
kwd
kwe
kwf
kwg
kwh
kwi
kwj
kwk
kwl
kwm
kwn
kwo
kwp
kwq
kwr
kws
kwt
kwu
kwv
kww
kwx
kwy
kwz
kxa
kxb
kxc
kxd
kxe
kxf
kxg
kxh
kxi
kxj
kxk
kxl
kxm
kxn
kxo
kxp
kxq
kxr
kxs
kxt
kxu
kxv
kxw
kxx
kxy
kxz
ky
kya
kyb
kyberdigi
kyberna
kyc
kyd
kye
kyf
kyg
kyh
kyi
kyj
kyk
kyl
kyle
kym
kyn
kyo
kyocera
kyp
kyq
kyr
kys
kyt
kyu
kyv
kyw
kyx
kyy
kyz
kz
kza
kzb
kzc
kzd
kze
kzf
kzg
kzh
kzi
kzj
kzk
kzl
kzm
kzn
kzo
kzp
kzq
kzr
kzs
kzt
kzu
kzv
kzw
kzx
kzy
kzz
l
l-soft
l0pht
l10apps
l10n
l2tpd
l30-tst
la
laa
lab
label
labeled
labeling
labelled
labeller
labellers
labelling
labels
labels-clothing
labo
labor
laboratories
laboratory
labored
laborer
laborers
laboring
laborings
laborious
laboriously
labors
labs
labware
labyrinth
labyrinths
lac
lace
laced
lacerate
lacerated
lacerates
lacerating
laceration
lacerations
laces
lacing
lack
lacked
lackey
lacking
lacks
lacquer
lacquered
lacquers
lacrosse
lactose
lacy
lad
ladder
laddie
laden
ladies
lading
ladle
ladmin
lads
lady
ladybug
ladylike
lae
laf
laffer
laforge
lag
lagarde
lager
lagers
lagoon
lagoons
lags
laguages
laguna
lah
lahtinen
lai
laid
lain
lair
lairs
laissez
laitcg
laj
lajos
lak
lake
lakers
lakes
lal
lala
lam
lamb
lambda
lambdas
lambert
lambs
lame
lamed
lamely
lameness
lament
lamentable
lamentation
lamentations
lamented
lamenting
laments
lamer
lames
laminar
lamination
laming
lamm
lamont
lamp
lamplight
lampoon
lamprey
lamps
lan
lan12_3
lana
lanap
lance
lanced
lancer
lances
lanchat
land
landed
lander
landers
landesk
landfill
landing
landing-page
landing-pages
landing2
landing3
landing_page
landing_pages
landingpage
landingpages
landings
landladies
landlady
landlord
landlords
landmark
landmarks
landowner
landowners
landross
lands
landscape
landscaped
landscapes
landscaping
landslide
landwind
lane
lanes
lang
lang-br
lang-cs
lang-da
lang-de
lang-en
lang-es
lang-fr
lang-id
lang-it
lang-pl
lang-pt
lang-ro
lang-ru
lang-sk
lang2
langage
langpref
langs
language
language_files
languages
langues
languid
languidly
languidness
languish
languished
languishes
languishing
lanifex
lansaweb
lansing
lantern
lanterns
lantinga
lantronix
lanzarote
lao
lap
lapel
lapels
lapping
laps
lapse
lapsed
lapses
lapsing
laptop
laptops
laq
lar
lara
larbin
lard
larder
laredo
large
largeimage
largely
largeness
larger
largerphoto
largest
lark
larkin
larks
larry
larry1
lars
larva
larvae
larynx
las
las-vegas
lascivious
laser
lasers
lasersoft
lash
lashed
lashes
lashing
lashings
lass
lasses
lasso
last
lastdetail
lasted
lasting
lastly
lastminute
lastnews
lastpost
lastrss
lasts
lasvegas
laszlo
lat
lat_account
lat_driver
lat_getlinking
lat_signin
lat_signout
lat_signup
latam
latch
latched
latches
latching
late
lately
latency
lateness
latent
later
lateral
laterally
latest
latest-lifestyle
latest-news
latest-updates
latestchanges
latex2rtf
lathe
latin
latinamerica
latitude
latitudes
latrine
latrines
latte
latter
latterly
lattice
lattices
latvat
lau
laudable
laudanski
laugh
laughable
laughably
laughed
laughing
laughingly
laughingstock
laughs
laughter
launch
launched
launcher
launches
launching
launchings
launchpad
launchpage
launder
laundered
launderer
laundering
launderings
launders
laundry
laura
laureate
laurel
laurels
lauren
laurent
laurie
lav
lava
lavalys
lavasoft
lavasoftware
lavatories
lavatory
lavender
lavish
lavished
lavishing
lavishly
lavoro
law
lawbreaker
lawful
lawfully
lawgiver
lawless
lawlessness
lawn
lawns
lawrence
laws
lawson
lawsuit
lawsuits
lawyer
lawyers
lax
laxative
lay
layer
layered
layering
layers
laying
layman
laymen
layoff
layoffs
layout
layout_images
layouts
lays
layton
laz
lazarus
lazarusgb
lazed
lazier
laziest
lazily
laziness
lazing
lazio
lazy
lazybones
lb
lb-gb
lba
lbb
lbc
lbd
lbe
lbf
lbg
lbh
lbi
lbj
lbk
lbl
lblog
lbm
lbn
lbo
lbp
lbq
lbr
lbreakout
lbs
lbt
lbu
lbv
lbw
lbx
lby
lbz
lc
lca
lcb
lcc
lcd
lcdproc
lce
lcf
lcg
lch
lci
lcj
lck
lcl
lcm
lcn
lco
lcp
lcq
lcr
lcs
lct
lcu
lcv
lcw
lcx
lcy
lcz
ld
lda
ldap
ldb
ldc
ldd
lde
ldf
ldg
ldh
ldi
ldj
ldk
ldl
ldm
ldn
ldo
ldp
ldq
ldr
lds
ldt
ldu
ldv
ldw
ldx
ldy
ldz
le
le2
lea
lead
leaded
leaden
leader
leaderboard
leaders
leadership
leaderships
leading
leadings
leadinthehome
leadmind
leadout
leads
leaf
leafdigital
leafed
leafiest
leafing
leafless
leaflet
leaflets
leafnode
leafy
league
leagued
leaguer
leaguers
leagues
leah
leak
leakage
leakages
leaked
leaking
leaks
leaky
lean
leaned
leaner
leanest
leaning
leanness
leans
leap
leaped
leapfrog
leaping
leaps
leapt
leapware
learn
learned
learner
learners
learning
learning-center
learning_center
learnmore
learns
lease
leased
leases
leash
leashes
leasing
least
leather
leathered
leathern
leatherneck
leathers
leave
leaved
leaven
leavened
leavening
leaves
leaving
leavings
leb
lebanon
lebesgue
lebios
lec
lechery
lecture
lectured
lecturer
lecturers
lectures
lecturing
led
leden
ledge
ledger
ledgers
ledgersmb
ledges
ledscripts
ledsign
ledzep
lee
leech
leeches
leek
leer
leery
lees
leeward
leeway
lef
lefevre
lefort
left
leftist
leftists
leftmost
leftnav
leftover
leftovers
leftward
leg
legacies
legacy
legacyrender
legal
legal-disclosure
legal-notice
legales
legality
legalization
legalize
legalized
legalizes
legalizing
legally
legals
legato
legend
legendary
legends
legged
leggings
legibility
legible
legibly
legion
legions
legislate
legislated
legislates
legislating
legislation
legislative
legislator
legislators
legislature
legislatures
legitimacy
legitimate
legitimately
legs
legume
leh
lehmann
lei
leicestershire
leif
leigh
leistungen
leisure
leisurely
leit
lej
lek
leksbot
lel
leland
lem
lemma
lemmas
lemming
lemmings
lemmon
lemon
lemonade
lemons
lemos
len
lend
lender
lenders
lending
lends
lenel
length
lengthen
lengthened
lengthening
lengthens
lengthly
lengths
lengthwise
lengthy
leniency
lenient
leniently
lens
lenses
lent
lenta
lentil
lentils
lenya
lenzo
leo
leo-cinema
leo-cinema-1
leo-details
leo-horoscope
leo-search
leoboard
leoevtadr
leoevtadrkino
leoevtart
leoevtman
leon
leonard
leonardo
leopard
leopards
lep
leper
leprosy
leq
ler
leroy
les
leser-helfen
lesezeichen
leslie
less
lessen
lessened
lessening
lessens
lesser
lesson
lessonplans
lessons
lessor
lesstif
lest
lestat
leszek
let
lethal
letmein
letras
lets
letter
lettered
letterer
letterhead
lettering
letters
letting
lettings
lettre
lettres
lettuce
leu
leukemia
leung
lev
levcgi
levee
levees
level
level2
leveled
leveler
leveling
levelled
leveller
levellest
levelling
levelly
levelness
levels
lever
leverage
levers
levied
levies
levity
levy
levying
lew
lewd
lewdly
lewdness
lewe
lewis
lex
lexar
lexibot
lexical
lexically
lexicographic
lexicographical
lexicographically
lexicon
lexicons
lexikon
lexmark
lexphpteam
lexus
ley
lez
lf
lfa
lfb
lfc
lfd
lfe
lff
lfg
lfh
lfi
lfj
lfk
lfl
lfm
lfn
lfo
lfp
lfq
lfr
lfs
lft
lftp
lfu
lfv
lfw
lfx
lfy
lfz
lg
lga
lgames
lgb
lgc
lgd
lge
lgf
lgg
lgh
lgi
lgj
lgk
lgl
lgm
lgn
lgo
lgp
lgpl
lgq
lgr
lgs
lgt
lgu
lgv
lgw
lgx
lgy
lgz
lh
lha
lhaplus
lhaz
lhb
lhc
lhd
lhe
lhf
lhg
lhh
lhi
lhj
lhk
lhl
lhm
lhn
lho
lhp
lhq
lhr
lhs
lht
lhu
lhv
lhw
lhx
lhy
lhz
li
lia
liabilities
liability
liable
liaison
liaisons
liar
liars
lib
lib32
lib_config
libaries
libary
libast
libc
libcdaudio
libdbi-perl
libel
libelous
libenzi
liberal
liberalize
liberalized
liberalizes
liberalizing
liberally
liberals
liberate
liberated
liberates
liberating
liberation
liberator
liberators
libertarian
libertas
liberties
liberty
liberum
libes
libesmtp
libexif
libextractor
libido
libjs
libmikmod
libpng
libr
libra-horoscope
librairie
librairies
librarian
librarians
libraries
library
library2
librarys
libremail
libreria
librerias
libretto
libri
libris
libro
libros
libs
libstoragemgmt
libtiff
libtomcrypt
libtunepimp
libungif
libuuid
libvc
libvncserver
libweb
lic
licdk
lice
licence
licences
license
license_afl
licensed
licensee
licenses
licensing
licensor
licentious
lichen
lichens
lick
licked
licking
licks
licorice
licq
licse
lid
lider
lidmaatschap
lids
lie
liece
lied
lieferung
liege
lien
liens
liero
lies
lieu
lieutenant
lieutenants
lif
life
life-insurance
lifeblog
lifeblood
lifeboat
lifecare
lifeguard
lifeless
lifelessness
lifelike
lifelong
lifer
liferay
lifespan
lifestream
lifestyle
lifestyles
lifetime
lifetimes
lifetype
lift
lifted
lifter
lifters
lifting
lifts
lig
ligament
ligature
light
lightbox
lightbox2
lightbox_assets
lightboxes
lightdm
lighted
lighten
lightens
lighter
lighters
lightest
lightface
lighthearted
lighthouse
lighthouses
lighting
lightly
lightness
lightning
lightnings
lights
lighttpd
lightview
lightwave
lightweight
lightwindow
lih
lii
lij
lik
like
liked
likelier
likeliest
likelihood
likelihoods
likeliness
likely
liken
likened
likeness
likenesses
likening
likens
likes
likewise
liking
likno-scripts
lil
lilac
lilacs
lilies
lilikoi
lilly
lily
lim
limb
limber
limbo
limbs
lime
limelight
limes
limestone
limesurvey
limit
limitability
limitably
limitation
limitations
limited
limited,
limiter
limiters
limiting
limitless
limits
limo
limousine
limp
limped
limping
limply
limpness
limps
lin
linbit
lincoln
linda
lindberg
linde
linden
lindsay
lindsey
line
line9
line_items
linear
linearities
linearity
linearizable
linearize
linearized
linearizes
linearizing
linearly
linecontrol
lined
linen
linens
liner
liners
lines
lineup
linger
lingered
lingerie
lingering
lingers
lingo
lingua
linguist
linguistic
linguistically
linguistics
linguists
linhtinh
lining
linings
linixprinting
link
link-directory
link-exchange
link-to-us
link-unit
link2
link_banner
link_exchange
link_galerien
link_images
link_out
link_to
linkadmin
linkage
linkages
linkcheck
linkchecker
linkclick
linkdirectory
linkease
linked
linkedin
linker
linkers
linkex
linkexchange
linkextractorpro
linki
linkimages
linking
linklist
linklok
linkmachine
linkman
linkmanager
linkmaps
linkout
linkpartners
linkpoint
links
links-page
links-tags
links2
links_files
links_submit
linkscan
linksdir
linkshare
linkslinks
linkspider
linkswidget
linksys
linkto
linktous
linktrack
linktracker
linkwalker
linkz
linley
linoleum
linpha
linpng
linpopup
linseed
lint
linux
linux-atm
linux-ha
linux-pam
linux-sottises
linuxinstall
linuxnode
linuxprinting
linx
lio
lion
lioness
lionesses
lionking
lionmax
lions
lip
lipetsk
lips
lipstick
liq
liquid
liquidate
liquidation
liquidations
liquidity
liquids
liquor
liquors
lir
lis
lisa
lisence
lisense
lisp
lisped
lisping
lisps
list
list-create
list-edit
list-search
list-users
list-view
list_users
lista
listacorreo
listadmin
listar
listas
liste
listed
listen
listened
listener
listeners
listening
listens
listers
listes
listinfo
listing
listing_photos
listings
listingsdetail
listini
listless
listmail
listman
listmanager
listmania
listmessenger
listorderby
lists
listserv
listuse
listusers
listview
lit
litany
lite
litecommerce
liteforum
liter
literacy
literal
literally
literalness
literals
literary
literate
literatur
literatura
literature
literatures
liters
liteserve
litespeed
lithe
lithium
lithograph
lithography
litigant
litigate
litigation
litigious
litmus
litter
litterbug
littered
littering
litters
little
littlejohn
littleness
littler
littlest
liu
liuyan
liv
livable
livably
live
live!
live-chat
live-help
live-support
live_feed
live_published
live_support
livechat
livecontent
lived
livedata
livefiles
livehelp
livehelp_old
livejournal
livelihood
lively
liveness
livepages
liveperson
liveprices
liver
liveried
liverpoo
livers
livery
lives
livescore
liveserver
livestats
livestock
livesupport
livetest
livetranslation
liveu
liveupdate
livezilla
livid
living
livingcolor
livingston
livre
livredor
livres
livros
liw
lix
liy
liz
lizard
lizards
lizenz
lizge
lj
lja
ljb
ljc
ljd
lje
ljf
ljg
ljh
lji
ljj
ljk
ljl
ljm
ljn
ljo
ljp
ljq
ljr
ljs
ljt
lju
ljv
ljw
ljx
ljy
ljz
lk
lka
lkb
lkc
lkd
lke
lkf
lkg
lkh
lki
lkj
lkk
lkl
lkm
lkn
lko
lkp
lkq
lkr
lks
lkt
lku
lkv
lkw
lkx
lky
lkz
ll
lla
llamada
llamadas
llave
llaves
llb
llc
lld
lle
lletres
lleure
llf
llg
llh
lli
llibres
llj
llk
lll
llm
lln
llo
lloyd
llp
llq
llr
lls
llt
llu
llv
llw
llx
lly
llz
lm
lm_images
lm_sensors
lma
lmb
lmc
lmd
lme
lmenu
lmf
lmg
lmh
lmi
lmj
lmk
lml
lmm
lmn
lmo
lmp
lmq
lmr
lms
lmt
lmu
lmule
lmv
lmw
lmx
lmy
lmz
ln
lna
lnb
lnc
lnd
lne
lnf
lng
lnh
lni
lnj
lnk
lnl
lnm
lnn
lno
lnp
lnq
lnr
lns
lnspiderguy
lnt
lnu
lnv
lnw
lnx
lny
lnz
lo
loa
load
loadavg
loaded
loader
loaders
loading
loadings
loadjs
loadoffer
loads
loadvehicle
loaf
loafed
loafer
loan
loanapp
loaned
loaning
loans
loath
loathe
loathed
loathing
loathly
loathsome
loaves
lob
lobbied
lobbies
lobby
lobbying
lobe
lobes
lobster
lobsters
loc
local
local-cgi
local-mole
local_url
localcashback
locale
locales
localinfo
localities
locality
localitzador
localizador
localization
localize
localized
localizes
localizing
locally
localnews
localplayer
locals
localstart
localweb2000
locate
located
locates
locating
location
locations
locationsearch
locative
locatives
locator
locators
locaweb
locazo!
lochp
loci
lock
locked
locker
lockers
locking
lockings
lockout
lockouts
locks
locksmith
lockstep
lockup
lockups
locomotion
locomotive
locomotives
locus
locust
locusts
lod
lodel
lodge
lodged
lodger
lodges
lodging
lodgings
loe
lof
lofi
lofiversion
loft
loftiness
lofts
lofty
log
log-in
log-viewer
log2mail
log4j
log4net
log4sh
log_data
logaholic
logan
logarchive
logarithm
logarithmic
logarithmically
logarithms
logbook
logdata
logemann
logfile
logfiles
logfilesstorage
logfileview
logged
logger
loggers
logging
loghi
logi
logic
logical
logically
logicampus
logicbill
logician
logicians
logiciel
logiciels
logicnow
logics
login
login-redirect
login-show
login-sys
login-us
login1
login2
login_
login_db
login_form
login_sendpass
loginadmin
loginerror
loginflat
loginimages
logins
logis
logisense
logisphere
logistic
logistics
logit
logitech
logjam
logo
logo_images
logo_sysadmin
logoff
logon
logonform
logos
logotipos
logout
logowanie
logreport
logreports
logs
logs2
logstats
logsurfer
logtmp
logview
logwatch
loh
loi
loin
loincloth
loins
lois
loisirs
loiter
loitered
loiterer
loitering
loiters
loj
loja
lojas
lojaviva
lojinha
lok
lokales
loki
lokwa
lol
lolo
lom
lombardia
lominger
lon
london
lone
lonelier
loneliest
loneliness
lonely
loner
loners
lonerunner
lonesome
long
longed
longer
longest
longevity
longhand
longing
longings
longitude
longitudes
longs
longshine
longstanding
loo
look
lookahead
looked
looker
lookers
looking
lookout
looks
looksmart
lookup
lookups
loom
loomed
looming
looms
loon
looney
loop
looped
loophole
loopholes
looping
loops
loose
loosed
looseleaf
loosely
loosen
loosened
looseness
loosening
loosens
looser
looses
loosest
loosing
loot
looted
looter
looting
loots
lop
lopes
lopsided
loq
loquehabia
lor
lord
lordly
lords
lordship
lore
lori
loria
lorin
lorraine
lorry
los
los-angeles
losangeles
lose
loser
losers
loses
losing
loss
losses
lossier
lossiest
lossy
lost
lost%2Bfound
lost+found
lost-password
lost-user-name
lostfound
lostpass
lostpassword
lot
lotion
lots
lottasophie
lottery
lotto
lotus
lou
loud
louder
loudest
loudhush
loudly
loudness
loudspeaker
loudspeakers
louis
louise
louisiana
louisville
lounge
lounged
lounges
lounging
louse
lousy
lout
louw
lov
lovable
lovably
love
lovecompass
loved
lovelier
lovelies
loveliest
loveliness
lovelorn
lovely
loveme
lover
lovers
loves
loveyou
loving
lovingly
low
lowagie
lower
lowered
lowering
lowers
lowes
lowest
lowland
lowlands
lowliest
lowly
lowness
lows
lox
loy
loyal
loyally
loyalties
loyalty
loz
lp
lp1
lp_cache
lpa
lpadm
lpadmin
lpages
lpanel
lpb
lpc
lpd
lpe
lpf
lpg
lph
lphant
lpi
lpj
lpk
lpl
lpm
lpn
lpo
lpp
lpq
lpr
lpr-ppd
lprold
lps
lpt
lpt1
lpt2
lpu
lpv
lpw
lpx
lpy
lpz
lqa
lqb
lqc
lqd
lqe
lqf
lqg
lqh
lqi
lqj
lqk
lql
lqm
lqn
lqo
lqp
lqq
lqr
lqs
lqt
lqu
lqv
lqw
lqx
lqy
lqz
lr
lra
lrb
lrc
lrd
lre
lrf
lrg
lrh
lri
lrj
lrk
lrl
lrm
lrn
lro
lrp
lrq
lrr
lrs
lrt
lru
lrv
lrw
lrx
lry
lrz
ls
lsa
lsb
lsc
lsd
lse
lsf
lsg
lsh
lsi
lsj
lsk
lsl
lsm
lsn
lso
lsp
lsq
lsr
lss
lst
lsu
lsv
lsw
lsx
lsy
lsz
lt
lta
ltb
ltc
ltd
lte
ltf
ltg
lth
lti
ltj
ltk
ltl
ltm
ltn
lto
ltp
ltq
ltr
lts
ltt
ltu
ltv
ltw
ltwcalendar
ltx
ltxuanhao
lty
ltz
lu
lu-fr
lu-gb
lua
lub
lubricant
lubricate
lubrication
luc
luca
lucas
lucasarts
lucene
lucent
lucid
lucidcms
luck
lucked
luckier
luckiest
luckily
luckless
lucks
lucky
lucky1
lucrative
lucy
lud
ludicrous
ludicrously
ludicrousness
ludovic
lue
luf
lug
lug[3]r
luggage
luh
lui
luis
luj
luk
luke
lukewarm
lukyanov
lul
lull
lullaby
lulled
lulls
lulu
lum
lumber
lumbered
lumbering
lumbroso
lumigent
luminous
luminously
lummox
lump
lumped
lumping
lumps
lumpy
lun
luna
lunar
lunatic
lunch
lunch_menu
lunch_menus
lunched
luncheon
luncheons
lunches
lunching
lung
lunged
lungs
luntan
luo
lup
luq
lur
lurch
lurched
lurches
lurching
lure
lured
lures
luring
lurk
lurked
lurker
lurking
lurks
lus
luscious
lusciously
lusciousness
lush
lussumo
lust
luster
lustful
lustily
lustiness
lustrous
lusts
lusty
lut
lute
lutece
lutelmowski
lutes
luu
luubut
luv
luw
lux
luxuriant
luxuriantly
luxuries
luxurious
luxuriously
luxury
luy
luz
lv
lv-gb
lva
lvb
lvc
lvd
lve
lvf
lvg
lvh
lvi
lvj
lvk
lvl
lvm
lvn
lvo
lvp
lvq
lvr
lvs
lvt
lvu
lvv
lvw
lvx
lvy
lvyou
lvz
lw
lwa
lwb
lwc
lwd
lwe
lwf
lwg
lwh
lwi
lwj
lwk
lwl
lwm
lwn
lwo
lwp
lwp-trivial
lwq
lwr
lws
lwt
lwu
lwv
lww
lwx
lwy
lwz
lx
lxa
lxb
lxc
lxd
lxe
lxf
lxg
lxh
lxi
lxj
lxk
lxl
lxm
lxn
lxo
lxp
lxq
lxr
lxs
lxt
lxu
lxv
lxw
lxx
lxy
lxz
ly
lya
lyb
lyc
lycos
lyd
lye
lyf
lyg
lyh
lyi
lying
lyj
lyk
lyl
lym
lymph
lyn
lynch
lynched
lyncher
lynches
lynn
lynne
lynuxworks
lynx
lynxes
lyo
lyp
lyq
lyr
lyre
lyric
lyrics
lyris
lys
lysator
lysias
lyskom
lyt
lytebox
lyu
lyv
lyw
lyx
lyy
lyz
lz
lz4
lza
lzb
lzc
lzd
lze
lzf
lzg
lzh
lzi
lzj
lzk
lzl
lzm
lzma
lzn
lzo
lzp
lzq
lzr
lzs
lzt
lzu
lzv
lzw
lzx
lzy
lzz
m
m&i
m-phorum
m-tech
m1
m2
m2css
m2img
m2m
m2scripts
m3
m3u
m6
m6_edit_item
m6_invoice
m6_pay
m7
m_images
ma
ma-fr
maa
maarch
mab
mabry
mac
mac-ad
macadmin
macallan
mace
maced
macedonia
maces
macguire
macha
machform
machination
machine
machined
machinelike
machinery
machines
machining
macho
machttp
macintos
macintosh
mack
mackay
mackerel
mackerras
macosxlabs
macro
macroeconomics
macromedia
macromolecule
macromolecules
macrophage
macros
macroscopic
macroscripts
macrovision
macsftp
macssh
macwarriors
mad
madam
madbms
madden
maddening
madder
maddest
maddog
made
madhouse
madison
madly
madman
madmen
madness
madore
madras
madrid
mads
mae
maelstrom
maestro
maf
mafia
mafo
mag
magazin
magazine
magazines
mage118
magenta
magento
magento2
maggie
maggot
maggots
magic
magical
magically
magician
magicians
magicscripts
magiczoomplus
magistrate
magistrates
magna
magnesium
magnet
magnetic
magnetically
magnetism
magnetisms
magnetizable
magnetized
magneto
magnicomp
magnification
magnificence
magnificent
magnificently
magnified
magnifier
magnifier_xml
magnifies
magnify
magnifying
magnitude
magnitudes
magnolia
magnum
magpie
magpierss
mags
mah
mah-jong
mahogany
mahon
mai
maian
maid
maiden
maidens
maids
mail
mail-audit
mail-it
mail-template
mail2
mail2forum
mail_images
mail_link
mail_list
mail_password
mail_templates
mailable
mailadmin
mailafriend
mailattachments
mailbots
mailbox
mailboxes
mailchime
mailchimp
maildir
maildrop
mailed
mailenable
mailer
mailer2
mailers
mailform
mailfriend
mailimages
mailing
mailing-list
mailing-manager
mailing_list
mailinglist
mailinglists
mailings
mailist
mailling
maillink
maillist
maillists
mailmag
mailmagazine
mailman
mailmanager
mailmen
mailmgr
mailmkt
mailnews
mailnotify
mailout
mailreader
mailroom
mailroot
mails
mailscanner
mailshot
mailshots
mailtemplate
mailtemplates
mailtest
mailto
mailtraq
mailwatch
maim
maimed
maiming
maims
main
main1
main2
main_files
main_images
main_page
mainadmin
maine
mainfile
mainframe
mainframes
mainimages
mainland
mainline
mainlink
mainly
mainmenu
mainpage
mainpages
mains
mainsite
mainstay
mainstream
maint
maintain
maintainability
maintainable
maintained
maintainer
maintainers
maintaining
maintains
mainte
mainten
maintenance
maintenances
mainz
mainz-05
maison
maize
maj
majestic
majesties
majesty
major
majorcoolimages
majordom
majored
majoring
majorities
majority
majors
mak
makable
make
make-money
makecron
makefile
makenh
makeoffer
makeover
makeprocesssoft
maker
makers
makes
makeshift
maket
makeup
makeups
making
makings
makusi
mal
maladies
malady
malaga
malaria
malaysia
malcolm
malcom
malcontent
malda
male
malefactor
malefactors
maleness
males
malev
malevolent
malformed
malfunction
malfunctioned
malfunctioning
malfunctions
malibu
malice
malicious
maliciously
maliciousness
malign
malignant
malignantly
malik
mall
mall23
mallard
mallet
mallets
malnutrition
maloney
malpractice
malt
malta
malted
malts
mam
mama
mambo
mambolaithai
mambots
mamboxchange
mambweather
mamma
mammal
mammalian
mammals
mammas
mammoth
man
man2web
mana
manage
manageable
manageableness
managebilling
managed
manageengine
management
managements
manager
managerial
managers
manages
managing
manas
manchester
mandant
mandarin
mandate
mandated
mandates
mandating
mandatory
mandible
mandrake
mandrakesoft
mane
manes
maneuver
maneuvered
maneuvering
maneuvers
manga
mangas
manger
mangers
mangle
mangled
mangler
mangles
mangling
mango
manhole
manhood
mania
maniac
maniacal
maniacs
manic
manica
manicure
manicured
manicures
manicuring
manifest
manifest.mf
manifestation
manifestations
manifested
manifesting
manifestly
manifests
manifold
manifolds
manila
manipulability
manipulable
manipulatable
manipulate
manipulated
manipulates
manipulating
manipulation
manipulations
manipulative
manipulator
manipulators
manipulatory
mankind
manly
manned
manner
mannered
mannerly
manners
mannheim
manning
manometer
manometers
manor
manors
manpage
manpages
manpower
mansion
mansions
manslaughter
mantaray
mantel
mantels
mantenimiento
mantis
mantisbt
mantissa
mantissas
mantle
mantlepiece
mantles
mantra
manu
manual
manuales
manuali
manuallogin
manually
manuals
manualthemes
manuel
manuels
manufacture
manufactured
manufacturer
manufacturers
manufacturers_id
manufactures
manufacturing
manufaktur
manure
manuscript
manuscripts
manutencao
manutenzione
many
mao
map
map2
map24
map_custom
map_standard
map_topnav
mapa
mapa-do-site
mapabcpoi
mapas
mapaweb
mapdata
maphp
mapinfo
maple
maples
mappa
mappable
mappe
mapped
mapper
mapping
mappings
mapprint
mapquest
maps
mapslt
mapstt
maq
maquette
maquettes
maquinari
mar
mara
maradns
marathon
marbella
marble
marbles
marbling
marbry
marc
marca
marcel
march
marchand
marche
marched
marcher
marches
marching
marci
marco
marcom
marconi
marcreed
marcus
marcy
mardam-bey
mare
mares
margaret
margarine
margin
marginal
marginally
margins
maria
mariage
mariah
marie
marietta
marigold
marijuana
marilyn
marina
marinade
marinate
marine
mariner
marines
mario
marionette
mariovaldez
mariposa
marital
maritime
mark
mark-forum
markable
markallread
markasread
markasspam
marked
markedcitation
markedly
marken
marker
markers
market
market-pulse
market-research
marketability
marketable
marketed
marketing
marketings
marketplace
marketplaces
markets
marking
markings
markitup
marks
markt
marktplatz
markup
markus
marlboro
marley
marmalade
marmaraweb
marmot
marni
maroon
marque
marquee
marques
marquis
marriage
marriageable
marriages
married
marriedinyear
marries
marriott
marrow
marry
marrying
mars
marsh
marshal
marshaled
marshaling
marshall
marshals
marshes
marshmallow
mart
marten
martial
martin
martin1
martingale
martini
marts
marty
martyr
martyrdom
martyrs
marvel
marveled
marvelled
marvelling
marvelous
marvelously
marvelousness
marvels
marvin
marwel
mary
maryjane
maryland
mas
mascara
masculine
masculinely
masculinity
mash
mashed
mashes
mashing
mask
maskable
masked
masker
masking
maskings
masks
masochist
masochists
mason
masonry
masons
masqmail
masquerade
masquerader
masquerades
masquerading
mass
mass_edit
massachusetts
massacre
massacred
massacres
massage
massages
massaging
massed
masses
massimiliano
massing
massive
massy
mast
masted
master
master.passwd
master1
master_pages
masteradmin
mastercard
mastered
masterful
masterfully
mastering
masterings
masterly
mastermind
masterpage
masterpages
masterpiece
masterpieces
masters
mastersfusion
mastery
masthead
mastodon
masts
masturbate
masturbated
masturbates
masturbating
masturbation
mat
mata
match
matchable
matchbox
matched
matcher
matchers
matches
matching
matching_tags
matchings
matchless
matchresult
mate
mated
matei
mater
material
materialist
materialize
materialized
materializes
materializing
materially
materials
maternal
maternally
maternity
mates
math
mathematical
mathematically
mathematician
mathematicians
mathematics
mathopd
mathworks
matija
mating
matings
matriarch
matriarchal
matrices
matriculate
matriculation
matriks
matrikzgb
matrimonial
matrimony
matrix
matrix's
matrix_engine
matroid
matron
matronly
matrox
mats
matsushita
matt
matted
matter
mattered
matters
matthew
matthews
matthias
mattress
mattresses
matu
maturation
mature
matured
maturely
matures
maturing
maturities
maturity
mau
maui
maul
maurice
mauritius
mausoleum
mav
maven
maverick
mavs
maw
maw~
max
max-wilhelm
maxdev
maxim
maxima
maximal
maximally
maxime
maximize
maximized
maximizer
maximizers
maximizes
maximizing
maxims
maximum
maximums
maximus
maxprice
maxthon
maxum
maxware
maxwebportal
maxwell
maxxcode
may
may9
maybe
mayday
mayhap
mayhem
mayonnaise
mayor
mayoral
mayors
maz
mazda
mazda1
maze
mazes
mb
mba
mbb
mbc
mbd
mbe
mbedthis
mbf
mbg
mbh
mbi
mbj
mbk
mbl
mbla
mbm
mbn
mbo
mboard
mbox
mbp
mbq
mbr
mbs
mbt
mbu
mbv
mbw
mbx
mby
mbz
mc
mca
mcafee
mcart
mcb
mcc
mccall
mccool
mcd
mcdata
mcdonalds
mce
mcf
mcg
mcgallery
mcgallerypro
mcguestbook
mch
mchat
mci
mcingvale
mcj
mck
mck-shared
mckesson
mcl
mcloughlin
mcm
mcmurtrey
mcn
mcnews
mco
mcp
mcq
mcr
mcrypt
mcs
mct
mcu
mcv
mcw
mcx
mcy
mcz
md
mda
mdata
mdb
mdb-database
mdc
mdd
mde
mdf
mdg
mdh
mdi
mdj
mdk
mdl
mdm
mdn
mdo
mdp
mdq
mdr
mds
mdt
mdu
mdv
mdw
mdweb
mdx
mdy
mdz
me
me-gb
me2
mea
mead
meadow
meadows
meagan
meager
meagerly
meagerness
meal
meals
mealtime
mealy
mean
meander
meandered
meandering
meanders
meaner
meanest
meaning
meaningful
meaningfully
meaningfulness
meaningless
meaninglessly
meaninglessness
meanings
meanly
meanness
means
meant
meantime
meanwhile
measle
measles
measurable
measurably
measure
measured
measurement
measurements
measurer
measures
measuring
meat
meats
meaty
meb
mebel
mec
mechanic
mechanical
mechanically
mechanics
mechanism
mechanisms
mechanization
mechanizations
mechanize
mechanized
mechanizes
mechanizing
med
medal
medallion
medallions
medals
meddle
meddled
meddler
meddles
meddling
medewerkers
medi
media
media-center
media-files
media-icons
media-kit
media-old
media__
media_center
media_new
mediabase
mediabox404
mediacenter
mediachance
mediadaten
mediadb
mediafiles
mediagallery
mediahouse
mediainfo
mediakit
mediamarkt
median
medianamik
medians
mediapedia
mediaplayer
mediaroom
medias
mediaslash
mediate
mediated
mediates
mediating
mediation
mediations
mediator
mediawiki
medic
medical
medically
medicare
medicina
medicinal
medicinally
medicine
medicines
medics
medien
medienid
medieval
medinfo
mediocre
mediocrity
medios
mediratta
meditate
meditated
meditates
meditating
meditation
meditations
meditative
medium
mediums
medlemmer
medley
medline
meds
medusa
mee
meek
meeker
meekest
meekly
meekness
meet
meeting
meetinghouse
meetings
meets
mef
meg
mega
megabaud
megabit
megabits
megabook
megabrowser
megabyte
megabytes
megacomputing
megacz
megahertz
megalomania
megan
megaton
megaupload
megavideo
megavolt
megawatt
megaword
megawords
megohm
meh
mei
meijer
mein-konto
mein-merkzettel
meindlsoft
meinkonto
meinkontogroup
meishi
mej
mek
mel
melancholy
melange
melanie
melbourne
meldungen
melissa
mellon
mellow
mellowed
mellowing
mellowness
mellows
melodies
melodious
melodiously
melodiousness
melodrama
melodramas
melodramatic
melody
melon
melons
melt
melted
melting
meltingly
melts
mem
mem_bin
memb
member
member-area
member-center
member-login
member-only
member.class
member2
member_area
member_info
member_photos
member_search
memberadmin
memberarea
memberfiles
memberid
memberlist
memberlogin
memberresources
memberrides
members
members-access
members-area
members-only
members2
members_area
members_img
members_list
members_only
membersarea
memberservices
membership
memberships
membersonly
membersrides
memberzone
membrane
membre
membrepass
membres
membro
memcached
memcp
memento
memlogin
memo
memoir
memoirs
memolinkcobrand
memorabilia
memorable
memorableness
memoranda
memorandum
memorial
memorially
memorials
memories
memorization
memorize
memorized
memorizer
memorizes
memorizing
memory
memoryless
memos
memphis
men
men&mice
menace
menaced
menacing
menagerie
menarche
menasoft
mend
mendacious
mendacity
mended
mendel
mender
mending
mends
menial
menials
mens
mensajeitor
mensajes
menshealth
menstruate
mensurable
mensuration
mental
mentalities
mentality
mentally
mention
mentionable
mentioned
mentioner
mentioners
mentioning
mentions
mentions-legales
mentor
mentors
menu
menu-files
menu1
menu2
menu_bt
menu_dhtml
menu_files
menu_graphic
menu_images
menu_inverted_l
menu_split
menu_tree
menue
menuimages
menujs
menumachine
menuoverride
menus
menuskin
menutest
meny
meo
meow
mep
mephistoles
meq
mer
merak
mercado
mercanet
mercantec
mercantile
mercedes
mercenaries
mercenariness
mercenary
merch
merchandise
merchandiser
merchandising
merchant
merchant2
merchant4
merchant5
merchants
merci
merciful
mercifully
merciless
mercilessly
mercora
mercurial
mercury
mercuryboard
mercurysteam
mercy
mere
merely
merest
merge
merged
merger
mergers
merges
mergetopics
merging
meridian
meringue
merit
merited
meriting
meritorious
meritoriously
meritoriousness
merits
merix
merkliste
merkzettel
merlin
mermaid
merriest
merrill
merrily
merriment
merry
merseyshop
meru
mes
mescaline
mesh
meson
mesosphere
mesquite
mess
message
messageboard
messageboards
messagebus
messagecenter
messagemedia
messagerie
messages
messages_erreur
messageware
messaging
messed
messenger
messengers
messes
messiahs
messier
messiest
messily
messiness
messing
messy
met
meta
meta-inf
meta_inf
meta_login
meta_tags
metaadmin
metabase
metabolic
metabolism
metacircular
metacircularity
metadata
metadot
metaframe
metainfo
metal
metalanguage
metalheadws
metalinks
metallic
metallization
metallizations
metallurgy
metals
metamail
metamathematical
metamorphosis
metaphor
metaphorical
metaphorically
metaphors
metaphysical
metaphysically
metaphysics
metaproducts
metas
metasearch
metasploit
metatags
metatraffic
metatraffic2
metavante
metavariable
mete
meted
meteo
meteor
meteoric
meteorite
meteoritic
meteorology
meteors
meteorsoft
meter
metering
meters
metertek
metes
methane
method
methodical
methodically
methodicalness
methodists
methodological
methodologically
methodologies
methodologists
methodology
methods
methodus
meticulously
meting
metisware
metki
metric
metrical
metrics
metriweb
metrix
metro
metronome
metropolis
metropolitan
mets
mettle
mettlesome
meu
mev
mew
mewburn
mewed
mews
mewsoft
mex
mexico
mey
mez
mezuak
mf
mfa
mfb
mfc
mfd
mfe
mff
mfg
mfh
mfi
mfj
mfk
mfl
mfm
mfn
mfo
mforum
mfp
mfq
mfr
mfr_admin
mfs
mft
mfu
mfv
mfw
mfx
mfy
mfz
mg
mga
mgal_data
mgb
mgc
mgd
mgdiff
mge
mgetty
mgf
mgg
mgh
mgi
mgj
mgk
mgl
mgm
mgmt
mgn
mgo
mgp
mgq
mgr
mgs
mgt
mgu
mgv
mgw
mgx
mgy
mgz
mh
mh_admin
mha
mhb
mhc
mhc-utils
mhd
mhe
mhf
mhg
mhh
mhi
mhj
mhk
mhl
mhm
mhn
mho
mhonarc
mhp
mhq
mhr
mhs
mhsoftware
mht
mhu
mhv
mhw
mhx
mhy
mhz
mi
mia
miami
miasma
mib
mibhelp
mic
mica
micah
mice
michael
michaud
michel
michele
michelle
michigan
mickey
mico
micro
microarchitects
microarchitecture
microarchitectures
microbial
microbicidal
microbicide
microblog
microburst
microchip
microcode
microcoded
microcodes
microcoding
microcomputer
microcomputers
microcosm
microcycle
microcycles
microeconomics
microelectronics
microfilm
microfilms
microgramming
microinstruction
microinstructions
microjump
microjumps
microlevel
micromuse
micron
microoperations
microphone
microphones
microphoning
microprocedure
microprocedures
microprocessing
microprocessor
microprocessors
microprofile
microprogram
microprogrammable
microprogrammed
microprogrammer
microprogramming
microprograms
microprose
micros
microscope
microscopes
microscopic
microscopy
microsecond
microseconds
microsite
microsites
microsoft
microstore
microsupport
microsys
microsystems
microvision
microwave
microwaves
microword
microwords
mid
midday
middle
middle-east
middleman
middlemen
middles
middleware
middling
midget
midhosting
midi
midia
midicart
midis
midnight
midnights
midori
midpoint
midpoints
midrange
midscale
midsection
midshipman
midshipmen
midst
midstream
midsts
midsummer
midway
midweek
midwife
midwinter
midwives
mie
miembros
mien
mieten
mietwagen
mif
mig
might
mightier
mightiest
mightily
mightiness
mighty
mightysite
mightysite2
migrant
migrate
migrated
migrates
migrating
migration
migrations
migratory
mih
mii
miixpc
mij
mijn
mik
mikael
mike
mike1
mikey
miki
miklos
mikmod
mil
milan
milano
mild
milder
mildest
mildew
mildly
mildness
mile
mileage
miles
milestone
milestones
militant
militantly
militarily
militarism
military
military_boots
militia
milk
milked
milker
milkers
milkeyway
milkiness
milking
milkmaid
milkmaids
milks
milky
mill
milled
millennium
miller
millet
milliammeter
milliampere
millie
millijoule
millimeter
millimeters
millinery
milling
million
millionaire
millionaires
millions
millionth
millipede
millipedes
milliscripts
millisecond
milliseconds
millivolt
millivoltmeter
milliwatt
mills
millstone
millstones
milwaukee
mim
mimanet
mime
mimeograph
mimi
mimic
mimica
mimicboard2
mimicked
mimicking
mimics
mimms
min
min_unit_tests
mina
minaret
minatoku
mince
minced
mincemeat
minces
mincing
mind
minded
mindful
mindfully
mindfulness
minding
mindjet
mindless
mindlessly
mindroute
minds
mindstorm
mindy
mine
mined
minefield
miner
mineral
minerals
miners
minerva
mines
minesweeper
mingham-smith
mingle
mingled
mingles
mingling
mingxing
minhhoa
mini
mini_cal
miniaturas
miniature
miniatures
miniaturization
miniaturize
miniaturized
miniaturizes
miniaturizing
minibb
minibill
minicart
minichat
minicom
minicomputer
minicomputers
minify
minigal
minihttp
minihttpserver
minima
minimal
minimalist
minimally
minimax
minimization
minimizations
minimize
minimized
minimizer
minimizers
minimizes
minimizing
minimum
mining
mininuke
minion
miniportail
miniportal
minis
minishare
minisite
minisites
minister
ministered
ministering
ministers
ministries
ministry
minix
mink
minks
minneapolis
minnesota
minnie
minnow
minnows
minolta
minor
minoring
minorities
minority
minors
minou
minprice
minsky
minstrel
minstrels
mint
minted
minter
minting
mints
minuend
minuet
minus
minuscule
minute
minutely
minuteman
minutemen
minuteness
minuter
minutes
mio
mip
mips
miq
miquel
mir
mirabilis
miracle
miracles
miraculous
miraculously
mirage
mirak
miranda
miraserver
mire
mired
miredo
mires
miro
mirror
mirrored
mirroring
mirrors
mirth
mis
misanthrope
misbehaving
misc
misc_files
misc_images
miscalculation
miscalculations
miscarriage
miscarry
miscegenation
miscellaneous
miscellaneously
miscellaneousness
mischief
mischievous
mischievously
mischievousness
mischler
misco
misco1
misco2
misco3
misco4
misco_it
misconception
misconceptions
misconduct
misconstrue
misconstrued
misconstrues
misdemeanors
miser
miserable
miserableness
miserably
miseries
miserly
misers
misery
misfit
misfits
misfortune
misfortunes
misgiving
misgivings
misguided
misha
mishap
mishaps
mishka
misinformed
misjudged
misjudgment
mislead
misleading
misleads
misled
mismanagement
mismatch
mismatched
mismatches
mismatching
misnomer
misplace
misplaced
misplaces
misplacing
mispronunciation
misrepresentation
misrepresentations
miss
missed
misses
misshapen
missile
missiles
missing
mission
missionaries
missionary
missioner
missions
mississippi
missive
missouri
misspell
misspelled
misspelling
misspellings
misspells
missy
mist
mistakable
mistake
mistaken
mistakenly
mistakes
mistaking
misted
mister
misters
mistiness
misting
mistletoe
mistress
mistrust
mistrusted
mists
misty
mistype
mistyped
mistypes
mistyping
misunderstand
misunderstander
misunderstanders
misunderstanding
misunderstandings
misunderstood
misuse
misused
misuses
misusing
mit
mitarbeiter
mitch
mitchell
mitel
miter
mitglied
mitglieder
mitigate
mitigated
mitigates
mitigating
mitigation
mitigative
mitjans
mitmachen
mitridat
mitsubishi
mitten
mittens
miu
miv
miva
miva_apps
mivadata
miw
mix
mixed
mixer
mixers
mixes
mixing
mixture
mixtures
mixup
miy
miz
mj
mja
mjb
mjc
mjd
mje
mjf
mjg
mjh
mji
mjj
mjk
mjl
mjm
mjn
mjo
mjp
mjq
mjr
mjs
mjt
mju
mjv
mjw
mjx
mjy
mjz
mk
mka
mkb
mkc
mkd
mke
mkf
mkg
mkh
mki
mkj
mkk
mkl
mkm
mkn
mko
mkp
mkportal
mkq
mkr
mks
mkstats
mkt
mktg
mku
mkv
mkw
mkx
mky
mkz
ml
ml2
mla
mlb
mlc
mld
mldonkey
mle
mlf
mlg
mlh
mli
mlist
mliveadmin
mlj
mlk
mll
mlm
mln
mlo
mlp
mlq
mlr
mls
mlt
mlterm
mlu
mlv
mlw
mlx
mly
mlz
mm
mm5
mm_casetest4291
mm_track
mma
mmb
mmbase
mmc
mmd
mmdbscripts
mme
mmedia
mmf
mmg
mmh
mmi
mmj
mmk
mml
mmm
mmn
mmo
mmp
mmq
mmr
mms
mmserverscripts
mmt
mmu
mmv
mmw
mmwip
mmx
mmy
mmz
mn
mna
mnb
mnc
mnd
mne
mnemonic
mnemonically
mnemonics
mnet
mnf
mng
mngr
mngsrv
mnh
mni
mnj
mnk
mnl
mnm
mnn
mno
mnogo
mnogosearch
mnp
mnq
mnr
mns
mnscu
mnt
mnu
mnv
mnw
mnx
mny
mnz
mo
moa
moan
moaned
moans
moat
moats
mob
moban
mobi
mobiel
mobil
mobile
mobile-phones
mobile2
mobileplayer
mobilepublisherphp
mobiles
mobilfunk
mobility
mobiquo
mobius
moblog
mobotix
mobs
mobster
moby
mobydisk
moc
moccasin
moccasins
mochi
mock
mocked
mockejb
mocker
mockery
mocking
mockingbird
mockrunner
mocks
mockup
mockups
mod
mod-auth-shadow
mod_access_referer
mod_auth_any
mod_auth_pgsql
mod_auth_radius
mod_auth_shadow
mod_cplusplus
mod_dosevasive
mod_emailnews
mod_files
mod_gzip
mod_install
mod_mylo
mod_ntlm
mod_perl
mod_security
mod_ssl
mod_survey
mod_sw_sw
moda
modal
modalbox
modalfiles
modalities
modality
modally
modals
modcp
modcpanel
mode
mode-quote
mode-reply
model
model_images
modele
modeled
modeles
modelglue
modeling
modelings
modelle
modelli
modelo
modelos
models
modelsearch
modem
modems
moderate
moderated
moderately
moderateness
moderates
moderating
moderation
moderator
moderators
modern
modern_mom
modernbill
moderncf2
moderngigabyte
modernity
modernize
modernized
modernizer
modernizing
modernly
modernmom
modernness
moderns
modes
modest
modestly
modesty
modicum
modifiability
modifiable
modificar
modification
modifications
modified
modifier
modifiers
modifies
modify
modifying
modifykarma
modlogan
modperl
mods
modul
modular
modularity
modularization
modularize
modularized
modularizes
modularizing
modularly
modulate
modulated
modulates
modulating
modulation
modulations
modulator
modulators
module
module_custom
module_files
modulebased
modulecreator
modules
modules2
modules_admin
modules_admininclude
modules_install
modules_manage
modules_manage_addtosite
modules_manage_delete
modules_profile
modules_settings
moduli
modulo
modulos
moduls
modulus
modus
modx
modxcms
moe
moemeka
mof
mof15
mofcart
mog
moget
mogul
moguls
moh
moi
moine
moinmoin
moinvaziri
moist
moisten
moistly
moistness
moisture
moj
mojo
mojo_files
mojoscripts
mok
mol
molar
molasses
mold
molded
molder
molding
moldinthehome
molds
mole
molecular
molecule
molecules
molehill
moles
molest
molested
molesting
molests
molise
mollensoft
mollify
mollom
mollusk
molly
molly1
mollycoddle
molson
molten
mom
momdata
moment
momentarily
momentariness
momentary
momentous
momentously
momentousness
moments
momentum
mommy
mon
mon-compte
mon-espace
mon_compte
monadic
monarch
monarchies
monarchs
monarchy
monasteries
monastery
monastic
moncompte
monday
mondor
mondosoft
monet
monetarism
monetary
money
money-news
money1
moneyed
moneys
mongoose
monica
monique
monit
monitor
monitored
monitoring
monitors
moniwiki
monk
monkey
monkeyed
monkeying
monkeys
monkish
monks
mono
monoalphabetic
monochat
monochromatic
monochrome
monocotyledon
monocular
monogamous
monogamy
monogram
monograms
monograph
monographes
monographs
monolith
monolithic
monologue
monopd
monopolies
monopolize
monopolized
monopolizing
monopoly
monoprogrammed
monoprogramming
monostable
monotheism
monotone
monotonic
monotonically
monotonicity
monotonous
monotonously
monotonousness
monotony
monsoon
monster
monsterbook
monstercontrols
monsters
monstrosity
monstrous
monstrously
montada
montana
montanaro
montavista
monterey
montgomery
month
monthly
months
montoro
montreal
monument
monumental
monumentally
monuments
moo
moocow
mood
moodiness
moodle
moodledata
moods
moody
mookie
moomoo
moon
moon-demo
moon-dev
mooned
mooning
moonlight
moonlighter
moonlighting
moonlit
moons
moonshine
moore
moored
mooring
moorings
moose
moosegallery
moot
mootools
mop
moped
mops
moq
mor
moraine
moral
morale
moralities
morality
morally
morals
morass
moratorium
morbid
morbidly
morbidness
more
more-games
moredetails
moregroupware
moreinfo
morenews
moreno
moreover
mores
morgan
morian
moribund
moritz
morley
morn
morning
mornings
morningstar
morocco
moron
moroni
morose
morphine
morphism
morphisms
morphological
morphology
morris
morrison
morrow
morsel
morsels
mortal
mortality
mortally
mortals
mortar
mortared
mortaring
mortars
mortem
mortgage
mortgages
mortician
mortification
mortified
mortifies
mortiforo
mortify
mortifying
mortimer
mos
mosaic
mosaics
moscow
moshen
mosix
mosque
mosquito
mosquitoes
moss
mosses
mossy
most
most-popular
mostly
mostra
mostrar
mostres
mot
motd
motel
motels
moteur
motex
moth
mothball
mothballs
mother
mothered
motherer
motherers
motherhood
mothering
motherland
motherly
mothers
mothers-day
mothersday
motif
motifs
motion
motioned
motioning
motionless
motionlessly
motionlessness
motions
motivate
motivated
motivates
motivating
motivation
motivations
motive
motives
motley
moto
moto-news
moto1
motor
motorcar
motorcars
motorcycle
motorcycles
motoring
motorist
motorists
motorize
motorized
motorizes
motorizing
motorola
motorrad
motors
motto
mottoes
mou
mould
moulding
mound
mounded
mounds
mount
mountable
mountain
mountaineer
mountaineering
mountaineers
mountainous
mountainously
mountains
mounted
mounter
mountfs
mountfsys
mounting
mountings
mounts
mountsys
mourn
mourned
mourner
mourners
mournful
mournfully
mournfulness
mourning
mourns
mouse
mouse1
mouser
mouses
mousetrap
mousy
mouth
mouthed
mouthes
mouthful
mouthing
mouthpiece
mouths
mov
movable
movabletype
move
moved
movement
movements
mover
movers
moves
movetopic
movie
movie-reviews
movies
movietimes
movil
moviles
movimientos
moving
moving.page
movings
mow
mowed
mower
mows
mox
moxftp
moxie
moxiebin
moy
moz
mozart
mozilla
mp
mp3
mp3files
mp3info
mp3player
mp3s
mpa
mpanel
mpb
mpc
mpcsoftweb
mpd
mpe
mpeg
mpf
mpg
mpg123
mpg321
mph
mpi
mpj
mpk
mpl
mplayer
mpm
mpn
mpo
mpp
mpq
mpr
mps
mpt
mpu
mpv
mpw
mpx
mpy
mpz
mq
mqa
mqb
mqc
mqd
mqe
mqf
mqg
mqh
mqi
mqj
mqk
mql
mqm
mqn
mqo
mqp
mqq
mqr
mqs
mqseries
mqt
mqu
mqv
mqw
mqx
mqy
mqz
mr
mra
mrb
mrbs
mrc
mrd
mre
mrf
mrg
mrh
mri
mrj
mrk
mrl
mrm
mrn
mro
mrp
mrq
mrr
mrs
mrt
mrtg
mrtg-l
mrtg-m
mrtg-r
mrtg-rrd
mrtg-ti
mru
mrv
mrw
mrx
mry
mrz
ms
ms-analysis
ms-sql
msa
msadc
msadm
msb
msc
msd
msds
mse
msearch
msf
msfree
msft
msg
msgboard
msgcenter
msgcnt
msgs
msh
msi
msie
msiecrawler
msj
msk
msl
msm
msn
msn_ru
mso
msoffice
msp
mspace
msq
msql
msr
mss
mssql
mst
mstpre
msu
msv
msw
msx
msy
msyslog
msz
mt
mt-bin
mt-gb
mt-search
mt-static
mt-test
mt3
mt4
mt_images
mta
mtb
mtb100
mtc
mtd
mte
mtf
mtg
mth
mthemes
mti
mtj
mtk
mtl
mtm
mtn
mto
mtools
mtp
mtp-target
mtq
mtr
mtree
mts
mtstatic
mtt
mtu
mtv
mtw
mtx
mty
mtz
mu
mu-fr
mu-gb
mu-plugins
mua
mub
muc
much
mucilage
muck
mucker
mucking
mucus
mud
muddied
muddiness
muddle
muddled
muddlehead
muddler
muddlers
muddles
muddling
muddy
mue
muenchen
muestra
muestras
mueth
muf
muff
muffin
muffins
muffle
muffled
muffler
muffles
muffling
muffs
mug
mug-special
mugging
mugs
muh
muhammad
muhwa
mui
muj
muj-ucet
muk
mul
mulatto
mulberries
mulberry
mule
mules
mull
mullah
muller
mult
multfilmi
multi
multi-computer
multi-media
multibit
multibox
multibyte
multicast
multicasting
multicasts
multicellular
multichannelma
multicomputer
multidimensional
multihtml
multilateral
multilayer
multilayered
multilevel
multimedia
multinational
multiple
multiples
multiplex
multiplexed
multiplexer
multiplexers
multiplexes
multiplexing
multiplexor
multiplexors
multiplicand
multiplicands
multiplication
multiplications
multiplicative
multiplicatives
multiplicity
multiplied
multiplier
multipliers
multiplies
multiply
multiplying
multiprocess
multiprocessing
multiprocessor
multiprocessors
multiprogram
multiprogrammed
multiprogramming
multiservers
multisites
multisoft
multistage
multitech
multitheftauto
multithreaded
multitude
multitudes
multiuser
multivariate
multiword
mum
mumbai
mumble
mumbled
mumbler
mumblers
mumbles
mumbling
mumblings
mummies
mummy
mun
munafo
munch
munched
munching
mundane
mundanely
mung
munica
municipal
municipalities
municipality
municipally
munin
munition
munitions
muo
mup
muq
muquit
mur
mural
muratsoft
murcia
murder
murdered
murderer
murderers
murdering
murderous
murderously
murders
murky
murmansk
murmur
murmured
murmurer
murmuring
murmurs
murphy
murray
mus
muscle
muscled
muscles
muscling
muscular
musculature
muse
mused
muses
museum
museums
mush
mushroom
mushroomed
mushrooming
mushrooms
mushy
music
musica
musicad
musical
musically
musicals
musicas
musicbox
musicbrainz
musician
musicianly
musicians
musicl
musiclp
musicmatch
musicology
musicqueue
musics
musicsearch
musicsp
musik
musing
musings
musique
musk
musket
muskets
muskox
muskoxen
muskrat
muskrats
musks
muslin
mussel
mussels
must
mustache
mustached
mustaches
mustang
mustard
muster
mustiness
musts
musty
mut
mutability
mutable
mutableness
mutandis
mutant
mutasem
mutate
mutated
mutates
mutating
mutation
mutations
mutatis
mutative
mute
muted
mutely
muteness
mutilate
mutilated
mutilates
mutilating
mutilation
mutinies
mutiny
mutt
mutter
muttered
mutterer
mutterers
muttering
mutters
mutton
mutual
mutually
mutui
muu
muv
muw
mux
muy
muz
muzika
muzzle
muzzles
mv
mv-service
mva
mvb
mvc
mvcnphp
mvd
mvdsv
mve
mvf
mvg
mvh
mvi
mvj
mvk
mvl
mvm
mvmcontrollercmd
mvn
mvnforum
mvo
mvp
mvq
mvr
mvs
mvt
mvu
mvv
mvw
mvx
mvy
mvz
mw
mwa
mwaextraedit2
mwb
mwc
mwd
mwe
mwf
mwg
mwh
mwi
mwiki
mwj
mwk
mwl
mwm
mwn
mwo
mwp
mwq
mwr
mws
mwt
mwu
mwv
mww
mwx
mwy
mwz
mx
mx-gb
mx_
mxa
mxb
mxbb
mxc
mxchange
mxd
mxe
mxf
mxg
mxh
mxi
mxj
mxk
mxl
mxm
mxn
mxo
mxp
mxq
mxr
mxs
mxt
mxu
mxv
mxw
mxx
mxy
mxz
my
my-account
my-admin
my-bic
my-components
my-gift-registry
my-plugins
my-profile
my-remote
my-reviews
my-sql
my-templates
my-wishlist
my97datepicker
my_account
my_admin
my_cache
my_files
my_images
my_page
my_playlists
my_profile
my_videos
mya
myabracadaweb
myaccount
myad
myadm
myadmin
myads
myarea
myarticles
myasg
myb
mybace
mybackup
mybb
myblog
mybloggie
mybooking
mybookmarks
mybulletinboard
myc
mycalendar
mycalendar_mod
mycaptcha
mycart
mycgi
mychat
mycompanies
myconfigs
mycookies
myd
mydata
mydms
mydns
mydownloads
mye
myebay
myers
myeuropages-web
myezshop
myf
myfaces
myfaq
myfeed
myfiles
myfotos
myg
mygallery
mygreenhouse
mygroupon
myguest
myguestboo
myguestbook
myh
myheadlines
myhome
myhomework
myi
myicons
myimages
myinfo
myiosoft
myj
myjobs
myjs
myk
myl
mylinks
mylist
mylogin
mym
mymail
mymarket
myn
mynetwork
mynewsgroups
myo
myoffice
myorder
myp
mypage
mypages
myparser
mypcat
myphotos
myphp
myphpadmin
myphpcalendar
myphpim
myphpnuke
myphpsoft
mypics
mypictures
myplan
mypoints
myportal
myprofile
myproject
mypub
myq
myr
myreview
myreviews
myriad
myroom
myrtle
mys
myscrapbook
myscripts
mysearches
myself
myserver
myshop
myshortlist
mysimpleads
mysimplenews
mysite
mysitemap_users
mysmartbb
mysoft
mysomething
mysource
myspace
myspeach
mysql
mysql-admin
mysql-class
mysql_admin
mysql_history
mysql_pulsechck
mysqladmin
mysqld
mysqldumper
mysqldumper2
mysqlmanager
mystar
mystats
mysteries
mysterious
mysteriously
mysteriousness
mystery
mystic
mystical
mystics
mystify
mystore
mystuff
myt
mytag_js
mytest
myth
mythic
mythical
mythologies
mythology
mytoysde
mytp
mytrips
myu
myuserpoints
myv
myvietnam
myw
mywalletview
myweb
myweblan
mywebland
mywebserver
myx
myy
myz
mz
mza
mzb
mzc
mzd
mze
mzf
mzg
mzh
mzi
mzj
mzk
mzl
mzm
mzn
mzo
mzp
mzq
mzr
mzs
mzt
mzu
mzv
mzw
mzx
mzy
mzz
n
n-13
n-base
n-stalker
n1
n2
n@series
na
naa
nab
nabla
nablas
nabocorp
nac
nach-hersteller
nachimembership
nachrichten
nacional
nad
nada
nadeo
nadir
nadmin
nae
naf
nag
nagel
nagged
nagging
nagios
nagl
nags
nah
nahicodeofethics
nahimembership
nai
nail
nailed
nailing
nails
naissance-enfant
naive
naively
naiveness
naivete
naj
nak
nakanoku
naked
nakedly
nakedness
nakedsoft
nal
nam
namazu
name
nameable
named
nameless
namelessly
namely
namer
namers
names
namesake
namesakes
naming
namo
nan
nancy
nanke
nano
nanoblogger
nanog
nanoinstruction
nanoinstructions
nanoprogram
nanoprogramming
nanosecond
nanoseconds
nanostore
nanostores
nant
nao
naomi
nap
napkin
napkins
napoleon
napping
naps
napshare
naq
nar
nara
narcissus
narcotic
narcotics
narodstory
narrate
narration
narrative
narratives
narrow
narrowed
narrower
narrowest
narrowing
narrowly
narrowness
narrows
naruszenie
naruto
nary
nas
nasa
nasal
nasally
nasapp
nascar
nashville
nasm
nastier
nastiest
nastily
nastiness
nasty
nat
natal
natale
natasha
nate
nathan
nathaniel
nathanlandry
nation
national
nationalist
nationalists
nationalities
nationality
nationalization
nationalize
nationalized
nationalizes
nationalizing
nationally
nationals
nationhood
nations
nationwide
native
natively
natives
nativity
natterchat
natural
naturalism
naturalist
naturalization
naturally
naturalness
naturals
nature
natured
natures
nau
naught
naughtier
naughtiness
naughty
naumann
nausea
nauseate
nauseum
nautica
nav
navSiteAdmin
nav_images
naval
navally
navbar
navbars
navboard
navegacion
navel
navgigator
navi
navi-img
navia
navidad
navies
navigable
navigate
navigated
navigatepageto
navigates
navigating
navigation
navigation_bars
navigationmenu
navigator
navigators
navimages
navision
navisys
navpics
navs
navsiteadmin
navy
naw
nax
naxtor
nay
naz
nb
nba
nbase-xyplex
nbb
nbc
nbd
nbe
nbf
nbg
nbh
nbi
nbj
nbk
nbl
nbm
nbn
nbnforms
nbo
nbo_podcast
nbp
nbproject
nbq
nbr
nbs
nbsmtp
nbt
nbu
nbv
nbw
nbx
nby
nbz
nc
nc-sa
nca
ncb
ncc
ncc1701
ncc1701d
ncc1701e
ncd
nce
ncf
ncftp
ncg
nch
nci
ncipher
ncircle
ncj
nck
ncl
ncm
ncn
nco
ncompress
ncp
ncpfs
ncq
ncr
ncs
ncsa
nct
ncu
ncube
ncv
ncw
ncx
ncy
ncz
nd
nda
ndb
ndc
ndd
nde
ndf
ndg
ndh
ndi
ndj
ndk
ndl
ndm
ndn
ndo
ndp
ndq
ndr
nds
ndt
ndu
ndv
ndw
ndx
ndy
ndz
ne
ne1469
nea
near
nearby
neared
nearer
nearest
nearing
nearly
nearness
nears
nearsighted
neat
neater
neatest
neathtml
neatly
neatness
neatupload
neb
nebraska
nebula
nebular
nebulous
nec
necessaries
necessarily
necessary
necessitate
necessitated
necessitates
necessitating
necessitation
necessities
necessity
neck
necking
necklace
necklaces
neckline
necks
necktie
neckties
necrosis
nectar
ned
nederland
nederlands
nedit
nedstat
nee
need
needed
needful
needing
needle
needled
needler
needlers
needles
needless
needlessly
needlessness
needlework
needling
needs
needy
nef
neg
negate
negated
negates
negating
negation
negations
negative
negatively
negatives
negator
negators
neglect
neglected
neglecting
neglects
negligee
negligence
negligent
negligible
negocio
negocios
negotiable
negotiate
negotiated
negotiates
negotiating
negotiation
negotiations
neh
nei
neigh
neighbor
neighborhood
neighborhoods
neighboring
neighborly
neighbors
neil
neither
nej
nek
nel
nellie
nelogic
nelson
nem
nemesis
nemo
nen
neo
neoboard
neoclassic
neocrome
neomail
neomodus
neon
neonatal
neophyte
neophytes
neosoft
neostats
neosys
neoteris
nep
nepenthe
nephew
nephews
nephp
neptune
neq
ner
nerf
neria3
nero
nerve
nerves
nervous
nervously
nervousness
nes
nesbitt
neslo
ness
nessus
nest
nested
nester
nesting
nestle
nestled
nestles
nestling
nests
net
net-snmp
net-x
net2ftp
net2phone
net2soft
net56
net_dns
netants
netapp
netappliance
netart
netatalk
netauctionhelp
netbilling
netbsd
netbula
netbus
netcabo
netcaptor
netcart
netcat
netcat_cache
netcat_dump
netcat_files
netchat
netclassifieds
netcode
netcomm
netcommons
netcomposite
netcplus
netcruiser
netegrity
netenberg
neteyes
netforensics
netg
netgear
netguest
nethack
nether
netherlands
nethome
netikus
netious
netiq
netjuke
netkit
netlink
netmailshar
netmanage
netmile
netmomsde
netnation
netobjects
netoffice
netone
netopia
netpanzer
netpbm
netpliance
netpro
netqos
netquery
netref
netrics
netris
netrix
nets
netsarang
netscape
netscout
netscreen
netsoft
netsolutions
netspell
netstat
netstats
netstatus
netstorage
netsupport
netsurf
nettbutikk
netted
nettica
netting
nettle
nettled
nettracker
nettverk
netup
netvolution
netw
netware
netwin
network
network-client
networkactiv
networked
networking
networks
netwosix
netzero
netzwerktechnik
neu
neufgiga
neufgigaphoto
neulinger
neural
neuritis
neurological
neurologists
neurology
neuron
neurons
neuroses
neurosis
neurotic
neuter
neutral
neutralities
neutrality
neutralize
neutralized
neutralizing
neutrally
neutrino
neutrinos
neutron
nev
nevada
never
nevertheless
nevis
nevrona
new
new-account-page
new-arrivals
new-blog
new-design
new-hampshire
new-home-beta
new-jersey
new-member
new-mexico
new-products
new-site
new-step-1
new-step-2
new-york
new-zealand
new1
new2
new3
new_admin
new_cars
new_design
new_folder
new_folder2
new_forms
new_images
new_img
new_layout
new_photos
new_site
new_step_1
new_step_2
new_template
new_web
new_year
newadmin
newatlanta
newattachment
newbb
newbb_plus
newblog
newbooks
newborn
newcars
newchat
newcms
newcomer
newcomers
newcourt
newcss
newdata
newdemo
newdesign
newer
newest
newfiles
newfolder
newforum
newhires
newhome
newimage
newimages
newimg
newindex
newjersey
newjs
newlayout
newletter
newlife
newlinks
newlog
newlook
newly
newlywed
newmad
newman
newmedia
newmenu
newness
newpage
newpages
newpass
newpics
newposts
newprice
newproducttags
newptip
newreply
news
news-and-events
news-archive
news-articles
news-events
news-feeds
news-reviews
news-test
news-tnk
news1
news2
news3
news4
news_and_events
news_archive
news_events
news_feeds
news_images
news_insert
news_message
news_messages
news_new
newsadmin
newsandevents
newsarchive
newsblast
newsboard
newsbruiser
newscast
newscenter
newscomp
newsearch
newsection
newsengine
newsevents
newsfeed
newsfeeds
newsfetch
newsfiles
newsflash
newsgator
newsgrab
newsgroup
newshop
newsimage
newsimages
newsinfo
newsite
newsite2
newsl
newsletter
newsletter1
newsletter2
newsletter_files
newsletter_old
newsletteradmin
newsletterez
newsletters
newsline
newsline_auto
newsline_dom
newsline_fin
newslink
newslist
newsltr
newsmail
newsman
newsmanager
newsmen
newsnow
newspaper
newspapers
newsphp
newspics
newsportal
newspost
newspro
newsreleases
newsroom
newsrss
newsscript
newsstand
newssys
newstarter
newstats
newsticker
newstore
newstraxor
newstuff
newswire
newsx
newt
newtcore
newtelligence
newtemplate
newtest
newtheme
newthread
newticket
newtip
newton
newtopic
newuser
newversion
newweb
newwebsite
newyear
newyork
newzealand
nex
nexgen
next
next_topic
nextage
nextgen-gallery
nextjump
nextstep
nextweb
nexus
ney
nez
nf
nfa
nfb
nfc
nfd
nfe
nfec
nff
nfg
nfh
nfi
nfj
nfk
nfl
nfm
nfn
nfo
nfp
nfq
nfr
nfs
nft
nfu
nfusion
nfv
nfw
nfx
nfy
nfz
ng
nga
ngb
ngc
ngd
nge
ngf
ngg
nggallery
ngh
nghenhac
ngi
ngircd
ngj
ngk
ngl
ngm
ngn
ngo
ngp
ngq
ngr
ngs
ngt
ngu
nguyen
ngv
ngw
ngx
ngy
ngz
nh
nha
nhac
nhakho
nhanvien
nhatki
nhatky
nhb
nhc
nhcm
nhd
nhe
nhf
nhg
nhh
nhi
nhj
nhk
nhl
nhm
nhn
nho
nhobe
nhp
nhq
nhr
nhs
nhsso
nht
nhu
nhv
nhw
nhx
nhy
nhz
ni
nia
niagara
nib
nibble
nibbled
nibbler
nibblers
nibbles
nibbling
nic
nicarao
nice
nicecoder
nicely
niceness
nicer
nicerspro
nicest
niche
niches
nicholas
nicht
nick
nicked
nickel
nickels
nicker
nicking
nickname
nicknamed
nicknames
nicks
nico
nicolas
nicole
nicom1
nicotine
nid
nidelven
nie
niece
nieces
niels
nieuw
nieuws
nieuwsbrief
nif
nifty
nig
nigeria
nigh
night
nightcap
nightclub
nightfall
nightgown
nightingale
nightingales
nightly
nightmare
nightmares
nightmarish
nightmedia
nights
nighttime
nih
nihilism
nihonbuyo
nihuo
nii
nij
nik
nike
niki
nikita
nikki
nikosoft
nikto
nil
nilsen
nim
nimble
nimbleness
nimbler
nimbly
nimbus
nimda
nimrod
nin
nine
ninefold
niners
nines
nineteen
nineteens
nineteenth
nineties
ninetieth
ninety
ning
ningbar
ninguno
nintendo
ninth
nio
nip
nipple
nips
niq
nir
nirvana
nirvana1
nis
nissan
nit
nita
nite
niteenterprises
niti
nitric
nitro187
nitrogen
nitrous
nitty
niu
niv
nival
nivisec
niw
nix
nixdorf
nixu
niy
niz
nj
nja
njb
njc
njd
nje
njf
njg
njh
nji
njj
njk
njl
njm
njn
njo
njp
njq
njr
njs
njstar
njt
nju
njv
njw
njx
njy
njz
nk
nk9
nka
nkaoua
nkb
nkc
nkd
nke
nkf
nkg
nkh
nki
nkj
nkk
nkl
nkm
nkn
nko
nkp
nkq
nkr
nks
nkt
nku
nkv
nkw
nkx
nky
nkz
nl
nl-be
nl-gb
nl-nl
nl_nl
nla
nlb
nlc
nld
nle
nletter
nlf
nlg
nlh
nli
nlj
nlk
nll
nlm
nln
nlo
nlp
nlq
nlr
nls
nlt
nlu
nlv
nlw
nlx
nly
nlz
nm
nma
nmanagerpro
nmb
nmc
nmd
nmdeluxe
nme
nmf
nmg
nmh
nmi
nmj
nmk
nml
nmm
nmn
nmo
nmp
nmq
nmr
nms
nmt
nmu
nmv
nmw
nmx
nmy
nmz
nn
nn-no
nna
nnb
nnc
nnd
nne
nnf
nng
nnh
nni
nnj
nnk
nnl
nnm
nnn
nno
nnovgorod
nnp
nnq
nnr
nns
nnt
nnu
nnv
nnw
nnx
nny
nnz
no
no-follow
no-gb
no-index
no-route
no-sod
no_cache
no_index
no_robots
noa
noaccess
noah
nob
nobility
nobkmark
noble
nobleman
nobleness
nobler
nobles
noblest
nobly
nobody
nobody4
nobot
nobots
nobreak
noc
nocache
nocc
noclegi-hotel
nocookie
nocrawl
nocturnal
nocturnally
nod
nod32
nodal
nodata
nodate
nodded
nodding
node
node_modules
nodes
nodez
nodezilla
nods
nodular
nodule
noe
noel
nof
noffle
noflash
nofollow
noframes
nog
noguska
noh
noi
noibo
noindex
noise
noiseless
noiselessly
noises
noisier
noisily
noisiness
noisy
noj
nojs
nok
nokia
nokia1
nokiachina
nol
nolia
nom
nomachine
nombas
nomenclature
nominal
nominally
nominate
nominated
nominating
nomination
nominations
nominative
nominee
nomura
non
non-classe
non-realurl
nonadaptive
nonbiodegradable
nonblocking
nonce
nonchalant
noncommercial
noncommunication
nonconsecutively
nonconservative
noncritical
noncyclic
nondecreasing
nondescript
nondescriptly
nondestructively
nondeterminacy
nondeterminate
nondeterminately
nondeterminism
nondeterministic
nondeterministically
none
nonempty
nonetheless
nonexistence
nonexistent
nonextensible
nonfunctional
nongovernmental
nonidempotent
noninteracting
noninterference
noninterleaved
nonintrusive
nonintuitive
noninverting
nonlinear
nonlinearities
nonlinearity
nonlinearly
nonlocal
nonmaskable
nonmathematical
nonmilitary
nonnegative
nonnegligible
nonnumerical
nonogenarian
nonorthogonal
nonorthogonality
nonperishable
nonpersistent
nonportable
nonprocedural
nonprocedurally
nonprofit
nonprogrammable
nonprogrammer
nonsegmented
nonsense
nonsensical
nonsequential
nonspecialist
nonspecialists
nonstandard
nonsynchronous
nontechnical
nonterminal
nonterminals
nonterminating
nontermination
nonthermal
nontransparent
nontrivial
nonuniform
nonuniformity
nonzero
noo
noodle
nook
nooks
noon
noonburg
noonday
noons
noontide
noontime
noose
nootoplist
nop
noq
nor
nordic
noreen
norge
norm
normal
normalcy
normality
normalization
normalize
normalized
normalizes
normalizing
normally
normals
norman
normas
normative
norms
norobot
norobots
nortel
north
north-america
north-carolina
north-dakota
northamerica
northbound
northeast
northeaster
northeastern
northerly
northern
northerner
northerners
northernly
northward
northwards
northwest
northwestern
norway
norz
nos
noscript
nose
nosearch
nosed
noses
nosing
nosotros
nospam
nospider
nosque
nostalgia
nostalgic
nostril
nostrils
not
not-found
not2crawl
not_found
nota
notable
notables
notably
notarize
notarized
notarizes
notarizing
notary
notation
notational
notations
notch
notched
notches
notching
note
notebook
notebooks
noted
notepad
notepads
notes
notest
noteworthy
notfound
nothing
nothingness
nothings
notice
noticeable
noticeably
noticed
notices
noticeware
noticia
noticias
noticies
noticing
notification
notifications
notified
notifier
notifiers
notifies
notify
notifyboard
notifying
notifylink
notimportant
noting
notion
notions
notizie
notjustbrowsing
notoriety
notorious
notoriously
notused
notwithstanding
nou
noun
nouns
nourish
nourished
nourishes
nourishing
nourishment
nous-contacter
nouveau
nouveautes
nouvelles
nov
nova
novadigm
novaimages
novedades
novel
novelist
novelists
novell
novels
novelties
novelty
noves
novetats
novgorod
novice
novices
novinki
novo
novoe
novosibirsk
novosite
novosti
now
now!
nowadays
nowhere
nox
noxious
noy
noz
nozzle
np
npa
npb
npc
npd
npds
npe
npf
npg
nph
nphp
npi
npj
npk
npl
npm
npn
npo
npp
nppbackup
npq
npr
nprotect
nps
npt
npu
npv
npw
npx
npy
npz
nq
nqa
nqb
nqc
nqcontent
nqd
nqe
nqf
nqg
nqh
nqi
nqj
nqk
nql
nqm
nqn
nqo
nqp
nqq
nqr
nqs
nqt
nqu
nqv
nqw
nqx
nqy
nqz
nr
nra
nrb
nrc
nrd
nre
nrf
nrg
nrh
nri
nrj
nrk
nrl
nrm
nrn
nro
nrp
nrq
nrr
nrs
nrt
nru
nrv
nrw
nrx
nry
nrz
ns
ns2
nsa
nsb
nsc
nscd
nsd
nse
nsearch
nsf
nsg
nsh
nsi
nsj
nsk
nsl
nsm
nsn
nso
nsp
nsq
nsr
nss
nst
nstx
nsu
nsv
nsw
nsx
nsy
nsz
nt
nt-guide
nta
ntadmin
ntb
ntc
ntd
nte
ntf
ntg
nth
nti
ntj
ntk
ntl
ntlmaps
ntm
ntmailserver
ntn
nto
ntopic
ntp
ntq
ntr
nts
ntt
ntu
ntv
ntw
ntx
nty
ntz
nu
nua
nuance
nuances
nub
nubile
nuc
nuca
nuclear
nuclei
nucleic
nucleo
nucleotide
nucleotides
nucleus
nuclide
nud
nude
nudester
nudge
nudged
nudity
nue
nuedge
nuequiz
nueva
nuevo
nuf
nufw
nug
nugget
nuh
nui
nuisance
nuisances
nuj
nuk
nuke
nukeaddon
nukebrowser
nuked-klan
nukedit
nukescripts
nukestyles
nul
null
nullary
nullbranded
nulled
nullified
nullifiers
nullifies
nullify
nullifying
nulllogic
nullmailer
nulls
nullsoft
nulo
num
numb
numbed
number
number9
numbered
numberer
numbering
numberless
numbers
numbing
numbly
numbness
numbs
numerable
numeral
numerals
numerator
numerators
numeric
numerical
numerically
numerics
numerous
numinix_version
numismatic
numismatist
nun
nunit
nuns
nuo
nuovo
nuovosito
nup
nuptial
nuq
nur
nurse
nursed
nurseries
nursery
nurses
nursing
nurture
nurtured
nurtures
nurturing
nus
nusoap
nut
nutate
nutria
nutrient
nutrition
nutrition-guide
nutritious
nuts
nutshell
nutshells
nuu
nuucp
nuv
nuw
nux
nuxeo
nuy
nuz
nuzzle
nv
nva
nvb
nvc
nvd
nve
nvf
nvg
nvh
nvi
nvidia
nvj
nvk
nvl
nvm
nvn
nvo
nvp
nvq
nvr
nvs
nvt
nvu
nvv
nvw
nvx
nvy
nvz
nw
nwa
nwb
nwc
nwd
nwe
nwf
nwg
nwh
nwi
nwj
nwk
nwl
nwm
nwn
nwo
nwp
nwq
nwr
nws
nwshp
nwt
nwu
nwv
nww
nwx
nwy
nwz
nx5
nxa
nxautomation
nxb
nxc
nxd
nxe
nxf
nxfeed
nxg
nxh
nxi
nxj
nxk
nxl
nxm
nxn
nxo
nxp
nxpgsql
nxq
nxr
nxs
nxt
nxu
nxv
nxw
nxx
nxy
nxz
ny
nya
nyb
nyc
nyd
nye
nyf
nyg
nygreen
nyh
nyheder
nyheter
nyhetsbrev
nyi
nyj
nyk
nyl
nylon
nym
nymph
nymphomania
nymphomaniac
nymphs
nyn
nyo
nyp
nyq
nyquist
nyr
nys
nyt
nytimes-partners
nyu
nyv
nyw
nyx
nyy
nyz
nz
nza
nzb
nzc
nzd
nze
nzf
nzg
nzh
nzi
nzj
nzk
nzl
nzm
nzn
nzo
nzp
nzq
nzr
nzs
nzt
nzu
nzv
nzw
nzx
nzy
nzz
o
o'callahan
o'fallon
o-kiraku
o-nas
o2
o2php
o8
oa
oa_servlets
oaa
oab
oaboard
oac
oad
oae
oaf
oag
oah
oai
oaj
oak
oaken
oaks
oal
oam
oan
oao
oap
oaq
oar
oars
oas
oases
oasis
oasyssoft
oat
oaten
oath
oaths
oatmeal
oats
oau
oauth
oav
oaw
oax
oay
oaz
ob
oba
obb
obc
obd
obdc
obe
obedience
obediences
obedient
obediently
obelisk
obese
obey
obeyed
obeying
obeys
obf
obfuscate
obfuscatory
obg
obh
obi
obidos
obits
obituaries
obituary
obiwan
obj
object
objected
objecting
objection
objectionable
objections
objective
objectively
objectives
objector
objectors
objectremove
objects
objectweb
objednavka
objednavky
objekte
objekty
obk
obl
obligated
obligation
obligations
obligatory
oblige
obliged
obliges
obliging
obligingly
oblique
obliquely
obliqueness
obliterate
obliterated
obliterates
obliterating
obliteration
oblivion
oblivious
obliviously
obliviousness
oblix
oblong
obm
obmen
obn
obnoxious
obo
oboe
obp
obq
obr
obrazky
obrazovanie
obrazy
obrir
obs
obscene
obscure
obscured
obscurely
obscurer
obscures
obscuring
obscurities
obscurity
obsequious
observable
observance
observances
observant
observation
observations
observatory
observe
observed
observer
observers
observes
observing
obsession
obsessions
obsessive
obsolescence
obsolescent
obsolete
obsoleted
obsoletes
obsoleting
obstacle
obstacles
obstinacy
obstinate
obstinately
obstruct
obstructed
obstructing
obstruction
obstructions
obstructive
obt
obtain
obtainable
obtainably
obtained
obtaining
obtains
obu
obv
obviate
obviated
obviates
obviating
obviation
obviations
obvious
obviously
obviousness
obw
obx
oby
obz
oc
oca
ocala
ocb
occ
occasion
occasional
occasionally
occasioned
occasioning
occasionings
occasions
occipital
occlude
occluded
occludes
occlusion
occlusions
occult
occupancies
occupancy
occupant
occupants
occupation
occupational
occupationally
occupations
occupied
occupier
occupies
occupy
occupying
occur
occurred
occurrence
occurrences
occurring
occurs
ocd
oce
ocean
ocean12
oceania
oceanic
oceanography
oceans
ocelot
ocen
ocf
ocg
och
oci
ocio
ocj
ock
ocl
ocm
ocn
oco
ocomon
ocp
ocportal
ocq
ocr
ocs
oct
octagon
octagonal
octahedra
octahedral
octahedron
octal
octane
octave
octaves
octet
octets
october
octogenarian
octopus
ocu
oculto
ocv
ocw
ocx
ocy
ocz
od
oda
odb
odbc
odc
odd
odder
oddest
oddities
oddity
oddly
oddness
odds
oddsock
ode
odeme
odes
odessa
odf
odfaq
odg
odh
odhlasit
odi
odious
odiously
odiousness
odium
odj
odk
odl
odm
odn
odo
odor
odorous
odorously
odorousness
odors
odp
odq
odr
odreport
ods
odt
odu
odv
odw
odx
ody
odyssey
odz
oe
oea
oeb
oec
oed
oee
oef
oeg
oeh
oei
oej
oek
oel
oem
oempro
oen
oeo
oep
oeq
oer
oes
oesterreich
oet
oeu
oev
oew
oex
oey
oez
of
ofa
ofb
ofbiz
ofc
ofd
ofe
oferta
ofertas
off
off-topic
offend
offended
offender
offenders
offending
offends
offene
offense
offenses
offensive
offensively
offensiveness
offer
offer-listing
offerdetail
offered
offerer
offerers
offering
offerings
offers
offerta
offerte
offhand
office
office-room
office2003blue
officemate
officer
officers
offices
official
officialdom
officially
officials
officiate
officio
officious
officiously
officiousness
offing
offline
offload
offre
offres
offs
offset
offsets
offsetting
offshore
offsite
offspring
ofg
ofh
ofi
oficina
ofinterest
ofis
ofj
ofk
ofl
ofm
ofn
ofo
ofp
ofq
ofr
ofs
oft
often
oftentimes
oftpd
ofu
ofv
ofw
ofx
ofy
ofz
og
oga
ogb
ogc
ogd
oge
ogf
ogg
ogh
ogi
ogj
ogk
ogl
oglasi
ogloszenia
ogm
ogn
ogo
ogone
ogopogo
ogp
ogq
ogr
ograweb
ogs
ogsys
ogt
ogu
ogv
ogw
ogx
ogy
ogz
oh
oha
ohabei
ohb
ohbaby
ohc
ohd
ohe
ohf
ohg
ohh
ohi
ohio
ohj
ohk
ohl
ohm
ohmmeter
ohn
oho
ohp
ohq
ohr
ohs
oht
ohu
ohv
ohw
ohx
ohy
ohz
oia
oib
oic
oid
oie
oif
oig
oih
oii
oij
oik
oil
oilcloth
oiled
oiler
oilers
oilier
oiliest
oiling
oils
oily
oim
oin
ointment
oio
oip
oiq
oir
ois
oit
oiu
oiv
oiw
oix
oiy
oiz
oja
ojb
ojc
ojd
oje
ojf
ojg
ojh
oji
ojj
ojk
ojl
ojm
ojn
ojo
ojp
ojq
ojr
ojs
ojt
oju
ojv
ojw
ojx
ojy
ojz
ok
oka
okay
okb
okc
okd
oke
okena
okf
okg
okh
oki
okj
okk
okl
okladki
oklahoma
okm
okn
oko
okp
okq
okqq
okr
oks
okscripts
okt
oku
okv
okw
okx
oky
okz
ol
ola
olaf
olate
olb
olc
old
old-clients
old-files
old-html
old-pages
old-site
old-website
old2
old_app_code
old_files
old_html
old_images
old_news
old_pages
old_site
old_site_files
old_stats
old_stuff
old_version
old_web
old_website
old_wp
oldblog
olden
older
oldest
oldfiles
oldforum
oldgallery
oldhtml
oldie
oldies
oldimages
oldindex
oldness
oldpages
oldroot
oldshop
oldsite
oldsite2
oldsitefiles
oldsites
oldstats
oldstore
oldstuff
oldstyle
oldweb
oldwebsite
oldwebstats
oldy
ole
oleander
oleomargarine
olf
olg
olga
olh
oli
olicom
oligarchy
olive
oliver
olives
olivetti
olivia
olivier
olj
olk
oll
ollydbg
olm
oln
olo
olp
olq
olr
ols
olt
olu
olv
olvidado
olw
olx
oly
olz
om
om-gb
oma
omaha
omail
omapps
omb
omc
omd
ome
omega
omega-rpg
omelet
omen
omens
omf
omg
omgeo
omh
omi
omicron
ominous
ominously
ominousness
omission
omissions
omit
omited
omits
omitted
omitting
omj
omk
oml
omm
omn
omni
omnibus
omnicom
omnicron
omnidirectional
omnipilot
omnipotent
omnipresent
omnis
omniscient
omnisciently
omnistar
omniture
omnivore
omo
omp
omq
omr
omron
oms
oms_track
omsagent
omsk
omt
omu
omv
omw
omx
omy
omz
on
ona
onanism
onb
onbound
onc
once
oncology
ond
ondemand
onderhoud
ondotoh
ondrej
one
one-file
one-network
oneadmin
onecenter
onedotoh
oneness
oneorzero
onepage
oneplug
onerous
ones
oneself
onestepcheckout
onetime
oneworldstore
onf
ong
ongoing
onh
oni
onion
onions
onj
onk
onl
online
online-bingo
online-bookmarks
online-dating
online-games
online-poker
online-services
online-store
online_help
onlineapp
onlinearts
onlinecatalog
onlineck
onlineforms
onlinegames
onlinehelp
onlineoffice
onlineserve
onlineservices
onlineshop
onlinestore
onlinetechtools
onlinetools
onlinetraining
onlooker
only
onlyscript
onm
onn
ono
onomisfotos
onp
onq
onr
onrush
ons
onset
onsets
onsite
onslaught
ont
ontario
onthisday
onto
ontology
ontv_highlights
onu
onus
onv
onw
onward
onwards
onx
ony
onyx
onz
oo
ooa
ooapp
oob
ooc
ood
ooe
oof
oog
ooh
ooi
ooj
ook
ool
oom
oon
ooo
oop
oops
ooq
oor
oos
oot
oou
oov
oow
oox
ooy
ooz
ooze
oozed
op
opa
opacity
opal
opals
opaque
opaquely
opaqueness
opb
opc
opcode
opd
ope
opel
open
open-account
open-realty
open-xchange
openads
openafs
openapp
openautoclassifieds
openbase
openbb
openbiblio
openbook
openbor
openbot
openbsd
openca
opencart
opencms
openconf
openconnect
opendir
opendock
opendocman
opened
openedit
openejb
openengine
opener
openers
openfaq
openfile
openfind
openforcead
openftpd
opengfs
openguestbook
openh323
openhouse
openi-cms
openid
opening
openings
openinviter
openjournal
openjpa
openldap
openlink
openly
openmosix
openmosixview
openmpt
openness
openobex
openoffice
openpgp
openphpnuke
openpkg
openradius
openrealty
opens
opensearch
opensef
openskat
openslp
opensocial
opensource
opensrs
openssh
openssl
openswan
opentext
opentools
openttd
openvmps
openvpn
openvpnadmin
openwall
openwares
openwbem
openwebmail
openwfe
openwysiwyg
openx
openx_backup
opera
opera-app
opera-db1
operable
operacio
operaciones
operand
operandi
operands
operas
operate
operated
operates
operating
operation
operational
operationally
operations
operative
operatives
operator
operatori
operators
operetta
opf
opg
oph
opi
opial
opiate
opieftpd
opinion
opiniones
opinioni
opinions
opium
opj
opk
opl
oplata
opm
opmanager
opml
opn
opnet
opo
opodo
opossum
opp
opponent
opponents
opportune
opportunely
opportunism
opportunistic
opportunities
opportunity
opposable
oppose
opposed
opposes
opposing
opposite
oppositely
oppositeness
opposites
opposition
oppress
oppressed
oppresses
oppressing
oppression
oppressive
oppressor
oppressors
opprobrium
opq
opr
oprocmgr-status
oprofile
opros
ops
opsware
opt
opt-out
opt-x
opted
opthalmic
opti3
optic
optical
optically
optician-online
optics
optik
optilink
optima
optimal
optimality
optimally
optimism
optimist
optimistic
optimistically
optimization
optimizations
optimize
optimized
optimizer
optimizers
optimizes
optimizing
optimum
optimumonline
optin
optin_info
opting
option
option_id
optional
optionally
options
optisoft
optispider
optoacoustic
optometrist
optometry
optout
opts
opu
opulence
opulent
opus
opv
opw
opx
opy
opz
oqa
oqb
oqc
oqd
oqe
oqf
oqg
oqh
oqi
oqj
oqk
oql
oqm
oqn
oqo
oqp
oqq
oqr
oqs
oqt
oqu
oqv
oqw
oqx
oqy
oqz
or
ora
oracl
oracle
oracles
oradata
oral
orally
orange
oranges
orangutan
oration
orations
orator
oratories
orators
oratory
oray
orb
orbit
orbital
orbitally
orbited
orbiter
orbiters
orbiting
orbits
orbitscripts
orbiz
orc
orca
orchard
orchards
orchestra
orchestral
orchestras
orchestrate
orchid
orchids
orcutt
ord
ordain
ordained
ordaining
ordains
ordb
ordeal
order
order-detail
order-error
order-follow
order-form
order-history
order-opc
order-return
order-slip
order-status
order-track
order1
order2
order_form
order_forms
order_history
order_status
orderby
ordercalculate
orderdata
orderdownloads
ordered
orderfinished
orderform
orderforms
orderhist
orderhistory
orderinfo
ordering
orderings
orderitemadd
orderitemdisplay
orderlies
orderly
ordermail
ordermanagement
ordernow
orderokview
orderprocesscmd
orders
orderstatus
ordertotal
ordertracking
orderzone
ordinal
ordinance
ordinances
ordinarily
ordinariness
ordinary
ordinate
ordinates
ordination
ordini
ordner
ore
oregano
oregon
oreilly
oreka
orel
orenburg
orenosv
ores
orf
org
organ
organic
organicphp
organisation
organisations
organism
organisms
organist
organists
organitzacions
organizable
organizacion
organizaciones
organization
organizational
organizationally
organizations
organize
organized
organizer
organizers
organizes
organizing
organs
orgasm
orgiastic
orgies
orgs
orgy
orh
ori
oria
orientation
orientations
oriented
orienting
orients
orifice
orifices
orig
orig_pages
origimages
origin
original
originality
originally
originals
originate
originated
originates
originating
origination
originator
originators
origins
origo
orinoco
oriole
orion
orion*
orj
orjinweb
ork
orkut
orl
orlando
orm
orn
orn2
ornament
ornamental
ornamentally
ornamentation
ornamented
ornamenting
ornaments
ornate
ornery
oro
orp
orphan
orphanage
orphaned
orphaned_images
orphans
orphus
orplex
orq
orr
ors
orsyp
ort
orthant
ortho
orthodontist
orthodox
orthodoxy
orthogonal
orthogonality
orthogonally
orthopedic
oru
orv
orville-write
orw
orwell
orx
ory
orz
os
os2
os4e
osa
osads
osaka
osb
osc
oscar
oscillate
oscillated
oscillates
oscillating
oscillation
oscillations
oscillator
oscillators
oscillatory
oscilloscope
oscilloscopes
oscommerce
osd
ose
osesecurity
osf
osg
osh
osi
osiris
osj
osk
oskin
osl
osm
osmosis
osmotic
osn
oso
osp
osq
osr
oss
ossify
ossim
ossp
ost
oste
ostensible
ostensibly
ostentatious
osteopath
osteopathic
osteopathy
osteoporosis
osticket
ostracism
ostrich
ostriches
osu
osv
osw
oswiki
osx
osy
osz
ot
ota
otb
otc
otd
ote
otf
otg
oth
other
other-resources
other_images
others
othersites
otherwise
otherworldly
oti
otj
otk
otl
otm
otn
oto
otp
otq
otr
otros
otrs
ots
otscms
ott
ottawa
otter
otters
otterware
otto
ottoman
otu
otv
otw
otx
oty
otz
otziv
otzyvy
ou
ou812
oua
oub
ouc
ouch
oud
oue
ouf
oug
ought
ouh
oui
ouj
ouk
oul
oum
oun
ounce
ounces
ouo
oup
ouq
our
our-blog
our-company
our_company
ourappprocess
ourbusiness
ours
ourself
ourselves
ourtechnology
ous
oust
out
out-of-date
out-run
out100
out2
outage
outblaze
outbound
outbound-article
outbreak
outbreaks
outburst
outbursts
outcast
outcasts
outcome
outcomes
outcries
outcry
outdated
outdo
outdoor
outdoors
outer
outermost
outfit
outfits
outfitted
outframe
outfront
outgoing
outgrew
outgrow
outgrowing
outgrown
outgrows
outgrowth
outgun
outils
outing
outlandish
outlast
outlasts
outlaw
outlawed
outlawing
outlaws
outlay
outlays
outlet
outlets
outline
outlined
outlines
outlining
outlink
outlive
outlived
outlives
outliving
outlook
outlying
outnumbered
outofbox
outperform
outperformed
outperforming
outperforms
outpost
outposts
output
outputs
outputting
outrage
outraged
outrageous
outrageously
outrages
outreach
outright
outros
outrun
outruns
outs
outset
outside
outsider
outsiders
outskirts
outsource
outstanding
outstandingly
outstart
outstretched
outstrip
outstripped
outstripping
outstrips
outvote
outvoted
outvotes
outvoting
outward
outwardly
outweigh
outweighed
outweighing
outweighs
outwit
outwits
outwitted
outwitting
ouu
ouv
ouw
oux
ouy
ouz
ov
ova
oval
ovals
ovaries
ovary
ovation
ovb
ovbb
ovc
ovd
ove
oven
ovens
over
overall
overalls
overboard
overcame
overcoat
overcoats
overcome
overcomes
overcoming
overcrowd
overcrowded
overcrowding
overcrowds
overdone
overdose
overdraft
overdrafts
overdue
overemphasis
overemphasized
overestimate
overestimated
overestimates
overestimating
overestimation
overflow
overflowed
overflowing
overflows
overground
overgrown
overhang
overhanging
overhangs
overhaul
overhauling
overhead
overheads
overhear
overheard
overhearing
overhears
overjoy
overjoyed
overkill
overland
overlap
overlapped
overlapping
overlaps
overlay
overlaying
overlays
overlib
overload
overloaded
overloading
overloads
overlook
overlooked
overlooking
overlooks
overly
overnet
overnight
overnighter
overnighters
overpower
overpowered
overpowering
overpowers
overprint
overprinted
overprinting
overprints
overproduction
overridden
override
overrides
overriding
overrode
overrule
overruled
overrules
overrun
overrunning
overruns
overseas
oversee
overseeing
overseer
overseers
oversees
overshadow
overshadowed
overshadowing
overshadows
overshoot
overshot
oversight
oversights
oversikt
oversimplified
oversimplifies
oversimplify
oversimplifying
oversized
overstate
overstated
overstatement
overstatements
overstates
overstating
overstocks
oversubscribed
overt
overtake
overtaken
overtaker
overtakers
overtakes
overtaking
overthrew
overthrow
overthrown
overtime
overtly
overtone
overtones
overtook
overture
overtures
overturn
overturned
overturning
overturns
overuse
overview
overviews
overwhelm
overwhelmed
overwhelming
overwhelmingly
overwhelms
overwork
overworked
overworking
overworks
overwrite
overwrites
overwriting
overwritten
overzealous
ovf
ovg
ovh
ovi
ovidentia
ovj
ovk
ovl
ovm
ovn
ovo
ovp
ovq
ovr
ovs
ovt
ovu
ovv
ovw
ovx
ovy
ovz
ow
owa
owasp
owb
owc
owd
owe
owed
owes
owf
owg
owh
owi
owing
owj
owk
owl
owls
owm
own
owned
owner
ownernet
owners
ownership
ownerships
owning
owns
owo
owp
owq
owr
ows
ows-bin
owt
owu
owv
oww
owx
owy
owz
ox
oxa
oxb
oxc
oxd
oxdf
oxe
oxen
oxf
oxford
oxg
oxh
oxi
oxide
oxides
oxidize
oxidized
oxj
oxk
oxl
oxm
oxn
oxo
oxp
oxpus
oxq
oxr
oxs
oxt
oxu
oxv
oxw
oxx
oxy
oxygen
oxynews
oxz
oy
oya
oyb
oyc
oyd
oye
oyf
oyg
oyh
oyi
oyj
oyk
oyl
oym
oyn
oyo
oyp
oyq
oyr
oys
oyster
oysters
oyt
oyu
oyun
oyunlar
oyv
oyw
oyx
oyy
oyz
oz
oza
ozb
ozc
ozd
oze
ozf
ozg
ozh
ozi
ozj
ozjournals
ozk
ozl
ozm
ozn
ozo
ozone
ozp
ozq
ozr
ozs
ozt
ozu
ozv
ozw
ozx
ozy
ozz
ozzywork
p
p-news
p1
p10
p13
p15
p2
p2p
p3
p3p
p4db
p5
p7
p7ap
p7apm
p7csslm
p7epm
p7exp
p7hgm
p7lsm
p7mbm
p7pm
p7pmm
p7ssm
p7tbm
p7tm
p7tmm
p7tp
p7vscroller
p_getfreesim
pa
paa
pab
pablo
pac
pace
paced
pacemaker
pacer
pacers
paces
pacific
pacification
pacified
pacifier
pacifies
pacifism
pacifist
pacify
pacing
pack
pack-classic-50
pack-eco-100
package
package3
packaged
packager
packagers
packages
packaging
packagings
packard
packed
packer
packers
packet
packeteer
packets
packing
packs
pacosdrivers
pacotes
pact
pacts
pad
padded
paddelberg
padding
paddle
paddock
paddy
padfiles
padinfo
padl
padlock
padmin
pads
pae
paessler
paf
pafiledb
pag
pagamento
pagan
pagans
page
page-1
page-2
page-not-found
page1
page2
page_
page_1
page_2
page_3
page_4
page_cart
page_content
page_customer
page_images
page_includes
page_not_found
page_product
page_sample1
page_templates
pagead
pageant
pageantry
pageants
paged
pagedata
pagedown
pageear
pagefiles
pageflip
pageid
pageimg
pageindex
pagemodules
pagenotfound
pagepeel
pager
pagerank
pagers
pages
pagesize
pagestats
pagetemplates
pageup
pagina
paginas
paginate
paginated
paginates
paginating
pagination
pagine
pagines
paging
pagoda
pagos
pah
pai
paid
paiement
pail
pails
pain
pained
painel
painful
painfully
painless
pains
painstaking
painstakingly
paint
paintbbs
painted
painter
painters
painting
paintings
paints
pair
paired
pairing
pairings
pairs
pairwise
paj
pajama
pajamas
pajax
pak
pakistan
pal
palabra
palace
palaces
palate
palates
palau
palaute
pale
paled
palely
paleness
paler
pales
palest
palfrey
palindrome
palindromic
paling
pall
palladium
palliate
palliative
pallid
palm
palmed
palmer
palming
palmius
palmo
palms
palmvnc
palpable
pals
palsy
paltalk
pam
pam_mysql
pam_smb
pam_xauth
pamela
pamper
pampers
pampers1
pampersuk
pamphlet
pamphlets
pan
panacea
panaceas
panama
panasonic
pancake
pancakes
panda
pandas
pandemic
pandemonium
pander
pandora
pane
panel
panel-administracion
panel_aviso
panelc
paneldecontrol
paneled
paneling
panelist
panelists
panels
panes
pang
pangora
pangs
panic
panicked
panicking
panicky
panics
panier
panned
pannello
panning
pano
panorama
panoramas
panoramic
pans
panscient
pansies
pansy
pant
panted
pantera
pantheism
pantheist
pantheon
panther
panthers
panties
panting
pantomime
pantries
pantry
pants
panty
pantyhose
pao
pap
papa
papal
papaya
pape
paper
paperback
paperbacks
papered
paperer
paperers
papering
paperings
papers
paperthin
paperweight
paperwork
papigator
papirkurv
papoo
papoose
papyrus
paq
par
para
parabola
parabolic
paraboloid
paraboloidal
parachat
parachute
parachuted
parachutes
parade
paraded
parades
paradigm
paradigms
parading
paradise
paradox
paradoxes
paradoxical
paradoxically
paradyne
paraffin
paragon
paragons
paragraph
paragraphing
paragraphs
parakeet
parallax
parallel
paralleled
paralleling
parallelism
parallelize
parallelized
parallelizes
parallelizing
parallelogram
parallelograms
parallels
paralysis
paralyze
paralyzed
paralyzes
paralyzing
param
parameter
parameterizable
parameterization
parameterizations
parameterize
parameterized
parameterizes
parameterizing
parameterless
parameters
parametric
parametrized
paramilitary
paramount
params
paranoia
paranoiac
paranoid
paranormal
parapet
parapets
paraphernalia
paraphrase
paraphrased
paraphrases
paraphrasing
parapsychology
parasite
parasites
parasitic
parasitics
parasol
parboil
parceiro
parceiros
parcel
parceled
parceling
parcels
parceria
parch
parched
parchment
pardon
pardonable
pardonably
pardoned
pardoner
pardoners
pardoning
pardons
pare
paregoric
parent
parentage
parental
parentheses
parenthesis
parenthesized
parenthesizes
parenthesizing
parenthetic
parenthetical
parenthetically
parenthood
parenting
parents
pares
parfum
pariah
parimutuel
paring
parings
paris
parish
parishes
parishioner
parity
park
parked
parker
parkers
parkersoft
parking
parking-reservation
parkingpay
parkland
parklike
parks
parkway
parlano
parlay
parley
parliament
parliamentarian
parliamentary
parliaments
parlor
parlors
parochial
parody
parole
paroled
paroles
paroling
paros
parried
parrot
parroting
parrots
parry
pars
parse
parsed
parser
parsers
parses
parsimony
parsing
parsings
parsley
parson
part
partage
partake
partaker
partakes
partaking
parted
partenaire
partenaires
partenariat
parteneri
parter
parters
partes
partial
partiality
partially
partials
participant
participants
participate
participated
participates
participating
participation
participle
particle
particles
particular
particularly
particulars
particulate
particulier
parties
parting
partings
partisan
partisans
partition
partitioned
partitioning
partitions
partly
partner
partnerbereich
partnered
partnerportal
partnerprogramm
partners
partnership
partnerships
partook
partridge
partridges
parts
party
partysip
pas
pas1
pasadena
pascal
pascalau
paso
paspup
pass
passage
passages
passageway
passat
passe
passed
passenger
passengers
passer
passers
passes
passgo
passing
passion
passionate
passionately
passions
passivate
passive
passively
passiveness
passivity
passlogd
passport
passports
passw
passwd
passwor
password
password_resets
passwordrecovery
passwords
past
pasta
paste
pastebin
pasted
pastel
pastes
pastime
pastimes
pasting
pastness
pastor
pastoral
pastors
pastry
pasts
pasture
pastures
pat
patch
patched
patches
patching
patchlink
patchwork
patchy
pate
paten
patent
patentable
patented
patenter
patenters
patenting
patently
patents
paternal
paternally
paternoster
path
pathetic
pathfinder
pathname
pathnames
pathogen
pathogenesis
pathological
pathology
pathos
paths
pathway
pathways
patience
patient
patiently
patients
patina
patio
patriarch
patriarchal
patriarchs
patriarchy
patricia
patrician
patricians
patrick
patrimoine
patrimonial
patrimonio
patrimony
patriot
patriotic
patriotism
patriots
patrol
patrolled
patrolling
patrolman
patrolmen
patrols
patron
patronage
patronet
patronize
patronized
patronizes
patronizing
patrons
pats
patter
pattered
pattering
patterings
pattern
patterned
patterning
patterns
patters
patties
patty
pau
paucity
paul
paula
paunch
paunchy
pauper
pause
paused
pauses
pausing
pav
pave
paved
pavement
pavements
paves
pavilion
pavilions
paving
pavsta
pavuk
paw
pawing
pawlowski
pawn
pawns
pawnshop
paws
pax
pay
payable
payapi
paybox
paycheck
paychecks
payed
payer
payers
payformance
payfororder
paygate
paying
payline
payment
payment2
payment_gateway
paymentapi
payments
payoff
payoffs
payonline
paypal
paypal_notify
paypalcancel
paypalexpress
paypalipn
paypalok
paypalproduct
payroll
pays
paz
pb
pb-admin
pba
pbb
pbc
pbc_download
pbcs
pbcsad
pbcsi
pbd
pbe
pbf
pbg
pbh
pbi
pbj
pbk
pbl
pblang
pblog
pbm
pbmadmin
pbn
pbo
pbook
pbp
pbq
pbr
pbs
pbt
pbu
pbv
pbw
pbx
pby
pbz
pc
pc-experience
pca
pcadmin
pcal
pcap
pcapng
pcb
pcc
pccs-linux
pcd
pce
pcf
pcg
pcgi
pcgi-bin
pch
pci
pcj
pck
pcl
pcm
pcn
pco
pcolor
pconf
pcp
pcpin
pcq
pcr
pcre
pcs
pct
pcu
pcv
pcw
pcworld
pcx
pcy
pcz
pd
pd4
pd9
pda
pdb
pdc
pdd
pde
pdf
pdf-invoice
pdf-order-slip
pdf_cache
pdf_docs
pdf_extract
pdf_file
pdf_files
pdfdirectory
pdfdocs
pdfdownload
pdfdownloads
pdfexport
pdffiles
pdfgen
pdfgenerator
pdflib
pdfmagazine
pdfs
pdftohtml
pdg
pdgcommtemplates
pdgimages
pdgsoft
pdgtemplates
pdh
pdi
pdj
pdjk-support
pdk
pdl
pdm
pdn
pdnsd
pdo
pdp
pdq
pdr
pds
pdt
pdu
pdv
pdw
pdx
pdy
pdz
pe
pea
peace
peaceable
peaceful
peacefully
peacefulness
peacetime
peaceworks
peach
peaches
peachtree
peacock
peacocks
peak
peaked
peaks
peal
pealed
pealing
peals
peanut
peanuts
pear
pearl
pearlabs
pearlinger
pearljam
pearls
pearly
pears
peas
peasant
peasantry
peasants
peat
peb
pebble
pebbles
pec
peccary
peck
pecked
pecking
pecks
pectoral
peculiar
peculiarities
peculiarity
peculiarly
pecuniary
ped
pedagogic
pedagogical
pedagogically
pedagogy
pedal
pedant
pedantic
pedantry
peddle
peddler
peddlers
pedestal
pedestrian
pedestrians
pediatric
pediatrician
pediatrics
pedido
pedidos
pedigree
pedro
pee
peek
peeked
peeking
peeks
peel
peeled
peeling
peels
peep
peeped
peeper
peephole
peeping
peeps
peer
peercast
peered
peerftp_5
peering
peerless
peers
peewee
pef
peg
pegasi
pegasus
pegboard
peggy
pegs
peh
pehepe
pei
peid
pej
pejorative
pek
pel
pelesoft
pelican
peliculas
pellagra
pelt
pelting
pelts
pelvic
pelvis
pem
pen
penal
penalize
penalized
penalizes
penalizing
penalties
penalty
penance
pence
penchant
pencil
penciled
pencils
pend
pendant
pended
pending
pends
pendulum
pendulums
penelope
penetrable
penetrate
penetrated
penetrates
penetrating
penetratingly
penetration
penetrations
penetrative
penetrator
penetrators
penguin
penguins
penicillin
peninsula
peninsulas
penis
penises
penitent
penitentiary
penned
pennies
penniless
penning
pennsylvania
penny
pens
pensacola
pension
pensioner
pensions
pensive
pent
pentagon
pentagons
pentecostal
penthouse
pentium
penultimate
penumbra
penza
peo
peony
people
peopled
peopleobjects
peoples
peoplesoft
peoria
pep
pepimk
pepper
peppered
peppering
peppermint
pepperoni
peppers
peppery
peppy
pepsi
peptide
peq
pequet
per
perceivable
perceivably
perceive
perceived
perceiver
perceivers
perceives
perceiving
percent
percentage
percentages
percentile
percentiles
percents
perceptible
perceptibly
perception
perceptions
perceptive
perceptively
perceptual
perceptually
perch
perchance
perched
perches
perching
percolate
percussion
percutaneous
percy
perdition
peregrine
peremptory
perennial
perennially
perf
perfect
perfected
perfectible
perfecting
perfection
perfectionist
perfectionists
perfectly
perfectnav
perfectness
perfects
perfil
perfiles
perforce
perform
performance
performances
performed
performer
performers
performing
performs
perfume
perfumed
perfumes
perfuming
perfunctory
perhaps
perihelion
peril
perilous
perilously
perils
perimeter
period
periodic
periodical
periodically
periodicals
periods
peripheral
peripherally
peripherals
peripheries
periphery
periscope
perish
perishable
perishables
perished
perisher
perishers
perishes
perishing
perjure
perjury
perk
perky
perl
perl-bin
perl-httpd
perl-mailtools
perl5
perl5porters
perlblog
perlbot
perlcoders
perldesk
perlpodder
perm
permalink
perman
permanence
permanent
permanently
permeable
permeate
permeated
permeates
permeating
permeation
permissibility
permissible
permissibly
permission
permissions
permissive
permissively
permit
permits
permitted
permitting
permutation
permutations
permute
permuted
permutes
permuting
pernicious
peroxide
perpendicular
perpendicularly
perpendiculars
perpetrate
perpetrated
perpetrates
perpetrating
perpetration
perpetrations
perpetrator
perpetrators
perpetual
perpetually
perpetuate
perpetuated
perpetuates
perpetuating
perpetuation
perpetuity
perplex
perplexed
perplexing
perplexity
perry
pers
persecute
persecuted
persecutes
persecuting
persecution
persecutor
persecutors
perseverance
persevere
persevered
perseveres
persevering
pershing
persianblog
persimmon
persist
persisted
persistence
persistent
persistently
persisting
persists
persits
perso
person
persona
personage
personages
personal
personal-ads
personales
personalities
personality
personalization
personalize
personalized
personalizes
personalizing
personallibrary
personally
personals
personas
personification
personified
personifies
personify
personifying
personnel
personneltoday
persons
persoonlijk
perspective
perspectives
perspicuous
perspicuously
perspiration
perspire
persson
persuadable
persuade
persuaded
persuader
persuaders
persuades
persuading
persuasion
persuasions
persuasive
persuasively
persuasiveness
pertain
pertained
pertaining
pertains
pertinent
perturb
perturbation
perturbations
perturbed
peru
perusal
peruse
perused
peruser
perusers
peruses
perusing
pervade
pervaded
pervades
pervading
pervasive
pervasively
perversion
pervert
perverted
perverts
pes
pesquisa
pessimism
pessimist
pessimistic
pest
pestana
pestanya
pestanyes
pester
pesticide
pestilence
pestilent
pests
pet
petal
petals
pete
peter
peter's
petersen
peterson
petey
petites-annonces
petition
petitioned
petitioner
petitioning
petitions
petri
petris
petroleum
pets
petted
petter
petters
petticoat
petticoats
pettiness
petting
petty
petulance
petulant
petunia
peu
pev
pew
pews
pewter
pex
pey
pez
pf
pfa
pfb
pfc
pfd
pfe
pff
pfg
pfh
pfi
pfinger
pfizer
pfj
pfk
pfl
pflege
pfm
pfn
pfo
pfp
pfp_cert
pfq
pfr
pfs
pft
pftpl
pfu
pfv
pfw
pfx
pfy
pfz
pg
pga
pgadmin
pgb
pgc
pgd
pgdcode
pge
pgf
pgg
pgh
pgi
pgj
pgk
pgl
pgm
pgn
pgo
pgosd
pgp
pgpi
pgpmail
pgq
pgr
pgrefresh
pgs
pgsql
pgt
pgtres
pgu
pgv
pgw
pgx
pgy
pgz
ph
pha
phanmem
phantom
phantoms
phaos
phar
pharma
pharmaceutic
pharmacist
pharmacology
pharmacopoeia
pharmacy
phase
phase2
phased
phaser
phasers
phases
phasing
phaziz
phb
phc
phd
phe
pheap
pheasant
pheasants
phenomena
phenomenal
phenomenally
phenomenological
phenomenologically
phenomenologies
phenomenology
phenomenon
phf
phg
phh
phi
phil
phil's
philadelphia
philanthropy
philboard
philharmonic
philip
philippines
philips
phillips
philosopher
philosophers
philosophic
philosophical
philosophically
philosophies
philosophize
philosophized
philosophizer
philosophizers
philosophizes
philosophizing
philosophy
phim
phish
phisher
phishing
phj
phk
phl
phlymail
phm
phmicroboard
phn
phnntp
pho
phocadownload
phocagallery
phocamapskml
phoenix
phoenix1
phoetux
phome
phone
phonebook
phoned
phoneme
phonemes
phonemic
phones
phones4u
phoneshopping
phonetic
phonetics
phoning
phonograph
phonographs
phony
phorm
phorum
phorum5
phosgene
phosphate
phosphates
phosphor
phosphorescent
phosphoric
phosphorus
phothong
photo
photo-adverts
photo-gallery
photo_album
photo_archive
photo_gallery
photoaday
photoads
photoalbum
photoalbums
photobank
photoblog
photocart
photocontest
photocopied
photocopier
photocopiers
photocopies
photocopy
photocopying
photodetails
photodiode
photodiodes
photogal
photogallery
photogenic
photogra
photograph
photographed
photographer
photographers
photographic
photographing
photographs
photography
photoimages
photokorn
photon
photoplog
photopost
photoreport
photos
photos2
photosearch
photosensitive
photoshop
photostore
phototour
phototypesetter
phototypesetters
php
php-address
php-agtc
php-auction
php-banner
php-bin
php-blogger
php-board
php-calendar
php-cgi
php-coolfile
php-designx
php-fusion
php-gastebuch
php-inc
php-includes
php-lib
php-mysql
php-nuke
php-nusoap
php-ofc-library
php-post
php-proxima
php-residence
php-sdk
php-stats
php-survey
php-sys
php-uploads
php-wiki
php121
php168
php2
php3
php4
php4scripte
php5
php6
php7
phpBB
phpBB2
phpBB3
phpEventCalendar
phpMyAdmin
phpMyAdmin2
phpSQLiteAdmin
php_files
php_inc
php_include
php_includes
php_interface
php_lib
php_news
php_paypal
php_scripts
php_speedy
php_test
php_uploads
phpad
phpadm
phpadmin
phpads
phpadsnew
phpalbum
phpamx
phpanyvote
phparcadescript
phpatm
phpauction
phpay
phpbay
phpbb
phpbb-arcade
phpbb-auction
phpbb-es
phpbb-portal
phpbb1
phpbb2
phpbb3
phpbb_seo
phpbbmod
phpbbxs
phpbluedragon
phpbook
phpbookingcalendar
phpbugtracker
phpburningportal
phpcache
phpcafe
phpcalendar
phpcaptcha
phpcart
phpcc
phpchamber
phpclanwebsite
phpclassifieds
phpcms
phpcode
phpcodecabinet
phpcodegenerator
phpcodegenie
phpcoin
phpcollab
phpcomasy
phpcommunitycalendar
phpcounter
phpdig
phpdoc
phpdocumentor
phpecard
phpedit
phpee
phpesp
phpeventcalendar
phpexcelreader
phpfaber
phpfileexchange
phpfiles
phpfinance
phpfm
phpform
phpformgen
phpformgenerator
phpformmail
phpforms
phpforscript
phpforum
phpfreenews
phpfullannu
phpgacl
phpgb
phpgedview
phpgraphy
phpgreetz
phpgroupware
phpguestbook
phpheaven
phpicalendar
phpids
phpinc
phpinclude
phpincludes
phpinfo
phpinfos
phpix
phpjobscheduler
phpjournaler
phpkit
phpld
phpldapadmin
phplib
phplibre
phplinkat
phplinks
phplist
phplister
phplite
phplive
phplivehelper
phplldapadmin
phplogin
phplot
phpma
phpmail
phpmailer
phpmaillist
phpmanual
phpmv
phpmv2
phpmy
phpmyadmin
phpmyadmin2
phpmyadmin3
phpmyagenda
phpmybackuppro
phpmybibli
phpmychat
phpmydesktop|arcade
phpmydirectory
phpmyexplorer
phpmyfamily
phpmyfaq
phpmyforum
phpmymanga
phpmynews
phpmynewsletter
phpmyprofiler
phpmypub
phpmyreport
phpmyring
phpmysms
phpmysql
phpmyvisites
phpmywebhosting
phpmywebmin
phpnavi
phpnavigator
phpnettoolpack
phpnews
phpnuke
phpnuke-clan
phpodp
phponline
phpopenchat
phpopentracker
phpoto
phpoutsourcing
phppageprotect
phppass
phppgadmin
phppgads
phpping
phppost
phpprintanalyzer
phpprog
phpprojekt
phpq
phpqjr
phpqladmin
phpquiz
phpraid
phprank
phprecipebook
phprofession
phprog
phprojekt
phproxy
phprpc
phprusearch
phps
phpsavant
phpscheduleit
phpscripts
phpsearch_files
phpsecinfo
phpsecurepages
phpsecuresite
phpselect
phpsessid
phpsftpd
phpshare
phpshield
phpshop
phpsimplechoose
phpsimplicity
phpsitemap
phpsitemapng
phpsitesearch
phpsitestats
phpslash
phpsmssend
phpsource
phpsso_server
phpstat
phpstats
phpsurveyor
phpsysinfo
phptagcool
phptb
phptell
phptest
phpthumb
phptmp
phpunity
phpwcms
phpweather
phpwebftp
phpwebgallery
phpwebnotes
phpwebsite
phpwebstatistik
phpwebthings
phpwiki
phpwind
phpwishlist
phpwordpress
phpwsbb
phpwscontacts
phpx
phpxmail
phpxmlrpc
phpxplorer
phpyellow
phq
phr
phrase
phrased
phraseology
phrases
phrasing
phrasings
phrozensmoke
phs
pht
phtml
phu
phv
phw
phx
phy
phyla
phylum
physic
physical
physically
physicalness
physicals
physician
physicians
physicist
physicists
physics
physio
physiological
physiologically
physiology
physiotherapist
physiotherapy
physique
phystech
phytoplankton
phz
pi
pi-soft
pi3
pia
pianist
piano
pianos
pib
pic
pic1
pic2
pica
pical
picas
picasm
picasso
picayune
piccolo
pick
pickaxe
picked
picker
pickers
picket
picketed
picketer
picketers
picketing
pickets
picking
pickings
pickle
pickled
pickles
pickling
picks
pickup
pickups
picky
picnic
picnicked
picnicking
picnics
pico
picofarad
picojoule
picophone
picosecond
picozip
picpost
pics
pics2
pict
pictorial
pictorially
pictos
picts
picture
picture-click
picture-library
picture_library
picturecomment
pictured
picturedis
pictures
picturesque
picturesqueness
picturing
pid
piddle
pidgin
pie
pie0
pie1
pie2
pie3
pie4
pie5
pie6
pie7
pie8
piece
pieced
piecemeal
pieces
piecewise
piecing
pier
pierce
pierced
pierces
piercing
pierre
piers
pies
pieterpost
piety
piezoelectric
pif
pifou
pig
pigeon
pigeonhole
pigeons
piggish
piggy
piggyback
piggybacked
piggybacking
piggybacks
piglet
pigment
pigmentation
pigmented
pigments
pigpen
pigs
pigskin
pigtail
pih
pii
pij
pik
pike
piker
pikes
pil
pile
piled
pilers
piles
pilfer
pilferage
pilgrim
pilgrimage
pilgrimages
pilgrims
piling
pilings
pill
pillage
pillaged
pillar
pillared
pillars
pillory
pillow
pillows
pills
pilot
piloting
pilots
pim
pimages
pimentech
pimg
pimp
pimple
pimppa
pin
pinafore
pinball
pinboard
pinch
pinched
pinches
pinching
pincushion
pine
pineapple
pineapples
pined
pines
ping
pingback
pingit
pinglun
pingtel
pinhead
pinhole
pining
pinion
pink
pinker
pinkest
pinkfloy
pinkie
pinkish
pinkly
pinkness
pinks
pinnacle
pinnacles
pinned
pinning
pinnings
pinochle
pinpoint
pinpointing
pinpoints
pins
pinscher
pint
pinto
pints
pinwheel
pio
piolet
pion
pioneer
pioneered
pioneering
pioneers
pious
piously
pip
pipe
piped
pipeline
pipelined
pipelines
pipelining
pipermail
pipers
pipes
pipette
piping
piq
pique
pir
piracy
piranha
pirate
pirates
pirch
pis
pisces
pisces-horoscope
pisg
piss
pistachio
pistil
pistils
pistol
pistols
piston
pistons
pit
pitch
pitched
pitcher
pitchers
pitches
pitchfork
pitching
piteous
piteously
piter
pitfall
pitfalls
pith
pithed
pithes
pithier
pithiest
pithiness
pithing
pithy
pitiable
pitied
pitier
pitiers
pities
pitiful
pitifully
pitiless
pitilessly
pitney
pits
pitted
pittsburgh
pituitary
pity
pitying
pityingly
piu
piv
pivot
pivotal
pivoting
pivots
piw
piwi
piwik
pix
pixaria
pixel
pixelpost
pixels
pixifoto
pixifotouk
pixysoft
piy
piz
pizza
pj
pja
pjb
pjb_ui
pjc
pjd
pje
pjf
pjg
pjh
pji
pjimages
pjirc
pjj
pjk
pjl
pjm
pjn
pjo
pjp
pjq
pjr
pjs
pjt
pju
pjv
pjw
pjx
pjy
pjz
pk
pka
pkb
pkc
pkcrew
pkd
pke
pkf
pkg
pkginfo
pkgs
pkh
pki
pkinc
pkj
pkk
pkl
pkm
pkn
pko
pkp
pkq
pkr
pks
pkt
pku
pkv
pkw
pkware
pkx
pky
pkz
pl
pl-gb
pla
placard
placards
placate
place
placead
placebo
placed
placeholder
placement
placements
placenta
placental
placeorder
placer
places
placid
placidly
placing
plagiarism
plagiarist
plague
plagued
plagues
plaguing
plaid
plaids
plain
plain]
plainer
plainest
plainly
plainness
plains
plaintext
plaintexts
plaintiff
plaintiffs
plaintive
plaintively
plaintiveness
plait
plaits
plan
planar
planarity
plane
planed
planeload
planer
planers
planes
planet
planetaria
planetarium
planetary
planetdns
planetesimal
planetinsanity
planetluc
planetmoon
planetoid
planets
planing
planitia
plank
planking
planks
plankton
planned
plannedgiving
planner
planners
planning
plano
planoconcave
planoconvex
plans
plant
plantation
plantations
planted
planter
planters
plantilla
plantilla_freya
plantillas
planting
plantings
plants
plaque
plarson
plasma
plaster
plastered
plasterer
plastering
plasters
plastic
plasticity
plastics
plate
plateau
plateaus
plated
platelet
platelets
platen
platens
plates
platform
platforms
plating
platinum
platinumftp
platitude
plato
platonic
platoon
platter
platters
platz_login
plausibility
plausible
play
play-bet-and-win
playable
playback
playboy
playdata
played
player
players
playful
playfully
playfulness
playgame
playground
playgrounds
playhouse
playing
playlist
playlists
playlogic
playmate
playmates
playmidi
playnow
playoff
playpen
playroom
plays
playsms
plaything
playthings
playtime
playwright
playwrights
playwriting
plaza
plazagarden
plb
plc
pld
pldaniels
ple
plea
plead
pleaded
pleader
pleading
pleads
pleas
pleasant
pleasantly
pleasantness
please
pleased
pleases
pleasing
pleasingly
pleasure
pleasures
pleat
plebeian
plebian
plebiscite
plebiscites
pledge
pledged
pledges
plenary
plenipotentiary
plenteous
plentiful
plentifully
plenty
plesk
plesk-stat
plesk-stats
plesk_stat
plethora
pleurisy
plexcor
plexum
plf
plg
plh
pli
pliable
pliant
plied
pliers
plies
pligg
plight
pliki
plikiedytora
plink
plist
plj
plk
pll
plm
pln
plo
plod
plodding
plog
plogger
plone
plot
plots
plotted
plotter
plotters
plotting
plover
plow
plowed
plower
plowing
plowman
plows
plowshare
ploy
ploys
plp
plptools
plq
plr
pls
pls100
plt
plu
pluck
plucked
plucking
plucks
plucky
plug
plug-ins
pluggable
plugged
pluggedout
plugging
plugin
plugin_cache
pluginlab
plugins
plugins_models
plugs
plum
plumage
plumb
plumbed
plumbing
plumbingissues
plumbs
plume
plumed
plumes
plummet
plummeting
plump
plumped
plumpness
plums
plumtree
plunder
plundered
plunderer
plunderers
plundering
plunders
plunge
plunged
plunger
plungers
plunges
plunging
plunk
plural
plurality
plurals
plus
plus1
pluses
plush
plusxl
pluto
plutonium
plv
plw
plx
ply
plymouth
plywood
plz
pm
pm_attachments
pma
pma2
pmachine
pmadmin
pmb
pmc
pmd
pme
pmelink
pmf
pmg
pmh
pmi
pmj
pmk
pml
pmm
pmn
pmo
pmp
pmq
pmr
pms
pmsend
pmsoftware
pmt
pmtool
pmu
pmv
pmw
pmwiki
pmx
pmy
pmz
pn
pna
pnadodb
pnaimport
pnb
pnc
pnd
pne
pneumatic
pneumonia
pnews
pnf
png
png-fix
pnghack
pngren
pngs
pnh
pni
pnj
pnk
pnl
pnm
pnn
pno
pnp
pnphpbb
pnq
pnr
pns
pnt
pntables
pntemp
pntresmailer
pnu
pnv
pnw
pnx
pny
pnz
po
poa
poach
poacher
poaches
pob
pobierz
poc
pocket
pocketbook
pocketbooks
pocketed
pocketful
pocketing
pocketpc
pockets
poczta
pod
podarki
podcast
podcasting
podcasts
podia
podium
podpress
pods
poe
poem
poems
poet
poetic
poetical
poetically
poetics
poetries
poetry
poets
pof
pog
pogo
pogoda
pogrom
poh
pohl
poi
poignancy
poignant
point
pointed
pointedly
pointer
pointers
pointing
pointless
pointroll
points
pointsec
pointy
pois
poise
poised
poises
poisk
poisk-po-sajtu
poison
poisoned
poisoner
poisoning
poisonous
poisonousness
poisons
poiuyt
poj
pok
poke
poked
pokemon
poker
pokerface
pokerroom
pokes
poking
pokladna
pol
poland
polar
polaring
polarities
polarity
pole
polecat
poled
polemic
polemics
poles
police
policed
policeman
policemen
polices
policies
policing
policy
policyholders
poling
polio
polipo
polish
polished
polisher
polishers
polishes
polishing
polite
politely
politeness
politer
politest
politic
politica
political
politically
politicas
politician
politicians
politicking
politics
politik
polka
polkitd
poll
poll-results
poll-tags
poll2
pollbooth
polled
pollen
poller
pollinate
polling
pollit
polloi
pollpro
polls
pollsarchive
pollserver
pollutant
pollute
polluted
pollutes
polluting
pollution
pollvote
polly
polo
polopoly
polski
polyalphabetic
polybot
polycom
polygen
polygon
polygons
polymer
polymers
polymorphic
polynomial
polynomials
polyspaston
polytechnic
polytheist
polyvision
pom
pomme
pommo
pomoc
pomp
pompadour
pomposity
pompous
pompously
pompousness
pon
poncho
pond
ponder
pondered
pondering
ponderous
ponders
ponds
pong
pongal
ponies
pontiff
pontific
pontificate
pony
poo
pooch
poodle
poohbear
pookie
pookie1
pool
pooled
pooling
pools
poor
poorer
poorest
poorly
poormanscron
poorness
poors
pop
pop-graphics
pop-photo
pop-up
pop-ups
pop3
pop3lite
pop_ups
popcal
popcalendar2005
popclient
popcorn
popeye
popfile
popgadget
popish
popkin
poplar
poplin
poppassd_ceti
poppassd_pam
popped
popper
poppies
popping
poppler
poppy
popr
pops
poptop
populace
popular
popularity
popularization
popularize
popularized
popularizes
popularizing
popularly
populate
populated
populates
populating
population
populations
populous
populousness
popunder
popup
popup-domination
popup-image
popup_content
popup_cvv
popup_image
popup_info
popup_magnifier
popup_poptions
popups
popwin
poq
por
porady
porcelain
porch
porches
porcine
porcupine
porcupines
pore
pored
pores
poring
pork
porker
porn
porno
pornographer
pornographic
pornography
pornstars
porous
porovnani
porpoise
porridge
porsche
porsche9
port
port80
porta
portability
portable
portada
portadas
portage
portail
portailphp
portal
portal2
portal_
portal_css
portal_kss
portaladmin
portalapp
portalbuilder
portalcp
portaldata
portale
portalhelp
portalhelp2
portals
portatil
ported
portend
portended
portending
portends
portent
portentous
porter
porterhouse
porters
portfolio
portfoliofiles
portfolios
portico
porting
portion
portions
portix-php
portland
portlet
portlets
portly
portmanteau
portmon
portrait
portraitplace
portraits
portray
portrayal
portrayed
portraying
portrays
ports
portugal
portugues
portugues-ingles
portuguese
pos
posadis
pose
posed
poser
posers
poses
posh
posing
posit
posited
positing
position
positional
positioned
positioning
positions
positive
positively
positiveness
positives
positron
posits
posse
possess
possessed
possesses
possessing
possession
possessional
possessions
possessive
possessively
possessiveness
possessor
possessors
possibilities
possibility
possible
possibly
possum
possums
post
post_g1
post_thanks
posta
postage
postal
postales
postboard
postcalendar
postcard
postcards
postcomment
postcondition
postdoctoral
posted
poster
posterior
posteriori
posterity
posters
postfix
postfixadmin
postforumthread
postgrad
postgraduate
postgres
postgresql
postgrey
posthistory
postinfo
posting
postings
postlude
postmail
postman
postmark
postmaster
postmasters
postmortem
postnuke
postoffice
postoperative
postorder
postpaid
postpay
postpone
postponed
postponing
postprocess
postprocessor
postreview
posts
postscript
postscripts
posttest
posttocar
postulate
postulated
postulates
postulating
postulation
postulations
posture
postures
postwrap
pot
potable
potash
potassium
potato
potatoes
potbelly
potchky
potd
potent
potentate
potentates
potential
potentialities
potentiality
potentially
potentials
potentiating
potentiometer
potentiometers
pothole
potion
potlatch
potpourri
pots
potted
potter
potters
pottery
potting
pou
pouch
pouches
poultice
poultry
pounce
pounced
pounces
pouncing
pound
pounded
pounder
pounders
pounding
pounds
pour
poured
pourer
pourers
pouring
pours
pout
pouted
pouting
pouts
pov
poverty
pow
powder
powdered
powdering
powderpuff
powders
powdery
powell
power
power-reviews
power_user
powerarchiver
powerbase
powerbasic
powerboards
powercounter
powerd
powerdev
powerdns
powered
powerful
powerfully
powerfulness
powergap
powering
poweriso
powerless
powerlessly
powerlessness
powermovielist
powerphlogger
powerpoint
powerportal
powerquest
powerreviews
powerrss
powersave
powerscripts
powertech
powie
powrshell
pox
poy
poz
poze
pp
pp_repository
ppa
ppal
ppalcart
ppb
ppc
ppcal
ppclassifieds
ppcredir
ppd
ppe
ppf
ppg
pph
pphlogger
ppi
ppj
ppk
ppl
ppm
ppn
ppo
ppob
ppopn
ppp
pppblog
ppq
ppr
pps
ppt
ppts
pptx
ppu
ppuser
ppv
ppw
ppwb
ppx
ppxp
ppy
ppz
pqa
pqb
pqc
pqd
pqe
pqf
pqg
pqh
pqi
pqj
pqk
pql
pqm
pqn
pqo
pqp
pqq
pqr
pqs
pqt
pqu
pqv
pqw
pqx
pqy
pqz
pr
pr0n
pra
praca
prace
practicable
practicably
practical
practicality
practically
practice
practiced
practices
practicing
practitioner
practitioners
prado
pragma
pragmatic
pragmatically
pragmatics
pragmatism
pragmatist
prairie
praise
praised
praiser
praisers
praises
praiseworthy
praising
praisingly
pramati
prance
pranced
prancer
prancing
prank
pranks
prate
pratique
pravila
pravo
praxis
pray
prayed
prayer
prayers
praying
prb
prc
prcache
prd
pre
pre_includes
preach
preached
preacher
preachers
preaches
preaching
preallocate
preallocated
preallocating
preamble
preambles
preassign
preassigned
preassigning
preassigns
prebuilt
precarious
precariously
precariousness
precaution
precautions
precede
preceded
precedence
precedences
precedent
precedented
precedents
precedes
preceding
precept
precepts
precess
precession
precinct
precincts
precios
precious
preciously
preciousness
precipice
precipitable
precipitate
precipitated
precipitately
precipitateness
precipitates
precipitating
precipitation
precipitous
precipitously
precise
precisely
preciseness
precision
precisions
preclude
precluded
precludes
precluding
precocious
precociously
precocity
precompute
precomputed
precomputing
preconceive
preconceived
preconception
preconceptions
precondition
preconditioned
preconditions
precursor
precursors
predate
predated
predates
predating
predator
predatory
predecessor
predecessors
predefine
predefined
predefines
predefining
predefinition
predefinitions
predetermination
predetermine
predetermined
predetermines
predetermining
predicament
predicate
predicated
predicates
predicating
predication
predications
predict
predictability
predictable
predictably
predicted
predicting
prediction
predictions
predictive
predictor
predicts
predilection
predilections
predisposition
predominant
predominantly
predominate
predominated
predominately
predominates
predominating
predomination
preeminence
preeminent
preempt
preempted
preempting
preemption
preemptive
preemptor
preempts
preen
preexisting
prefab
prefabricate
preface
prefaced
prefaces
prefacing
prefer
preferable
preferably
preference
preferences
preferencias
preferential
preferentially
preferred
preferring
prefers
prefix
prefixed
prefixes
prefixing
prefs
pregnancy
pregnant
preguntas
prehistoric
preinitialize
preinitialized
preinitializes
preinitializing
preise
preisvergleich
prejudge
prejudged
prejudice
prejudiced
prejudices
prejudicial
prelate
prelaunch
preliminaries
preliminary
preload
prelude
preludes
premature
prematurely
prematurity
premeditated
premeditation
premier
premiere
premiers
premios
premise
premises
premium
premiums
premod
premonition
prenatal
prenota
prenotazioni
prensa
preoccupation
preoccupied
preoccupies
preoccupy
preorder
prep
prepaid
preparation
preparations
preparative
preparatives
preparatory
prepare
prepared
prepares
preparing
prepay
prepend
prepended
prepending
preposition
prepositional
prepositions
preposterous
preposterously
preprocessed
preprocessing
preprocessor
preprocessors
preprod
preproduction
preprogrammed
prerequisite
prerequisites
prerogative
prerogatives
pres
prescribe
prescribed
prescribes
prescription
prescriptions
prescriptive
preselect
preselected
preselecting
preselects
presence
presences
present
presentation
presentations
presented
presenter
presenting
presently
presentness
presents
preservation
preservations
preserve
preserved
preserver
preservers
preserves
preserving
preset
preside
presided
presidency
president
presidential
presidents
presides
presiding
press
press-center
press-release
press-releases
press-room
press_release
press_releases
press_room
pressa
presse
pressed
presser
presses
pressing
pressings
presskit
pressoffice
pressrelease
pressreleases
pressroom
pressure
pressured
pressures
pressuring
pressurize
pressurized
prestashop
prestidigitate
prestige
prestigious
presto
preston
presumably
presume
presumed
presumes
presuming
presumption
presumptions
presumptive
presumptuous
presumptuousness
presuppose
presupposed
presupposes
presupposing
presupposition
presupuesto
presupuestos
pretend
pretended
pretender
pretenders
pretending
pretends
pretense
pretenses
pretension
pretensions
pretentious
pretentiously
pretentiousness
pretext
pretexts
prettier
prettiest
prettily
prettiness
pretty
prettyphoto
prev
prev_topic
prevail
prevailed
prevailing
prevailingly
prevails
prevalence
prevalent
prevalently
prevent
preventable
preventably
prevented
preventing
prevention
preventive
preventives
preventivi
prevents
preview
previewed
previewing
previews
previous
previously
prevoteau
prevx
prey
preyed
preying
preys
prf
prg
prh
pri
price
price-list
pricecheck
priced
priceless
pricelist
pricelists
pricemail
pricematch
pricer
pricers
prices
pricewatch
pricing
prick
pricked
pricking
prickly
pricks
pride
prided
prides
priding
priea
priest
priggish
prihlaseni
prihlasit
prijzen
prikryl
prim
prima
primacy
primakov
primal
primaries
primarily
primary
primate
prime
primed
primeness
primer
primero
primers
primes
primeval
priming
primitive
primitively
primitiveness
primitives
primo
primrose
prince
princely
princes
princess
princesses
princeton
principal
principalities
principality
principally
principals
principle
principled
principles
print
print-file-guide
print-post
print-templates
print-this
print_
print_form
print_listing
print_order
print_photo
printable
printables
printably
printarticle
printed
printenv
printer
printer-friendly
printer_friendly
printerfriendly
printers
printing
printing-design
printmail
printout
printpage
printpdf
printphoto
prints
printthread
printversion
printview
prior
priori
priorities
priority
priory
prishtina
prism
prisms
prison
prisoner
prisoners
prisons
pristine
priv
priv_stats
privacidad
privacies
privacy
privacy-policy
privacy_policy
privacypolicy
privacyware
privado
privat
private
private-cgi-bin
private2
private_files
private_messages
privateassets
privatedata
privatedir
privatefolder
privately
privatemessages
privatemsg
privates
privation
privations
privatkunden
privato
prive
privies
privilege
privileged
privileges
privmsg
privs
privy
prix
prize
prized
prizer
prizers
prizes
prizewinning
prizing
prj
prj_11
prj_2
prj_4
prj_5
prj_51
prj_7
prk
prl
prm
prn
pro
pro100
proanalyzer
proba
probabilistic
probabilistically
probabilities
probability
probable
probably
probando
probate
probated
probates
probating
probation
probative
probe
probed
probes
probing
probings
probity
problem
problematic
problematical
problematically
problems
proc
procaine
procedural
procedurally
procedure
procedures
proceed
proceeded
proceeding
proceedings
proceeds
procesos
process
process_order
processaddress
processed
processes
processform
processing
procession
processor
processors
processus
prochatrooms
proclaim
proclaimed
proclaimer
proclaimers
proclaiming
proclaims
proclamation
proclamations
proclivities
proclivity
procmail
procom
procotols
procrastinate
procrastinated
procrastinates
procrastinating
procrastination
procreate
procs
procure
procured
procurement
procurements
procurer
procurers
procures
procuring
prod
prod_pg
prodconf
prodder
prodemailhandler
prodhuge
prodigal
prodigally
prodigious
prodigy
prodimages
prodimg
prodotti
prodotto
prods
prodsearch
produce
produced
producer
producers
produces
producible
producing
product
product-detail
product-details
product-images
product-p
product-print
product-reviews
product-search
product-sort
product_
product_by_id
product_compare
product_image
product_images
product_info
product_options
product_p
product_photos
product_reviews
product_search
product_thumb
product_thumbs
productalert
productcart
productcatalogue
productdetail
productdetails
producten
productexports
productfeed
productfiles
productimage
productimages
productinfo
production
productions
productive
productively
productivity
productlist
producto
productos
productpics
productpopin
productpopinadd
productpopinpage
productquestion
productquestions
productreview
products
products-page
products2
products_
products_files
products_id
products_images
products_new
productscompare
productsearch
productshow
productspecs
producttags
productupdates
produit
produits
produkt
produkte
produktinfo
produktpdf
produkty
produse
produto
produtos
prof
profane
profanely
profesional
profesionales
profess
professed
professes
professing
profession
professional
professionalism
professionally
professionals
professions
professor
professorial
professors
proffer
proffered
proffers
proficiency
proficient
proficiently
profiel
profil
profile
profile_comments
profile_friends
profile_images
profile_media
profile_pictures
profilecheckout
profiled
profilelogin
profiler
profileregister
profiles
profileviewer
profiling
profilo
profit
profitability
profitable
profitably
profitcode
profited
profiteer
profiteers
profiting
profits
profitted
profligate
profound
profoundest
profoundly
proftpd
profundity
profuse
profusion
prog
progenitor
progeny
prognosis
prognosticate
program
program_files
programa
programador
programari
programas
programfiles
programm
programmability
programmable
programme
programmed
programmer
programmers
programmes
programming
programs
programsend
progress
progressed
progresses
progressing
progression
progressions
progressive
progressively
progs
prohibit
prohibited
prohibiting
prohibition
prohibitions
prohibitive
prohibitively
prohibitory
prohibits
proj
proj-base
proj-cms
project
project-admins
project_includes
project_scripts
projectadjuntos
projectapp
projectbb
projecte
projected
projecten
projectes
projectile
projecting
projection
projections
projective
projectively
projectmgr
projector
projectors
projects
projekt
projekte
projektfarm
projekty
projetos
projets
proland
prolate
prolegomena
proletariat
proliferate
proliferated
proliferates
proliferating
proliferation
prolific
prolix
prolog
prologue
prolong
prolongate
prolonged
prolonging
prolongs
prom
promanager
promenade
promenades
promethe
prominence
prominent
prominently
promiscuous
promise
promised
promises
promising
promo
promocao
promocion
promociones
promontory
promos
promote
promoted
promoter
promoters
promotes
promoting
promotion
promotion-train
promotion_images
promotional
promotions
promozione
prompt
prompted
prompter
promptest
prompting
promptings
promptly
promptness
prompts
proms
promulgate
promulgated
promulgates
promulgating
promulgation
prone
proneness
pronetix
prong
pronged
prongs
pronoun
pronounce
pronounceable
pronounced
pronouncement
pronouncements
pronounces
pronouncing
pronouns
pronunciation
pronunciations
proof
proofing
proofpoint
proofread
proofreader
proofs
prop
prop-base
propadd
propaganda
propagandist
propagate
propagated
propagates
propagating
propagation
propagations
propane
propdelete
propel
propellant
propelled
propeller
propellers
propelling
propels
propensity
proper
properly
properness
propertied
properties
property
property-search
prophecies
prophecy
prophesied
prophesier
prophesies
prophesy
prophet
prophetic
prophets
propiedades
propimages
propitious
proplayer
proponent
proponents
proportion
proportional
proportionally
proportionately
proportioned
proportioning
proportionment
proportions
propos
proposal
proposals
propose
proposed
proposer
proposes
proposing
proposition
propositional
propositionally
propositioned
propositioning
propositions
propound
propounded
propounding
propounds
propowerbot
proprietary
proprietor
proprietors
propriety
props
propuestas
propulsion
propulsions
propupdate
prorat
prorate
prorated
prorates
pros
proscenium
proscribe
proscription
prose
prosecute
prosecuted
prosecutes
prosecuting
prosecution
prosecutions
prosecutor
proselytize
proselytized
proselytizes
proselytizing
prosodic
prosodics
prosoft
prospect
prospected
prospecting
prospection
prospections
prospective
prospectively
prospectives
prospector
prospectors
prospects
prospects3
prospects4
prospectus
prospekt
prosper
prospered
prospering
prosperity
prospero
prosperous
prospers
prostate
prosthetic
prostitute
prostitution
prostrate
prostration
prosysinfo
prot
protagonist
protean
protect
protected
protecting
protection
protections
protective
protectively
protectiveness
protector
protectorate
protectors
protects
protege
proteges
protegrity
protein
proteins
protel
protest
protestant
protestation
protestations
protested
protesting
protestingly
protestor
protests
protetor
proto
protocol
protocols
proton
protons
protoplasm
prototipos
prototype
prototyped
prototypes
prototypical
prototypically
prototyping
protozoa
protozoan
protract
protrude
protruded
protrudes
protruding
protrusion
protrusions
protuberant
protware
protx
proud
prouder
proudest
proudly
prov
prova
prova1
prova2
provability
provable
provably
provas
prove
proved
proveedores
proven
provenance
prover
proverb
proverbial
proverbs
provers
proves
provide
provided
providence
provident
provider
providers
providersearch
provides
providing
proview
province
provinces
provincial
proving
provision
provisional
provisionally
provisioned
provisioning
provisions
proviso
provisoire
provo
provocation
provoke
provoked
provokes
provos
provost
prow
prowebwalker
prowess
prowl
prowled
prowler
prowlers
prowling
prows
proxies
proxim
proximal
proximate
proximity
proxomitron
proxy
proxy-pro
proxy2
proxyc
proxytunnel
proyecto
proyectos
prozilla
prp
prq
prr
prs
prt
pru
prudence
prudent
prudential
prudently
prueba
prueba00
prueba01
prueba1
prueba2
prueba_ajax
pruebas
prune
pruned
pruner
pruners
prunes
pruning
prurient
prv
prv_download
prw
prx
pry
prying
prz
przyklady
ps
ps2
ps3
psa
psalm
psalms
psb
psbot
psc
pscript
pscs
psd
psds
pse
pseller
pserv
pseudo
pseudofiles
pseudoinstruction
pseudoinstructions
pseudonym
pseudoparallelism
psf
psg
psh
pshop
psi
psilocybin
psilord
psionic
psj
psjs_datalogs
psk
pskov
psl
psm
psn
psnews
pso
psoproxy
psp
pspad
psq
psql
psr
pss
pst
pstotext
psu
psunami
psv
psw
pswd
psx
psy
psybnc
psych
psyche
psychedelic
psyches
psychiatric
psychiatrist
psychiatrists
psychiatry
psychic
psycho
psychoanalysis
psychoanalyst
psychoanalytic
psychobiology
psychoblogger
psychological
psychologically
psychologist
psychologists
psychology
psychopath
psychopathic
psychophysic
psychoses
psychosis
psychosocial
psychosomatic
psychostats
psychotherapeutic
psychotherapist
psychotherapy
psychotic
psyon
psywerks
psz
pt
pt-br
pt-gb
pt-pt
pt2
pt_BR
pt_br
pt_pt
pta
ptb
ptc
ptd
pte
ptest
ptf
ptg
pth
pti
ptj
ptk
ptl
ptlink
ptm
ptn
ptnet
pto
ptools
ptopic
ptp
ptq
ptr
pts
ptshowguide
ptshowguideitem
ptt
ptu
ptv
ptw
ptx
pty
ptz
pua
pub
pub2
pub3
pubbb
pubblicita
pubcookie
puberty
publ
publi
public
public-notices
public_ftp
public_html
public_hts
public_security
publica
publicacion
publicaciones
publicacions
publicar
publication
publications
publicidad
publicidade
publicite
publicity
publicize
publicized
publicizes
publicizing
publickeys
publicly
publico
publicsrc
publicworks
publikationen
publish
published
publisher
publishers
publishes
publishing
publishingimages
publix
pubs
pubstermx
pubweb
puc
pucker
puckered
puckering
puckers
pud
pudding
puddings
puddle
puddles
puddling
pue
pueblo
puerta
puf
puff
puffed
puffin
puffing
puffs
pug
puglia
puh
pui
puj
pujar
puk
puke
pul
pull
pulled
puller
pulley
pulleys
pulling
pullings
pullover
pulls
pulmonary
pulp
pulping
pulpit
pulpits
pulsar
pulsate
pulsation
pulsations
pulse
pulsed
pulses
pulsing
pum
puma
pumice
pummel
pump
pumped
pumping
pumpkin
pumpkins
pumps
pun
punbb
punch
punched
puncher
punches
punching
punchout
punctual
punctually
punctuation
puncture
punctured
punctures
puncturing
punctweb
pundit
puneet
pungent
punish
punishable
punished
punishes
punishing
punishment
punishments
punitive
punkbuster
punkin
puns
punt
punted
punting
punto
punts
puny
puo
pup
pupa
pupil
pupils
puppet
puppeteer
puppets
puppies
puppy
puppy123
pups
puq
pur
purchase
purchased
purchaser
purchasers
purchases
purchasing
purciful
pure
pureadmin
pureftpd
purely
purepostpro
purer
purest
purgatory
purge
purged
purges
purging
purification
purifications
purified
purifier
purifiers
purifies
purify
purifying
purist
puritanic
purity
purple
purpler
purplest
purport
purported
purportedly
purporter
purporters
purporting
purports
purpose
purposed
purposeful
purposefully
purposely
purposes
purposive
purr
purred
purring
purrs
purse
pursed
purser
purses
pursuant
pursue
pursued
pursuer
pursuers
pursues
pursuing
pursuit
pursuits
purveyor
purview
pus
push
push-questions
push-user
pushbutton
pushdown
pushed
pusher
pushers
pushes
pushing
puss
pussy
pussycat
put
puts
putslinkshere
putt
putter
puttering
putters
putting
putty
puu
puv
puw
pux
puy
puz
puzzle
puzzled
puzzlement
puzzler
puzzlers
puzzles
puzzling
puzzlings
pv
pva
pvb
pvc
pvd
pve
pvf
pvg
pvh
pvi
pvj
pvk
pvl
pvm
pvn
pvo
pvote
pvp
pvpgn
pvq
pvr
pvs
pvt
pvu
pvv
pvw
pvx
pvy
pvz
pw
pw_ajax
pw_api
pw_app
pwa
pwb
pwc
pwd
pwdutils
pwe
pwebserver
pwf
pwg
pwh
pwi
pwins
pwj
pwk
pwl
pwlib
pwm
pwn
pwo
pwp
pwq
pwr
pwreset
pws
pwsphp
pwt
pwu
pwv
pww
pwx
pwy
pwz
px
px_custom
pxa
pxb
pxc
pxd
pxdb_www
pxe
pxf
pxg
pxh
pxi
pxj
pxk
pxl
pxm
pxn
pxo
pxp
pxq
pxr
pxs
pxt
pxu
pxv
pxw
pxx
pxy
pxz
py
py-livredor
py-membres
py2play
pya
pyb
pyblosxom
pyc
pyd
pydo
pye
pyf
pyg
pygmies
pygmy
pyh
pyi
pyj
pyk
pyl
pym
pyn
pyo
pyp
pyq
pyr
pyramid
pyramids
pyre
pyrox
pys
pyt
python
python-urllib
pyu
pyv
pyw
pyx
pyy
pyz
pza
pzb
pzc
pzd
pze
pzf
pzg
pzh
pzi
pzj
pzk
pzl
pzm
pzn
pzo
pzp
pzq
pzr
pzs
pzt
pzu
pzv
pzw
pzx
pzy
pzz
q
q-news
q1
q1w2e3
q2
q3
q4
qa
qa-gb
qaa
qab
qac
qad
qae
qaf
qag
qah
qai
qaj
qak
qal
qalert
qam
qan
qanda
qao
qap
qaq
qar
qas
qat
qatar
qatraq
qau
qav
qaw
qax
qay
qaz
qb
qb-gb
qba
qbb
qbc
qbd
qbe
qbf
qbg
qbh
qbi
qbik
qbj
qbk
qbl
qbm
qbn
qbo
qboard
qbp
qbq
qbr
qbs
qbt
qbu
qbv
qbw
qbx
qby
qbz
qc
qca
qcb
qcc
qcd
qce
qcf
qcg
qch
qci
qcj
qck
qcl
qcm
qcn
qco
qcontent
qcore
qcp
qcq
qcr
qcs
qct
qcu
qcv
qcw
qcx
qcy
qcz
qda
qdb
qdc
qdd
qde
qdecoder
qdf
qdg
qdh
qdi
qdig
qdj
qdk
qdl
qdm
qdn
qdo
qdp
qdq
qdr
qds
qdt
qdu
qdv
qdw
qdx
qdy
qdz
qea
qeb
qec
qed
qee
qef
qeg
qeh
qei
qej
qek
qel
qem
qen
qeo
qep
qeq
qer
qes
qet
qeu
qev
qew
qex
qey
qez
qfa
qfb
qfc
qfd
qfe
qff
qfg
qfh
qfi
qfj
qfk
qfl
qfm
qfn
qfo
qforms
qfp
qfq
qfr
qfs
qft
qfu
qfv
qfw
qfx
qfy
qfz
qga
qgb
qgc
qgd
qge
qgf
qgg
qgh
qgi
qgj
qgk
qgl
qgm
qgn
qgo
qgp
qgq
qgr
qgs
qgt
qgu
qgv
qgw
qgx
qgy
qgz
qha
qhb
qhc
qhd
qhe
qhf
qhg
qhh
qhi
qhj
qhk
qhl
qhm
qhn
qho
qhp
qhq
qhr
qhs
qht
qhu
qhv
qhw
qhx
qhy
qhz
qia
qib
qic
qiche
qid
qie
qif
qig
qih
qii
qij
qik
qil
qim
qin
qinetiq
qinetix
qio
qip
qiq
qir
qis
qit
qita
qiu
qiv
qiw
qix
qiy
qiz
qja
qjb
qjc
qjd
qje
qjf
qjforum
qjg
qjh
qji
qjj
qjk
qjl
qjm
qjn
qjo
qjp
qjq
qjr
qjs
qjt
qju
qjv
qjw
qjx
qjy
qjz
qka
qkb
qkc
qkd
qke
qkf
qkg
qkh
qki
qkj
qkk
qkl
qkm
qkn
qko
qkp
qkq
qkr
qks
qksoft
qkt
qku
qkv
qkw
qkx
qky
qkz
qla
qlb
qlc
qld
qle
qlf
qlg
qlh
qli
qlj
qlk
qll
qlm
qln
qlo
qlp
qlq
qlr
qls
qlt
qlu
qlv
qlw
qlx
qly
qlz
qm
qma
qmail-smtpd-auth
qmailadmin
qmb
qmc
qmd
qme
qmf
qmg
qmh
qmi
qmj
qmk
qml
qmm
qmn
qmo
qmp
qmq
qmr
qms
qmt
qmu
qmv
qmw
qmx
qmy
qmz
qna
qnasearch
qnb
qnc
qnd
qne
qnf
qng
qnh
qni
qnj
qnk
qnl
qnm
qnn
qno
qnotify
qnp
qnq
qnr
qns
qnt
qnu
qnv
qnw
qnx
qny
qnz
qoa
qob
qoc
qod
qoe
qof
qog
qoh
qoi
qoj
qok
qol
qom
qon
qontentone
qoo
qop
qoq
qor
qos
qot
qotd
qou
qov
qow
qox
qoy
qoz
qp
qpa
qpb
qpc
qpd
qpe
qpf
qpg
qph
qpi
qpid
qpj
qpk
qpl
qpm
qpn
qpo
qpolling
qpp
qpq
qpr
qps
qpt
qpu
qpv
qpw
qpx
qpy
qpz
qq
qqa
qqb
qqc
qqd
qqe
qqf
qqg
qqh
qqi
qqj
qqk
qql
qqm
qqn
qqo
qqp
qqq
qqr
qqs
qqt
qqu
qqv
qqw
qqx
qqy
qqz
qr
qra
qrb
qrc
qrcode
qrd
qre
qrf
qrg
qrh
qri
qrj
qrk
qrl
qrm
qrn
qro
qrp
qrq
qrr
qrs
qrt
qru
qrv
qrw
qrx
qry
qrz
qs
qs-de
qs-gb
qs-ru
qs3
qsa
qsb
qsc
qscendpublic
qscheduler
qsd
qse
qsf
qsg
qsh
qsi
qsj
qsk
qsl
qsm
qsn
qso
qsp
qsq
qsr
qss
qssl
qst
qsu
qsv
qsw
qsx
qsy
qsz
qt
qt-dcgui
qta
qtb
qtc
qtd
qte
qtf
qtg
qth
qti
qtj
qtk
qtl
qtm
qtn
qto
qtp
qtq
qtr
qts
qtt
qtu
qtv
qtw
qtx
qty
qtz
qua
quack
quacked
quackery
quacks
quad
quadcomm
quadrangle
quadrangular
quadrant
quadrants
quadratic
quadratical
quadratically
quadratics
quadrature
quadratures
quadrennial
quadrilateral
quadrillion
quadruple
quadrupled
quadruples
quadrupling
quadrupole
quaff
quagga
quagmire
quagmires
quahog
quail
quails
quaint
quaintly
quaintness
quake
quaked
quaker
quakers
quakes
quaking
qualcomm
qualification
qualifications
qualified
qualifier
qualifiers
qualifies
qualify
qualifying
qualitative
qualitatively
qualiteam
qualities
quality
quality_form
qualityebiz
qualm
quandaries
quandary
quangcao
quanly
quanta
quantifiable
quantification
quantifications
quantified
quantifier
quantifiers
quantifies
quantify
quantifying
quantile
quantitative
quantitatively
quantities
quantity
quantization
quantize
quantized
quantizes
quantizing
quantri
quantrisite
quantriweb
quantum
quarantine
quarantines
quarantining
quark
quarrel
quarreled
quarreling
quarrels
quarrelsome
quarries
quarry
quart
quarter
quarterback
quartered
quartering
quarterly
quartermaster
quarters
quartet
quartets
quartile
quarts
quartz
quartzite
quasar
quash
quashed
quashes
quashing
quasi
quaternary
quaver
quavered
quavering
quavers
quay
qub
quc
qud
que
queasy
quebec
queen
queenly
queens
queer
queerer
queerest
queerly
queerness
quell
quellen
quelling
quench
quenched
quenches
quenching
quercus
queried
queries
query
querying
queryn
ques
quest
quested
quester
questers
questing
question
questionable
questionably
questionare
questioned
questioner
questioners
questioning
questioningly
questionings
questionnaire
questionnaires
questions
quests
quetalfue
queue
queued
queueing
queuer
queuers
queues
queuing
quezza
quf
qug
quh
qui
qui-sommes-nous
quibble
quick
quickblogger
quickbooks
quickbuy
quickdoc
quicken
quickened
quickening
quickens
quicker
quickest
quickie
quicklime
quicklinks
quicklist
quickly
quickmenu
quickness
quicknews
quickordercmd
quickpaypro
quickpoll
quicksand
quicksearch
quickshop
quicksilver
quickstart
quicktime
quickview
quickzip
quienes-somos
quiescent
quiet
quieted
quieter
quietest
quieting
quietly
quietness
quiets
quietude
quikstore
quill
quilt
quilted
quilting
quilts
quin
quince
quinine
quinn
quint
quintet
quintillion
quip
quirk
quirky
quit
quite
quits
quitter
quitters
quitting
quiver
quivered
quivering
quivers
quixotic
quixplore
quiz
quizz
quizzed
quizzes
quizzical
quizzing
quj
quk
qul
qum
qun
quo
quonset
quorum
quota
quotas
quotation
quotations
quote
quote]
quoted
quotes
quoth
quotient
quotients
quoting
qup
quq
qur
quran
qus
qut
quu
quv
quw
qux
quy
quz
qva
qvb
qvc
qvd
qve
qvf
qvg
qvh
qvi
qvj
qvk
qvl
qvm
qvn
qvo
qvp
qvq
qvr
qvs
qvt
qvu
qvv
qvw
qvx
qvy
qvz
qwa
qwaszx
qwb
qwc
qwd
qwe
qwert
qwerty
qwerty12
qwest
qwf
qwg
qwh
qwi
qwikiwiki
qwj
qwk
qwl
qwm
qwn
qwo
qwp
qwq
qwr
qws
qwt
qwu
qwv
qww
qwx
qwy
qwz
qxa
qxb
qxc
qxd
qxe
qxf
qxg
qxh
qxi
qxj
qxk
qxl
qxm
qxn
qxo
qxp
qxq
qxr
qxs
qxt
qxu
qxv
qxw
qxx
qxy
qxz
qy
qya
qyb
qyc
qyd
qye
qyf
qyg
qyh
qyi
qyj
qyk
qyl
qym
qyn
qyo
qyp
qyq
qyr
qys
qyt
qyu
qyv
qyw
qyx
qyy
qyz
qz
qza
qzb
qzc
qzd
qze
qzf
qzg
qzh
qzi
qzj
qzk
qzl
qzm
qzn
qzo
qzone
qzp
qzq
qzr
qzs
qzt
qzu
qzv
qzw
qzx
qzy
qzz
r
r1
r2
r24
r2xdesign
r4
r57
ra
raa
rab
rabbi
rabbit
rabbits
rabble
rabid
rabies
rabota
rabox
rabson
rac
raccoon
raccoons
race
raced
racer
racers
racerx
races
racetrack
rachel
rachelle
rachmaninoff
racial
racially
racing
rack
racked
racket
racketeer
racketeering
racketeers
rackets
racking
racks
racoon
ractive
rad
radar
radars
radcontrols
radial
radially
radian
radiance
radiant
radiantly
radiate
radiated
radiates
radiating
radiation
radiations
radiator
radiators
radical
radically
radicals
radices
radii
radio
radioactive
radioastronomy
radiobird
radioed
radiography
radioing
radiology
radios
radioshack
radish
radishes
radium
radius
radiusclient
radix
radmin
radmind
radmind-1
radon
radscripts
rae
raf
rafal
raffle
raft
rafter
rafters
rafts
rag
rage
raged
rages
ragged
raggedly
raggedness
raging
rags
ragweed
rah
rahaim
raharja
rahnemaco
rai
raid
raided
raiden
raidenhttpd
raider
raiders
raiding
raids
rail
railed
railer
railers
railing
railo-context
railroad
railroaded
railroader
railroaders
railroading
railroads
rails
railway
railways
raiment
rain
rainbow
raincoat
raincoats
raindrop
raindrops
rained
rainfall
rainier
rainiest
raining
rains
rainstorm
rainworx
rainy
raise
raised
raiser
raisers
raises
raisin
raising
raiz
raj
rak
rake
raked
rakes
raking
rakkarsoft
rakuten
ral
raleigh
ralf
rallied
rallies
rally
rallying
ram
ramacms
ramada
ramble
rambler
rambles
rambling
ramblings
rambo1
ramdom
ramification
ramifications
ramon
ramp
rampage
rampant
rampart
ramps
ramrod
rams
ramsey
ramsite
ran
ranch
ranched
rancher
ranchers
ranches
ranching
rancid
rand
rando
random
randomage
randomer
randomimages
randomization
randomize
randomized
randomizer
randomizes
randomly
randomness
randshop
randy
rang
range
ranged
rangeland
ranger
rangers
ranges
ranging
rangy
rank
rankchecker
ranked
ranker
rankers
rankest
ranking
rankingreport
rankings
rankle
rankly
rankness
ranks
ransack
ransacked
ransacking
ransacks
ransom
ransomer
ransoming
ransoms
ranson
rant
ranted
ranter
ranters
ranting
rants
rao
rap
rap_admin
rapacious
rape
raped
raper
rapes
rapid
rapidity
rapidly
rapids
rapidshare
rapidstream
rapier
rapigator
raping
rapport
rapprochement
raps
rapt
raptly
raptor
rapture
raptures
rapturous
raq
raquel
rar
rare
rarely
rareness
rarer
rarest
raritan
rarity
rarlab
rarpd
rarticles
ras
rascal
rascally
rascals
rash
rasher
rashly
rashness
rasmp
rasmus
rasp
raspberry
rasped
rasping
rasps
raster
rat
ratbag
rate
rate-game
rate-this
rate-this-item
ratecomment
rated
rateit
ratemypic
ratepic
rater
raters
rates
ratethread
ratgeber
rather
ratification
ratified
ratifies
ratify
ratifying
rating
rating0
rating_over
ratings
ratio
ration
rational
rationale
rationales
rationalities
rationality
rationalization
rationalizations
rationalize
rationalized
rationalizes
rationalizing
rationally
rationals
rationing
rations
ratios
rats
rattel
rattle
rattled
rattler
rattlers
rattles
rattlesnake
rattlesnakes
rattling
rau
rauch
raucous
rav
ravage
ravaged
ravager
ravagers
ravages
ravaging
rave
raved
raven
ravening
ravenous
ravenously
ravens
raves
ravine
ravines
raving
ravings
raw
raw_log_files
raw_xml
rawer
rawest
rawlogs
rawly
rawness
rax
raxnet
ray
raybase
raydium
raymond
rays
raytheon
raz
raz-lee
raze
raznoe
razor
razors
rb
rb_documentation
rb_logs
rb_tools
rba
rbb
rbc
rbd
rbe
rbf
rbg
rbh
rbi
rbi100
rbj
rbk
rbl
rbm
rbn
rbo
rbp
rbq
rbr
rbs
rbt
rbu
rbv
rbw
rbx
rby
rbz
rc
rcLogin
rca
rcb
rcblog
rcc
rcd
rce
rcf
rcg
rch
rci
rci_community
rcj
rcjakar
rck
rcl
rcm
rcn
rco
rcp
rcq
rcr
rcs
rct
rcu
rcv
rcw
rcx
rcy
rcz
rd
rd2
rda
rdb
rdc
rdd
rde
rdf
rdg
rdh
rdi
rdiff
rdiff-backup
rdiffauth
rdj
rdk
rdl
rdm
rdn
rdo
rdonlyres
rdp
rdq
rdr
rds
rdt
rdu
rdv
rdw
rdx
rdy
rdz
re
re-boot
rea
reabbreviate
reabbreviated
reabbreviates
reabbreviating
reach
reachability
reachable
reachably
reached
reacher
reaches
reaching
reacquired
react
reacted
reacties
reacting
reaction
reactionaries
reactionary
reactions
reactivate
reactivated
reactivates
reactivating
reactivation
reactive
reactively
reactivity
reactor
reactors
reacts
read
readability
readable
reader
reader-holidays
readers
readership
readfile
readfolder
readied
readier
readies
readiest
readily
readiness
reading
readingareport
readings
readjusted
readme
readme_files
readme_var_de
readout
readouts
reads
ready
readying
reagan
real
real-estate
real_estate
realaudio
realchat
realest
realestate
realign
realigned
realigning
realigns
realism
realist
realistic
realistically
realists
realities
reality
realizable
realizably
realization
realizationengine
realizations
realize
realized
realizes
realizing
reallocate
really
realm
realmedia
realms
realness
realnetworks
realnode
reals
realtime
realtor
realtors
realty
realviz
realvnc
ream
reamday
reanalyze
reanalyzes
reanalyzing
reap
reaped
reaper
reaping
reappear
reappeared
reappearing
reappears
reappraisal
reappraisals
reaps
rear
reared
rearing
rearrange
rearrangeable
rearranged
rearrangement
rearrangements
rearranges
rearranging
rearrest
rearrested
rears
reason
reasonable
reasonableness
reasonably
reasoned
reasoner
reasoning
reasonings
reasons
reassemble
reassembled
reassembles
reassembling
reassembly
reassessment
reassessments
reassign
reassigned
reassigning
reassignment
reassignments
reassigns
reassure
reassured
reassures
reassuring
reawaken
reawakened
reawakening
reawakens
reb
rebate
rebates
rebb
rebecca
rebel
rebelled
rebelling
rebellion
rebellions
rebellious
rebelliously
rebelliousness
rebels
rebind
rebinding
rebinds
reblog
reboot
rebooted
rebooting
reboots
rebound
rebounded
rebounding
rebounds
rebroadcast
rebroadcasting
rebroadcasts
rebuff
rebuffed
rebuild
rebuilding
rebuilds
rebuilt
rebuke
rebuked
rebukes
rebuking
rebuttal
rebutted
rebutting
rec
recalcitrant
recalculate
recalculated
recalculates
recalculating
recalculation
recalculations
recalibrate
recalibrated
recalibrates
recalibrating
recall
recalled
recalling
recalls
recalls-and-tsbs
recant
recapitulate
recapitulated
recapitulates
recapitulation
recaps
recaptcha
recapture
recaptured
recaptures
recapturing
recast
recasting
recasts
recede
receded
recedes
receding
receipt
receipts
receitas
receivable
receive
received
receiver
receivers
receives
receiving
recensioni
recent
recent-activity
recent_
recentactivity
recentchanges
recently
recentness
recentpostspage
recept
receptacle
receptacles
reception
receptionist
receptions
receptive
receptively
receptiveness
receptivity
receptor
recerca
recess
recessed
recesses
recession
recessive
recetas
recettes
recharge
recherche
rechercher
recherches
rechnungen
recht
rechtliches
recip
recipants
recipe
recipedb
recipes
recipient
recipients
reciprocal
reciprocally
reciprocate
reciprocated
reciprocates
reciprocating
reciprocation
reciprocity
recips
recirculate
recirculated
recirculates
recirculating
recital
recitals
recitation
recitations
recite
recited
reciter
recites
reciting
reckless
recklessly
recklessness
reckon
reckoned
reckoner
reckoning
reckonings
reckons
reclaim
reclaimable
reclaimed
reclaimer
reclaimers
reclaiming
reclaims
reclama
reclamation
reclamations
reclassification
reclassified
reclassifies
reclassify
reclassifying
recline
reclining
reco
recode
recoded
recodes
recoding
recoger
recognition
recognitions
recognizability
recognizable
recognizably
recognize
recognized
recognizer
recognizers
recognizes
recognizing
recoil
recoiled
recoiling
recoils
recollect
recollected
recollecting
recollection
recollections
recomandari-cos
recombination
recombine
recombined
recombines
recombining
recomendar
recomendo
recommander
recommend
recommend_ad
recommend_shop
recommend_yes
recommendation
recommendations
recommended
recommender
recommending
recommends
recompense
recompile
recompiled
recompiles
recompiling
recompute
recomputed
recomputes
recomputing
reconcile
reconciled
reconciler
reconciles
reconciliation
reconciling
reconfigurable
reconfiguration
reconfigurations
reconfigure
reconfigured
reconfigurer
reconfigures
reconfiguring
reconnect
reconnected
reconnecting
reconnection
reconnects
reconsider
reconsideration
reconsidered
reconsidering
reconsiders
reconstituted
reconstruct
reconstructed
reconstructing
reconstruction
reconstructs
reconverted
reconverts
record
recordar
recorded
recorder
recorders
recording
recordings
records
recount
recounted
recounting
recounts
recourse
recover
recover-password
recover_password
recoverable
recovered
recoveries
recovering
recoverpassword
recovers
recovery
recreate
recreated
recreates
recreating
recreation
recreational
recreations
recreative
recruit
recruited
recruiter
recruiters
recruiting
recruitment
recruits
recrutement
recs
recsradio
recta
rectangle
rectangles
rectangular
rectify
rector
rectors
rectum
rectums
recull
reculls
recuperate
recur
recurrence
recurrences
recurrent
recurrently
recurring
recurs
recurse
recursed
recurses
recursing
recursion
recursions
recursive
recursively
recursos
recyclable
recycle
recycle-bin
recycle_bin
recycled
recycles
recycling
red
red-m
red2
redactie
redaction
redaktion
redaxo
redazione
redback
redblog
redbreast
redcms
redcoat
redden
reddened
redder
reddest
reddish
reddishness
reddit
reddog
redeclare
redeclared
redeclares
redeclaring
redeem
redeemed
redeemer
redeemers
redeeming
redeems
redefine
redefined
redefines
redefining
redefinition
redefinitions
redemption
redesign
redesigned
redesigning
redesigns
redevelopment
redfact
redhat
redhead
redi
rediff
redir
redireccion
redirect
redirect-to
redirect_scripts
redirected
redirecting
redirection
redirections
redirector
redirects
redis
redisplay
redisplayed
redisplaying
redisplays
redistribute
redistributed
redistributes
redistributing
redkernel
redly
redman
redmine
redneck
redness
redo
redone
redouble
redoubled
redraw
redrawn
redress
redressed
redresses
redressing
redrum
reds
redsocks
redstorm
reduce
reduced
reducer
reducers
reduces
reducibility
reducible
reducibly
reducing
reduction
reductions
redundancies
redundancy
redundant
redundantly
redwing
redwood
ree
reed
reeds
reeducation
reef
reefer
reefs
reel
reelect
reelected
reelecting
reelects
reeled
reeler
reeling
reels
reemphasize
reemphasized
reemphasizes
reemphasizing
reenabled
reenforcement
reenter
reentered
reentering
reenters
reentrant
rees
reestablish
reestablished
reestablishes
reestablishing
reevaluate
reevaluated
reevaluates
reevaluating
reevaluation
reexamine
reexamined
reexamines
reexamining
reexecuted
ref
refer
refer1
referal
referat
referee
refereed
refereeing
referees
reference
referenced
referencement
referencer
references
referencing
referenda
referendum
referendums
referent
referential
referentiality
referentially
referents
referenzen
referer
referers
referral
referrals
referred
referrer
referrers
referring
refers
refill
refillable
refilled
refilling
refills
refine
refined
refinement
refinements
refiner
refinery
refines
refining
reflect
reflected
reflecting
reflection
reflections
reflective
reflectively
reflectivity
reflector
reflectors
reflects
reflex
reflexes
reflexive
reflexively
reflexiveness
reflexivity
reforestation
reform
reformable
reformat
reformation
reformatory
reformats
reformatted
reformatting
reformed
reformer
reformers
reforming
reforms
reformulate
reformulated
reformulates
reformulating
reformulation
refract
refracted
refraction
refractory
refragment
refrain
refrained
refraining
refrains
refresh
refreshed
refresher
refreshers
refreshes
refreshing
refreshingly
refreshment
refreshments
refrigerate
refrigerator
refrigerators
refs
refuel
refueled
refueling
refuels
refuge
refugee
refugees
refund
refund-policy
refunds
refusal
refuse
refused
refuses
refusing
refutable
refutation
refute
refuted
refuter
refutes
refuting
reg
reg-bin
regain
regained
regaining
regains
regal
regaled
regally
regard
regarded
regarding
regardless
regards
regatta
regcat
regeln
regenerate
regenerated
regenerates
regenerating
regeneration
regenerative
regenerator
regenerators
regent
regents
reget
regform
regie
regime
regimen
regiment
regimentation
regimented
regiments
regimes
reginternal
region
region_changer
regional
regionally
regions
regis
regist
register
register_g2
registered
registering
registers
registr
registrace
registrar
registrate
registrati
registration
registrations
registrazione
registre
registreren
registres
registrieren
registrierung
registro
registros
registry
regisztracio
regress
regressed
regresses
regressing
regression
regressions
regressive
regret
regretful
regretfully
regrets
regrettable
regrettably
regretted
regretting
regroup
regrouped
regrouping
regs
regtext
regulamin
regular
regularities
regularity
regularly
regulars
regulate
regulated
regulates
regulating
regulation
regulations
regulative
regulator
regulators
regulatory
reguser
regusers
reh
rehabilitate
rehearsal
rehearsals
rehearse
rehearsed
rehearser
rehearses
rehearsing
rei
reign
reigned
reigning
reigns
reimbursable
reimburse
reimbursed
reimbursement
reimbursements
reimg
rein
reincarnate
reincarnated
reincarnation
reindeer
reined
reinforce
reinforced
reinforcement
reinforcements
reinforcer
reinforces
reinforcing
reinitialize
reinitialized
reinitializing
reins
reinsert
reinserted
reinserting
reinserts
reinstate
reinstated
reinstatement
reinstates
reinstating
reinterpret
reinterpreted
reinterpreting
reinterprets
reintroduce
reintroduced
reintroduces
reintroducing
reinvent
reinvented
reinventing
reinvents
reise
reisen
reiser
reiseziele
reiterate
reiterated
reiterates
reiterating
reiteration
reizen
rej
reject
rejected
rejecting
rejection
rejections
rejector
rejectors
rejects
rejestracja
rejoice
rejoiced
rejoicer
rejoices
rejoicing
rejoin
rejoinder
rejoined
rejoining
rejoins
rek
rekl
reklaam
reklam
reklama
reklame
reklamy
rel
relabel
relabeled
relabeling
relabelled
relabelling
relabels
relapse
relate
related
related_threads
relater
relates
relating
relation
relational
relationally
relations
relationship
relationships
relative
relatively
relativeness
relatives
relativism
relativistic
relativistically
relativity
relatos
relaunch
relax
relaxation
relaxations
relaxed
relaxer
relaxes
relaxing
relay
relayed
relaying
relays
relcontent
release
released
releases
releasing
relegate
relegated
relegates
relegating
relent
relented
relenting
relentless
relentlessly
relentlessness
relents
relevance
relevances
relevant
relevantly
reliability
reliable
reliably
reliance
reliant
relic
relics
relied
relief
relies
relieve
relieved
reliever
relievers
relieves
relieving
religion
religions
religious
religiously
religiousness
relink
relinquish
relinquished
relinquishes
relinquishing
relish
relished
relishes
relishing
relive
relives
reliving
reload
reloadcms
reloaded
reloader
reloading
reloads
relocatable
relocate
relocated
relocates
relocating
relocation
relocations
relocationwidget
relpage
reluctance
reluctant
reluctantly
rely
relying
rem
remain
remainder
remainders
remained
remaining
remains
remark
remarkable
remarkableness
remarkably
remarked
remarking
remarks
remax
remaxil
remedial
remedied
remedies
remedy
remedying
remember
remembered
remembering
remembers
remembrance
remembrances
remind
remind_password
reminded
reminder
reminders
reminding
remindme
reminds
reminiscence
reminiscences
reminiscent
reminiscently
remiss
remission
remit
remittance
remnant
remnants
remodel
remodeled
remodeling
remodels
remonstrate
remonstrated
remonstrates
remonstrating
remonstration
remonstrative
remorse
remorseful
remos_downloads
remository
remote
remote_connector
remotely
remotelyanywhere
remoteness
remotes
remotest
remotetracer
remoto
removable
removal
removals
remove
remove_post
remove_tag
removed
remover
removes
removetopic2
removing
remstats
remunerate
remuneration
ren
renaissance
renal
rename
renamed
renames
renaming
renattach
rencontre
rencontres
rend
render
rendered
renderhandlers
rendering
renderings
renders
rendezvous
rending
rendition
renditions
rends
renee
renegade
renegotiable
renew
renewable
renewal
renewals
renewed
renewer
renewing
renews
reno
renounce
renounces
renouncing
renovate
renovated
renovation
renown
renowned
rent
rental
rentals
rented
renting
rents
rentvsbuycalc
renumber
renumbering
renumbers
renunciate
renunciation
reo
reoccur
reopen
reopened
reopening
reopens
reorder
reordered
reordering
reorders
reorganization
reorganizations
reorganize
reorganized
reorganizes
reorganizing
rep
repackage
repaid
repair
repair-center
repaired
repairer
repairing
repairman
repairmen
repairs
reparation
reparations
repartee
repartition
repaso
repast
repasts
repay
repaying
repays
repeal
repealed
repealer
repealing
repeals
repeat
repeatable
repeated
repeatedly
repeater
repeaters
repeating
repeats
repel
repelled
repellent
repels
repent
repentance
repented
repenting
repents
repercussion
repercussions
repertoire
repertory
repetition
repetitions
repetitious
repetitive
repetitively
repetitiveness
rephrase
rephrased
rephrases
rephrasing
repine
repl
replace
replaceable
replaced
replacement
replacements
replacer
replaces
replacing
replay
replayed
replaying
replays
replenish
replenished
replenishes
replenishing
replete
repleteness
repletion
replica
replicas
replicate
replicated
replicates
replicating
replication
replications
replicator
replicom
replied
replies
reply
replying
repo
repomonkey
report
report-error
report2
report_abuse
reportajes
reportbadoffer
reported
reportedly
reporter
reporters
reportes
reporting
reports
reports-old
reports-test
reportslist
reporttm
repos
repose
reposed
reposes
reposing
reposition
repositioned
repositioning
repositions
repositories
repositorio
repository
repost
reprehensible
represent
representable
representably
representation
representational
representationally
representations
representative
representatively
representativeness
representatives
represented
representing
represents
repress
repressed
represses
repressing
repression
repressions
repressive
reprieve
reprieved
reprieves
reprieving
reprimand
reprint
reprinted
reprinting
reprints
reprintsidebar
reprisal
reprisals
reprise-panier
reproach
reproached
reproaches
reproaching
reprobate
reproduce
reproduced
reproducer
reproducers
reproduces
reproducibilities
reproducibility
reproducible
reproducibly
reproducing
reproduction
reproductions
reproductor
reprogram
reprogrammed
reprogramming
reprograms
reproof
reprove
reprover
reps
reptile
reptiles
reptilian
republic
republican
republicans
republics
repudiate
repudiated
repudiates
repudiating
repudiation
repudiations
repugnant
repulse
repulsed
repulses
repulsing
repulsion
repulsions
repulsive
reputable
reputably
reputation
reputations
repute
reputed
reputedly
reputes
req
reqa
reqdis
reqs
request
request-a-quote
request-contact
request-info
request_form
request_info
request_password
requested
requester
requesters
requestinfo
requesting
requests
requetes
require
required
requirement
requirements
requires
requiring
requisite
requisites
requisition
requisitioned
requisitioning
requisitions
reqx
rer
reread
reregister
reroute
rerouted
reroutes
rerouting
rerun
reruns
res
resa
resale
reschedule
rescind
rescorla
rescue
rescued
rescuer
rescuers
rescues
rescuing
research
researched
researcher
researchers
researches
researching
reseau
reselect
reselected
reselecting
reselects
resell
reseller
resellers
reselling
resemblance
resemblances
resemble
resembled
resembles
resembling
resent
resented
resentful
resentfully
resenting
resentment
resents
reser
reserpine
reserv
reservas
reservation
reservations
reserve
reserve_search
reserved
reserver
reserveren
reserves
reserving
reservoir
reservoirs
reset
reset-password
reset_password
resetpasswd
resetpassword
resets
resetting
resettings
reside
resided
residence
residences
resident
residential
residentially
residents
resides
residing
residual
residue
residues
resign
resignation
resignations
resigned
resigning
resigns
resilient
resim
resimler
resin
resin-admin
resins
resist
resistable
resistance
resistances
resistant
resistantly
resisted
resistible
resisting
resistive
resistivity
resistor
resistors
resists
resize
resized
resizer
resizes
reslife
resmgr
resolute
resolutely
resoluteness
resolution
resolutions
resolvable
resolve
resolved
resolver
resolvers
resolves
resolving
resonance
resonances
resonant
resonate
resort
resorted
resorting
resorts
resound
resounding
resounds
resource
resource-center
resource_bundles
resource_center
resourcecenter
resourceful
resourcefully
resourcefulness
resources
resources1
resources2
resources3
resources4
resources5
resources6
resp
respaldo
respaldos
respect
respectability
respectable
respectably
respected
respecter
respectful
respectfully
respectfulness
respecting
respective
respectively
respects
respiration
respirator
respiratory
respite
resplendent
resplendently
respond
responded
respondent
respondents
responder
responding
responds
respondus
response
responses
responsibilities
responsibility
responsible
responsibleness
responsibly
responsive
responsively
responsiveness
ressource
ressources
rest
restart
restarted
restarting
restarts
restate
restated
restatement
restates
restating
restaurant
restaurante
restaurantes
restaurants
restaurateur
rested
restful
restfully
restfulness
resting
restitution
restive
restless
restlessly
restlessness
restoration
restorations
restore
restored
restorer
restorers
restores
restoring
restrain
restrained
restrainer
restrainers
restraining
restrains
restraint
restraints
restrict
restricted
restricted_area
restricting
restriction
restrictions
restrictive
restrictively
restrictor_log
restricts
restrito
restroom
restructure
restructured
restructures
restructuring
rests
result
resultados
resultant
resultantly
resultants
resultats
resulted
resulting
results
resumable
resume
resumeblast
resumed
resumes
resuming
resumption
resumptions
resurgent
resurrect
resurrected
resurrecting
resurrection
resurrections
resurrector
resurrectors
resurrects
resuscitate
resynchronization
resynchronize
resynchronized
resynchronizing
ret
retail
retailer
retailers
retailing
retain
retained
retainer
retainers
retaining
retainment
retains
retaliate
retaliation
retaliatory
retard
retarded
retarder
retarding
retch
retention
retentions
retentive
retentively
retentiveness
reticle
reticles
reticular
reticulate
reticulated
reticulately
reticulates
reticulating
reticulation
retina
retinal
retinas
retinue
retire
retired
retiree
retirement
retirements
retires
retiring
retort
retorted
retorts
retrace
retraced
retraces
retracing
retract
retracted
retracting
retraction
retractions
retracts
retrain
retrained
retraining
retrains
retranslate
retranslated
retransmission
retransmissions
retransmit
retransmits
retransmitted
retransmitting
retreat
retreated
retreating
retreats
retribution
retried
retrier
retriers
retries
retrievable
retrieval
retrievals
retrieve
retrieved
retriever
retrievers
retrieves
retrieving
retro
retro64
retroactive
retroactively
retrofit
retrofitting
retrograde
retrospect
retrospection
retrospective
retry
retrying
return
returnable
returned
returner
returning
returns
retype
retyped
retypes
retyping
reu
reunion
reunions
reunite
reunited
reuniting
reusable
reusablecontent
reuse
reused
reuses
reusing
reuters
rev
revamp
revamp1
revamped
revamping
revamps
reveal
revealed
revealing
reveals
revel
revelation
revelations
reveled
reveler
reveling
revelry
revels
revenda
revenge
revenger
revenue
revenuers
revenues
reverberate
revere
revered
reverence
reverend
reverends
reverent
reverently
reveres
reverie
reverified
reverifies
reverify
reverifying
revering
reversal
reversals
reverse
reversed
reversely
reverser
reverses
reversible
reversing
reversion
revert
reverted
reverting
reverts
review
review-script
reviewed
reviewer
reviewers
reviewhelpful
reviewing
reviewpost
reviewrank
reviews
revile
reviled
reviler
reviling
revilloc
revise
revised
reviser
revises
revising
revision
revisionary
revisions
revisit
revisited
revisiting
revisits
revista
revistas
revival
revivals
revive
revived
reviver
revives
reviving
revize
revocable
revocation
revogames
revoke
revoked
revoker
revokes
revoking
revolt
revolted
revolter
revolting
revoltingly
revolts
revolution
revolutionaries
revolutionary
revolutionize
revolutionized
revolutionizer
revolutions
revolve
revolved
revolver
revolvers
revolves
revolving
revulsion
rew
reward
rewarded
rewarding
rewardingly
rewards
rewards-program
rewind
rewinding
rewinds
rewire
rework
reworked
reworking
reworks
rewound
rewrite
rewrites
rewriting
rewritten
rex
rey
reynolds
rez
rezensent
rezepte
rezervace
rezerwacja
reznor
rf
rfa
rfb
rfc
rfd
rfe
rff
rfg
rfh
rfi
rfibs
rfid
rfindd
rfj
rfk
rfl
rfm
rfn
rfo
rforum
rfp
rfp_create
rfp_create_local
rfq
rfr
rfs
rft
rfu
rfv
rfw
rfx
rfy
rfz
rg
rga
rgb
rgc
rgd
rge
rgf
rgg
rgh
rgi
rgj
rgk
rgl
rgm
rgn
rgo
rgp
rgq
rgr
rgs
rgt
rgu
rgv
rgw
rgx
rgy
rgz
rh
rha
rhapsody
rhb
rhc
rhd
rhe
rhein-main
rheinland-pfalz
rhesus
rhetoric
rheumatic
rheumatism
rhf
rhg
rhh
rhi
rhinestone
rhino
rhinoceros
rhinosoft
rhj
rhk
rhl
rhm
rhn
rho
rhode-island
rhoden
rhododendron
rhombic
rhombus
rhonda
rhosts
rhp
rhq
rhr
rhs
rht
rhtml
rhu
rhubarb
rhuk_milkyway
rhv
rhw
rhx
rhy
rhyme
rhymed
rhymes
rhyming
rhythm
rhythmic
rhythmically
rhythms
rhz
ri
ri-fr
ria
rib
ribald
ribbed
ribbing
ribbon
ribbons
riboflavin
ribonucleic
ribs
ric
rice
ricerca
ricerche
ricette
rich
richard
richer
riches
richest
richly
richmond
richness
richpub
rick
rickets
rickety
rickshaw
rickshaws
ricky
ricochet
ricoh
rid
riddance
ridden
ridding
riddle
riddled
riddles
riddling
ride
rident
rider
riders
rides
ridge
ridgepole
ridges
ridicule
ridiculed
ridicules
ridiculing
ridiculous
ridiculously
ridiculousness
riding
rids
rie
rif
rifle
rifled
rifleman
rifler
rifles
rifling
rift
rig
rigging
right
righted
righteous
righteously
righteousness
righter
rightful
rightfully
rightfulness
righting
rightly
rightmost
rightness
rights
rightward
rigid
rigidity
rigidly
rigor
rigorous
rigorously
rigors
rigs
rih
rii
rij
rik
ril
rill
rim
rimarts
rime
rims
rin
rincon
rind
rinds
rinetd
ring
ringed
ringer
ringers
ringing
ringingly
ringings
ringlink
rings
ringside
ringtone
ringtones
rink
rinse
rinsed
rinser
rinses
rinsing
rio
riot
riot-utils
rioted
rioter
rioters
rioting
riotous
riots
rip
ripe
ripely
ripen
ripeness
ripoff
ripped
ripper
ripping
ripple
rippled
ripples
rippling
rips
riq
rir
ris
ris_datalogs
risc
rise
risearch
risen
riser
risers
riservata
rises
rising
risings
risk
risked
risking
risks
risky
risorse
rit
rite
rites
ritual
ritually
rituals
ritz
riu
riv
rival
rivaled
rivalled
rivalling
rivalries
rivalry
rivals
river
riverbank
riverdark
riverfront
rivero
rivers
riverside
rivest
rivet
riveter
rivets
rivulet
rivulets
riw
rix
riy
riz
rj
rja
rjb
rjc
rjd
rje
rjf
rjg
rjh
rji
rjj
rjk
rjl
rjm
rjn
rjo
rjp
rjq
rjr
rjs
rjt
rju
rjv
rjw
rjx
rjy
rjz
rk
rka
rkb
rkc
rkd
rke
rkf
rkg
rkh
rki
rkj
rkk
rkl
rkm
rkn
rko
rkp
rkq
rkr
rkrt
rks
rkt
rku
rkv
rkw
rkx
rky
rkz
rl
rla
rlaj
rlb
rlc
rld
rle
rlf
rlg
rlh
rli
rlj
rlk
rll
rlm
rln
rlo
rlp
rlpr
rlq
rlr
rls
rlt
rlu
rlv
rlw
rlx
rly
rlz
rm
rma
rmarc
rmb
rmc
rmd
rme
rmf
rmg
rmh
rmi
rmj
rmk
rml
rmm
rmn
rmo
rmp
rmq
rmr
rms
rmt
rmu
rmv
rmw
rmx
rmy
rmz
rn
rna
rnb
rnc
rnd
rne
rnews
rnf
rng
rnh
rni
rnj
rnk
rnl
rnm
rnn
rno
rnp
rnq
rnr
rns
rnt
rnu
rnv
rnw
rnx
rny
rnz
ro
ro-gb
roa
roach
road
road-transport
roadbed
roadblock
roadmap
roadrunner
roads
roadside
roadster
roadsters
roadway
roadways
roam
roamed
roaming
roams
roar
roared
roarer
roaring
roars
roast
roasted
roaster
roasting
roasts
rob
robbed
robber
robberies
robbers
robbery
robbie
robbing
robe
robed
robert
robert1
roberto
roberts
robes
robin
robing
robinhoo
robins
robo
robot
robot-trap
robotech
robotftp
robotic
robotics
robots
robotstats
robotstxt
robottrap
robs
robtex
robust
robustly
robustness
robyn
roc
rochelle
rochester
rock
rockabye
rocked
rocker
rockers
rocket
rocketed
rocketing
rockets
rocking
rockliffe
rocks
rockwell
rocky
rod
rode
rodent
rodents
rodeo
rods
roe
roethlisberger
rof
rog
roger
rogue
rogues
roh
roi
roj
rok
rokbox
rokdownloads
rol
roland
role
roles
rolex
roll
rollback
rolled
roller
rollers
rolling
rolls
rolo
rom
roma
roman
romana
romance
romancer
romancers
romances
romancing
romania
romanian
romano
romantic
romantics
rome
romedahl
romp
romped
romper
romping
romps
ron
ronald
ronda
roo
roof
roofed
roofer
roofing
roofingissues
roofs
rooftop
rook
rookie
room
roomdetails
roomed
roomer
roomers
roomful
rooming
roommate
rooms
roomsandsuites
roomy
rooot
roost
rooster
roosters
root
rooted
rooter
rooting
rootkit
roots
rooty
rop
rope
roped
roper
ropers
ropes
roping
roq
ror
rorentity
rorindex
rortopics
ros
rosary
rose
rose-gallery
rosebud
rosebuds
rosebush
rosegallery
rosemary
roses
rosette
rosie
rosiello
rosiness
ross
roster
rosters
rostov
rostrum
rosy
rot
rotary
rotate
rotated
rotates
rotating
rotation
rotational
rotations
rotator
rotatorwidget
roth
rotor
rots
rotten
rottenness
rotting
rotund
rotunda
rou
rouge
rough
roughed
roughen
rougher
roughest
roughly
roughneck
roughness
roulette
round
roundabout
roundcube
roundcubemail
rounded
roundedness
rounder
roundest
roundhead
roundhouse
rounding
roundly
roundness
roundoff
rounds
roundtable
roundup
roundworm
rouse
roused
rouses
rousing
roustabout
rout
route
routed
router
router97
routers
routes
routine
routinely
routines
routing
routings
rov
rove
roved
rover
roves
roving
row
rowboat
rowdef
rowdy
rowed
rower
rowing
rows
rox
roxen
roxio
roxy
roy
royal
royal-wedding
royalist
royalists
royally
royalties
royalty
roz
rp
rpa
rpath
rpb
rpc
rpc2
rpcuser
rpd
rpe
rpf
rpg
rph
rpi
rpj
rpk
rpl
rpm
rpn
rpo
rpp
rpq
rpr
rps
rpt
rpts
rpu
rpv
rpw
rpx
rpy
rpz
rq
rqa
rqb
rqc
rqd
rqe
rqf
rqg
rqh
rqi
rqj
rqk
rql
rqm
rqn
rqo
rqp
rqq
rqr
rqs
rqt
rqu
rqv
rqw
rqx
rqy
rqz
rr
rra
rrb
rrc
rrd
rre
rrf
rrg
rrh
rri
rrj
rrk
rrl
rrm
rrn
rro
rrp
rrq
rrr
rrs
rrt
rru
rrv
rrw
rrx
rry
rrz
rs
rsa
rsb
rsbac
rsc
rsd
rse
rsearch
rsf
rsg
rsh
rsi
rsj
rsk
rsl
rsm
rsn
rsnapshot
rsniff
rso
rsp
rsq
rsr
rsrc
rss
rss-feeds
rss10
rss2
rss20
rss2html
rss_cache
rss_class
rss_news
rssarticle
rssbox
rsscache
rsscb
rssfeed
rssfeeds
rssh
rsshome
rssnews
rssowl
rssreader
rsstest
rssthread
rsszone
rst
rsu
rsv
rsvp
rsw
rsx
rsy
rsync
rsyslog
rsz
rt
rta
rtasarim
rtb
rtc
rtd
rte
rte-snippets
rtf
rtf2latex2e
rtfm
rtg
rth
rti
rtj
rtk
rtkit
rtl
rtm
rtn
rto
rtp
rtq
rtr
rts
rtt
rtu
rtv
rtw
rtx
rty
rtz
ru
ru-gb
ru-ru
ru_RU
ru_ru
rua
rub
rubbed
rubber
rubberdoc
rubbers
rubbery
rubbing
rubbish
rubble
rubdown
ruben
rubies
rubini
ruble
rubles
rubout
rubric
rubriche
rubrik
rubrik2
rubriques
rubs
ruby
ruc
rud
rudder
rudders
ruddiness
ruddy
rude
rudely
rudeness
rudi
rudiment
rudimentary
rudiments
rue
ruefully
ruesselsheim
ruf
ruffian
ruffianly
ruffians
ruffle
ruffled
ruffles
rufus
rug
rugby
rugged
ruggedly
ruggedness
rugs
ruh
rui
ruin
ruination
ruinations
ruined
ruining
ruinous
ruinously
ruins
ruj
ruk
rul
rule
ruled
ruler
rulers
rules
ruling
rulings
rum
rumble
rumbled
rumbler
rumbles
rumbling
rumen
rummage
rummy
rumor
rumored
rumors
rumours
rump
rumple
rumpled
rumply
rumpus
run
runaway
runcms
rundown
rung
rungs
runnable
runner
runners
running
runoff
runs
runsearch
runt
runtime
runway
ruo
rup
rupee
rupture
ruptured
ruptures
rupturing
ruq
rur
rural
rurally
rus
rush
rushed
rusher
rushes
rushing
ruslan
russcom
russell
russet
russia
russian
rust
rusted
rustic
rusticate
rusticated
rusticates
rusticating
rustication
rusting
rustle
rustled
rustler
rustlers
rustling
rusts
rusty
rustydragon
rut
rutgers
ruth
ruthless
ruthlessly
ruthlessness
ruts
ruu
ruv
ruw
rux
ruy
ruz
ruzmetov
rv
rva
rvb
rvc
rvd
rve
rvf
rvg
rvh
rvi
rvj
rvk
rvl
rvm
rvn
rvo
rvp
rvq
rvr
rvs
rvt
rvu
rvv
rvw
rvx
rvy
rvz
rw
rw_common
rwa
rwb
rwc
rwd
rwe
rwf
rwg
rwh
rwhod
rwi
rwj
rwk
rwl
rwm
rwn
rwo
rwp
rwq
rwr
rws
rwscripts
rwservlet
rwt
rwu
rwv
rww
rwx
rwy
rwz
rx
rxa
rxb
rxc
rxd
rxe
rxf
rxg
rxgoogle
rxh
rxi
rxj
rxk
rxl
rxm
rxn
rxo
rxp
rxq
rxr
rxs
rxt
rxu
rxv
rxvt
rxw
rxx
rxy
rxz
rya
ryan
ryazan
ryb
rybak
ryc
ryd
rye
ryf
ryg
ryh
ryi
ryj
ryk
ryl
rym
ryn
ryo
ryp
ryq
ryr
rys
ryszard
ryt
ryu
ryv
ryw
ryx
ryy
ryz
rz
rza
rzb
rzc
rzd
rze
rzf
rzg
rzh
rzi
rzj
rzk
rzl
rzm
rzn
rzo
rzp
rzq
rzr
rzs
rzt
rzu
rzv
rzw
rzx
rzy
rzz
s
s-cart
s-terra
s1
s1148
s2
s3
s3cr3t-area
s4
s5
s5230
s7
s7z
s9y
s_action
sa
sa-exim
saa
saarport
saas
sab
sabbath
sabbatical
sabdrimer
saber
sabers
sable
sables
sabotage
sabre
sabrina
sac
sacerdoti
sach
sachs
sack
sacker
sacking
sacks
sacrament
sacramento
sacred
sacredly
sacredness
sacrifice
sacrificed
sacrificer
sacrificers
sacrifices
sacrificial
sacrificially
sacrificing
sacrilege
sacrilegious
sacrosanct
sacs
sad
sadden
saddened
saddens
sadder
saddest
saddle
saddlebag
saddled
saddles
sadie
sadism
sadist
sadistic
sadistically
sadists
sadly
sadmin
sadness
sadokyoshitsu
sae
saf
safari
safe
safe_include
safebrowsing
safeguard
safeguarded
safeguarding
safeguards
safeharbor
safehtml
safekeeping
safely
safeness
safenet
safer
safes
safest
safeties
safetp
safety
safeware
saffron
sag
saga
sagacious
sagacity
sage
sagebrush
sagely
sages
saggaf
sagging
sagittal
sags
saguaro
sah
sai
said
sail
sailboat
sailed
sailfish
sailing
sailor
sailorly
sailors
sails
saint
sainted
sainthood
saintly
saints
saioa
sait
saj
sak
sake
sakes
sakki
sal
salable
salad
salads
salamander
salami
salaried
salaries
salary
salas
sald
sale
salem
sales
sales-services
sales_force
salesbarn
salesforce
salesgirl
saleslady
saleslogix
salesman
salesmen
salespage
salesperson
salesreps
salessupport
salida
salient
salim
salims
salinas
saline
saliva
salivary
salivate
sallies
sallow
sally
sallying
salmon
salo
salon
salons
saloon
saloons
salt
salted
salter
salters
saltier
saltiest
saltiness
salting
salts
salty
salud
salut
salutary
salutation
salutations
salute
saluted
salutes
saluting
salvage
salvaged
salvager
salvages
salvaging
salvar
salvataggi
salvation
salvatore
salve
salver
salves
sam
samantha
samara
samba
samba-tng
sambar
same
samedia
sameness
sametime
sametimeapplet
samhain
saml
sammy
sample
sample-page
sample1
sample_pages
sampled
samplenewsletter
sampler
samplereports
samplers
samples
samplesite
sampling
samplings
sampson
sams
samson
samsung
samswhois
samuel
san
san-diego
san-francisco
sanantonio
sanatoria
sanatorium
sanchez
sanctification
sanctified
sanctify
sanctimonious
sanction
sanctioned
sanctioning
sanctions
sanctity
sanctuaries
sanctuary
sanctum
sand
sandal
sandals
sandbag
sandbox
sanded
sander
sandiego
sanding
sandino
sandman
sandpaper
sandpit
sandra
sandrof
sands
sandsprite
sandstone
sandsurfer
sandtrap
sandvik
sandwich
sandwiches
sandy
sane
saned
sanely
saner
sanest
sanfrancisco
sang
sanguine
sanitarium
sanitary
sanitation
sanitizer
sanity
sanjose
sanjose1
sanjuan
sank
sanmateo
sanmina
santa
santacruz
santander
sante
santiago
sanz
sao
sao-paulo
saoimage
sap
sape
saphp
sapi
sapid
sapiens
sapio
sapling
saplings
sapphire
sapporoworks
saps
sapsucker
saq
sar
sara
sarah
sarah1
saralblog
saratov
sarcasm
sarcasms
sarcastic
sardegna
sardine
sardonic
sari
sarton
sas
sasdk
sasg
sash
sasha
saskia
sasno
sassafras
sasse
sassy
sat
satanic
satchel
satchels
sate
sated
satellite
satellites
sates
satin
sating
satire
satires
satiric
satisfaction
satisfactions
satisfactorily
satisfactory
satisfiability
satisfiable
satisfied
satisfies
satisfy
satisfying
saturate
saturated
saturates
saturating
saturation
saturn
satyr
sau
sauce
saucepan
saucepans
saucer
saucers
sauces
saucy
saude
sauerbraten
sauna
saunter
sausage
sausages
sauvegarde
sauvegardes
sav
savage
savaged
savagely
savageness
savager
savagers
savages
savaging
savannah
savant
save
save-it
saved
savedsearch
savefitmentcmd
savemulti
savemymodem
saver
savers
saves
saving
savings
savior
saviors
savor
savored
savoring
savors
savory
saw
sawdust
sawed
sawfish
sawing
sawmill
sawmills
saws
sawtooth
sax
saxon
saxophone
saxotech
say
sayama
sayer
sayers
saying
sayings
says
saz
sb
sb-zptqarml
sba
sbb
sbc
sbconf
sbd
sbdc
sbe
sbf
sbg
sbh
sbi
sbin
sbj
sbk
sbl
sblim
sblog
sblogin
sbm
sbn
sbo
sbox
sbp
sbq
sbr
sbragion
sbs
sbt
sbu
sbv
sbw
sbx
sby
sbz
sc
sc_images
sc_infodir
sca
scab
scabbard
scabbards
scabrous
scache
scaffold
scaffolding
scaffoldings
scaffolds
scalable
scalar
scalars
scald
scalded
scalding
scale
scaled
scales
scaling
scalings
scallop
scalloped
scallops
scalp
scalps
scaly
scamper
scampering
scampers
scan
scandal
scandalous
scandals
scanned
scanner
scanners
scanning
scans
scansoft
scant
scantier
scantiest
scantily
scantiness
scantly
scanty
scapegoat
scar
scaramanga
scarce
scarcely
scarceness
scarcer
scarcity
scare
scarecrow
scared
scares
scarf
scaring
scarlet
scarlett
scars
scart
scarves
scary
scatter
scatterbrain
scatterchat
scattered
scattering
scatters
scb
scc
scd
sce
scenario
scenarios
scene
scenery
scenes
scenic
scent
scented
scents
scepter
scepters
scf
scg
scgi-bin
sch
schatz
sched
schedmtg
schedulable
schedule
scheduled
scheduled_tasks
scheduledtasks
scheduler
schedulers
schedules
scheduling
schedulingmanagement
schema
schemas
schemata
schematic
schematically
schematics
scheme
schemed
schemer
schemers
schemes
scheming
schemitz
schet
schilling
schillix
schism
schizophrenia
schmolze
schoenwaelder
scholar
scholarly
scholars
scholarship
scholarships
scholastic
scholastically
scholastics
school
schoolalumni
schoolboy
schoolboys
schooled
schooler
schoolers
schoolhouse
schoolhouses
schooling
schoolmaster
schoolmasters
schoolroom
schoolrooms
schools
schooner
schowek
schudar
schule
schulung
schulze
schwab
schweiz
schwenkes
sci
science
sciences
scientific
scientifically
scientist
scientists
scipts
scissor
scissored
scissoring
scissors
scj
sck
scl
sclerosis
sclerotic
scm
scma
scms
scn
sco
scoff
scoffed
scoffer
scoffing
scoffs
scold
scolded
scolding
scolds
scom
scontrol
scooby
scoop
scooped
scooping
scoops
scoot
scooter
scooter1
scopbin
scope
scoped
scopes
scoping
scopus
scorch
scorched
scorcher
scorches
scorching
score
scoreboard
scorecard
scored
scorer
scorers
scores
scoring
scorings
scorn
scorned
scorner
scornful
scornfully
scorning
scorns
scorpio
scorpion
scorpions
scotch
scotland
scotlandcashback
scotmail
scott
scottsdale
scotty
scoundrel
scoundrels
scour
scoured
scourge
scouring
scours
scout
scouted
scouting
scouts
scow
scowl
scowled
scowling
scowls
scozbook
scoznet
scp
scponly
scq
scr
scram
scramble
scrambled
scrambler
scrambles
scrambling
scrap
scrapbook
scrape
scraped
scraper
scrapers
scrapes
scraping
scrapings
scrapped
scraps
scratc
scratch
scratch_pad
scratched
scratcher
scratchers
scratches
scratching
scratchy
scrawl
scrawled
scrawling
scrawls
scrawny
scream
screamed
screamer
screamers
screaming
screams
screech
screeched
screeches
screeching
screen
screencasts
screened
screening
screenings
screenplay
screens
screensaver
screensavers
screenshot
screenshots
screw
screw1
screw2
screwball
screwdriver
screwed
screwing
screws
scribble
scribbled
scribbler
scribbles
scribe
scribes
scribing
scrimmage
scrips
script
script-shed
script-solution
script-www
script_library
scriptaculous
scriptconf
scriptcontent
scripte
scripters
scriptfunctions
scripthandlers
scripting
scriptlet
scriptlets
scriptlibrary
scriptlogic
scriptme
scriptresource
scripts
scripts-cart32
scripts-templates
scripts2
scriptservlet
scriptsez
scriptsfrenzy
scriptsglobal
scriptsolutions
scripttags
scripture
scriptures
scrivener
scroll
scrolled
scroller
scrollers
scrolling
scrolls
scrounge
scrpt
scrub
scruffy
scrumptious
scruple
scrupulous
scrupulously
scrutinize
scrutinized
scrutinizing
scrutiny
scry
scs
scssboard
scstore
sct
scu
scuba
scuba1
scud
scuffle
scuffled
scuffles
scuffling
sculpt
sculpted
sculptor
sculptors
sculpts
sculpture
sculptured
sculptures
scurried
scurry
scurvy
scuttle
scuttled
scuttles
scuttling
scv
scw
scx
scy
scythe
scythes
scz
sd
sda
sdata
sdb
sdc
sdd
sde
sdf
sdfingerd
sdg
sdh
sdi
sdj
sdk
sdl
sdm
sdmenu
sdn
sdo
sdp
sdq
sdr
sds
sdt
sdu
sdv
sdw
sdx
sdy
sdz
se
se-gb
sea
seaboard
seacoast
seacoasts
seafood
seagate
seaglass
seagull
seahorse
seal
sealed
sealer
sealing
seals
sealy
seam
seaman
seamed
seamen
seaming
seams
seamy
sean
seanox
seaport
seaports
sear
search
search-form
search-form-js
search-our-site
search-result
search-results
search-this-site
search-users
search1
search123
search2
search2000
search97cgi
search_
search_cache
search_designs
search_engine
search_engines
search_form
search_pages
search_result
search_results
search_rss
search_tips
searchable
searchall
searchcenter
searchdata
searchdb
searched
searchedit
searchengine
searcher
searchers
searches
searchform
searchhandler
searchhistory
searchindex
searching
searchingly
searchings
searchitem
searchlight
searchnx
searchpreview
searchpro
searchprofile
searchresult
searchresults
searchs
searchservices
searchsoftwareamerica
searchsolutions
searchterms
searchtest
searchtools
searchurl
seared
searing
searingly
sears
seas
seashore
seashores
seaside
season
seasonable
seasonably
seasonal
seasonally
seasoned
seasoner
seasoners
seasoning
seasonings
seasons
seasonsgreetings
seat
seated
seating
seatingchart
seats
seattle
seattle-vehicle
seaward
seaweed
seaworld
seb
sebastian
sec
sec_id
secant
secci
seccicond
seccio
seccion
secciones
seccode
secede
seceded
secedes
seceding
secession
secgo
seclude
secluded
seclusion
second
second-love-nl3
secondaries
secondarily
secondary
seconded
seconder
seconders
secondhand
seconding
secondly
seconds
secrecy
secret
secret-page
secretaria
secretarial
secretariat
secretaries
secretary
secrete
secreted
secretes
secreting
secretion
secretions
secretive
secretively
secretly
secreto
secrets
sect
sectarian
section
section-detail
sectional
sectioncontrols
sectioned
sectioning
sections
sector
sectors
sects
secular
secure
secure-checkout
secure-shopping
secure1
secure2
secure_html
secure_login
secure_server
secureaction
secureadmin
securearea
secureauth
secured
securedcontent
securedir
securefiles
secureform
secureimage
securelogin
securely
securemail
secureol
secureorder
secureprocess
secures
securesimpleapp
securimage
securing
securings
securite
securities
security
security-roles
security_images
securityadmin
sed
sedan
sedate
sedge
sediment
sedimentary
sediments
sedition
seditious
seduce
seduced
seducer
seducers
seduces
seducing
seduction
seductive
see
see-commerce
seed
seeded
seeder
seeders
seeding
seedings
seedling
seedlings
seeds
seedy
seeing
seek
seeker
seekers
seeking
seeks
seem
seemed
seeming
seemingly
seemly
seems
seen
seep
seepage
seeped
seeping
seeps
seer
seers
seersucker
sees
seethe
seethed
seethes
seething
sef
seg
segment
segmentation
segmentations
segmented
segmenting
segments
segnala-abuso
segon
segregate
segregated
segregates
segregating
segregation
segue
segundo
seguretat
seguridad
seguro
seh
sei
seil
seir
seisint
seismic
seismograph
seismology
seite
seiten
seize
seized
seizes
seizing
seizure
seizures
sej
sejour
sek
sel
seldom
select
selectaddress
selectbox
selected
selecting
selection
selections
selective
selectively
selectivity
selectman
selectmen
selector
selectors
selects
selectstorescmd
selena
selenium
selezione
self
selfcare
selfish
selfishly
selfishness
selfsame
selfservice
sell
sella
seller
sellers
selling
selling-homes
sellout
sells
seltzer
selves
sem
sem-categoria
sem2
semantic
semantical
semantically
semanticist
semanticists
semantics
semaphore
semaphores
semblance
semester
semesters
semi
semiautomated
semicolon
semicolons
semiconductor
semiconductors
seminal
seminar
seminare
seminarian
seminaries
seminars
seminary
semipermanent
semipermanently
sen
senao
senas
senate
senates
senator
senatorial
senators
send
send-a-story
send-email
send-password
send-to
send-to-friend
send_form
send_mail
send_message
send_order
send_pwd
send_to_friend
sendamessage
sendcard
sendcomment
sendemail
sendentity
sender
senders
sendfile
sendform
sendfriend
sending
sendit
sendlink
sendmail
sendmessage
sendpage
sendpm
sends
sendstory
sendstudio
sendstudionx
sendthread
sendto
sendto_form
sendtoafriend
sendtofriend
sendtopic
senile
senior
seniority
seniors
sensation
sensational
sensationally
sensations
sense
sensed
senseless
senselessly
senselessness
sensepost
senses
sensesites
sensibilities
sensibility
sensible
sensibly
sensing
sensitive
sensitively
sensitiveness
sensitives
sensitivities
sensitivity
sensor
sensors
sensory
sensual
sensuous
sent
sentence
sentenced
sentences
sentencing
sentential
sentiment
sentimental
sentimentally
sentiments
sentinel
sentinelle
sentinels
sentraweb
sentries
sentry
seo
seo-blog
seo-board
seo-forum
seo-services
seo-tips
seo-tools
seo_sitemap
seoadmin
seoblog
seoelite
seopanel
seoplink
seotest
seotoolkit
seotools
sep
separable
separate
separated
separately
separateness
separates
separating
separation
separations
separator
separators
sepcity
sepia
sept
septembe
sepulcher
sepulchers
seq
sequel
sequels
sequence
sequenced
sequencer
sequencers
sequences
sequencing
sequencings
sequent
sequential
sequentiality
sequentialize
sequentialized
sequentializes
sequentializing
sequentially
sequester
ser
seral
serena
serendipitous
serendipity
serene
serenely
serenity
serf
serfs
serg
sergeant
sergeants
sergei
sergids
serial
serializability
serializable
serialization
serializations
serialize
serialized
serializes
serializing
serially
serials
serie
series
serif
serious
seriously
seriousness
serioussam
sermon
sermons
serpent
serpentine
serpents
serra
serum
serums
serv
serv-u
servant
servants
serve
served
serveis
server
server-images
server-info
server-status
server_admin_small
server_errors
server_stats
servercontrols
serverinfo
servers
serverscheck
serversecure
serversnips
serves
serveur
service
service_dateien
serviceability
serviceable
servicecenter
servicecenters
serviced
servicehilfe
serviceinterface
servicelist
serviceman
servicemen
servicerfp
services
servicing
servicio
servicios
servicos
servidor
servile
serving
servings
servis
servitude
servizi
servlet
servlets
servlets-examples
servo
servomechanism
ses
sesame
sess
session
sessionhandler
sessionid
sessionlist
sessions
set
set-kl
set-mt
set-mts
set-tm
set_language
setback
setcurrency
seth
seti
setinmanager
setlocale
setnewsprefs
setprefs
setroubleshoot
sets
settable
setter
setters
setting
settings
settle
settled
settlement
settlements
settler
settlers
settles
settling
setup
setups
setvatsetting
seu
seucre
seunghyun
sev
seven
seven7
sevenfold
sevens
seventeen
seventeens
seventeenth
seventh
seventies
seventieth
seventy
sever
several
severalfold
severally
severance
severe
severed
severely
severer
severest
severing
severities
severity
severs
sevilla
sew
sewage
sewed
sewer
sewers
sewing
sews
sex
sexe
sexed
sexes
sexist
sexo
sexshop
sextet
sextillion
sexton
sextuple
sextuplet
sexual
sexuality
sexually
sexy
sexybookmarks
sey
seyeon
seyretfiles
sez
sf
sfa
sfaddons
sfark
sfb
sfc
sfd
sfdc
sfdoctrineplugin
sfdstyle
sfe
sff
sfg
sfh
sfi
sfilemanager
sfj
sfk
sfl
sflib
sfm
sfn
sfo
sfondi
sforum
sfp
sfq
sfr
sfs
sft
sfu
sfv
sfw
sfx
sfy
sfz
sg
sga
sgallery
sgb
sgc
sgd
sge
sgf
sgg
sgh
sgi
sgiweb
sgj
sgk
sgl
sgm
sgn
sgo
sgp
sgq
sgr
sgs
sgt
sgu
sgv
sgw
sgx
sgy
sgz
sh
sh-httpd
sh-news
sh39
sh_history
sha
shabby
shablon
shack
shacked
shackle
shackled
shackles
shackling
shacks
shade
shaded
shades
shadier
shadiest
shadily
shadiness
shading
shadings
shadow
shadow1
shadowbox
shadowed
shadowing
shadowjaas
shadows
shadowy
shady
shaft
shafts
shaggy
shakable
shakably
shake
shakedown
shaken
shaker
shakers
shakes
shakiness
shaking
shakinghands
shaky
shale
shall
shallow
shallower
shallowly
shallowness
shalom
shalunov
sham
shambles
shame
shamed
shameful
shamefully
shameless
shamelessly
shames
shaming
shampoo
shamrock
shams
shana
shanghai
shannon
shanti
shanties
shanty
shape
shaped
shapeless
shapelessly
shapelessness
shapely
shaper
shapers
shapes
shaping
shar
sharable
sharc
shard
share
share42
shareable
shareasale
shareaza
sharecropper
sharecroppers
shared
shared-content
shared-resources
shared_assets
shared_files
shared_gfx
shared_images
shared_js
shareddocs
sharedfiles
sharedimages
sharedpages
sharedssl
sharedtemplates
shareholder
shareholders
shareit
sharepoint
sharer
sharers
shares
sharethis
sharethispopupv2
shareware
sharing
shark
sharks
sharky
sharman
sharon
sharp
sharpen
sharpened
sharpening
sharpens
sharper
sharpest
sharply
sharpness
sharpreader
sharpshoot
shatter
shattered
shattering
shatterproof
shatters
shaun2k2
shaun@shat
shave
shaved
shaven
shaver
shaves
shaving
shavings
shavlik
shaw
shawl
shawls
shawn
shaws
shb
shc
shcart
shd
she
sheaf
shear
sheared
shearing
shears
sheath
sheathing
sheaths
sheaves
sheba
shebs
shed
shedding
sheds
sheen
sheena
sheep
sheepskin
sheer
sheerdns
sheered
sheet
sheeted
sheeting
sheets
sheffield
sheik
sheila
shejifangeditor
shelby
sheldon
shelf
shell
shelled
sheller
shelley
shelling
shells
shelly
shelter
sheltered
sheltering
shelters
shelve
shelved
shelves
shelving
shenanigan
shenghuo
shepherd
shepherds
sherbet
sheriff
sheriffs
sherri
sherry
sherzod
shf
shg
shh
shi
shia
shiba-design
shibboleth
shied
shield
shielded
shielding
shies
shifen
shift
shifted
shifter
shifters
shiftier
shiftiest
shiftily
shiftiness
shifting
shifts
shifty
shigio
shiira
shikaigyo
shill
shilling
shillings
shim
shimmer
shimmering
shin
shinbone
shine
shined
shiner
shiners
shines
shingle
shingles
shining
shiningly
shinjyukuku
shiny
ship
shipboard
shipbuilding
shiplabel
shipmate
shipment
shipments
shipped
shipper
shippers
shipping
shipping-policy
shipping-returns
shipping_help
shippinginfo
shippings
shipquote
ships
shipshape
shipwreck
shipwrecked
shipwrecks
shipyard
shire
shirk
shirker
shirking
shirks
shirley
shirt
shirting
shirts
shishir
shit
shithead
shiva
shiver
shivered
shiverer
shivering
shivers
shixxnote
shj
shk
shl
shlib
shm
shmoo
shn
sho
shoal
shoals
shock
shocked
shocker
shockers
shocking
shockingly
shocks
shockwave
shod
shoddy
shodoschool
shoe
shoed
shoehorn
shoeing
shoelace
shoemaker
shoes
shoestring
shone
shook
shoot
shooter
shooters
shooting
shootings
shoots
shop
shop-bin
shop-script
shop01
shop02
shop03
shop04
shop05
shop06
shop07
shop08
shop09
shop1
shop10
shop11
shop12
shop13
shop14
shop15
shop16
shop17
shop18
shop19
shop2
shop20
shop3
shop_admin
shop_banner
shop_closed
shop_content
shop_image
shop_old
shop_test
shopad
shopadmin
shopby
shopbyvehicle
shopcart
shopcartcgi
shopcentrik
shopimages
shopinfo
shoping-cart
shopkeeper
shopkeepers
shopped
shopper
shoppers
shopping
shopping-basket
shopping-cart
shopping-lists
shopping_bag
shopping_cart
shoppingcart
shoppingcarts
shoppinglist
shops
shops_buyaction
shopsite-images
shopsite_sc
shopstat
shopsync
shopsys
shoptest
shopweezle
shopworn
shopz-bx24
shore
shoreline
shores
shorewall
shorn
short
shortage
shortages
shortcoming
shortcomings
shortcut
shortcuts
shorted
shorten
shortened
shortening
shortens
shorter
shortest
shortfall
shorthand
shorthanded
shorting
shortish
shortlinks
shortlist
shortlistadd
shortlistremove
shortly
shortness
shorts
shortsighted
shortstat
shortstop
shorturl
shorty
shot
shotgun
shotguns
shots
shouji
should
shoulder
shouldered
shouldering
shoulders
shout
shoutbook
shoutbox
shoutcast
shouted
shouter
shouters
shouting
shouts
shove
shoved
shovel
shoveled
shovels
shoves
shoving
show
show_post
show_thread
showallsites
showbanner
showbiz
showblog
showboat
showcase
showcat
showcode
showday
showdown
showed
showenv
shower
showered
showering
showers
showgroups
showing
showings
showjobs
showkey
showlogin
showmap
showmembers
showmsg
shown
showoff!
showpage
showpic
showpiece
showpost
showproducts
showprofile
showroom
shows
showsell
showthread
showtimes
showy
shp
shq
shr
shrank
shrapnel
shred
shredder
shredding
shreds
shrek
shrek3
shrew
shrewd
shrewdest
shrewdly
shrewdness
shrews
shriek
shrieked
shrieking
shrieks
shrill
shrilled
shrilling
shrillness
shrilly
shrimp
shrine
shrines
shrink
shrinkable
shrinkage
shrinking
shrinks
shrivel
shriveled
shroud
shrouded
shrub
shrubbery
shrubs
shrug
shrugs
shrunk
shrunken
shs
sht
shtml
shttpd
shu
shudder
shuddered
shuddering
shudders
shuffle
shuffleboard
shuffled
shuffles
shuffling
shun
shuns
shunt
shurf
shut
shutdown
shutdowns
shutoff
shutout
shuts
shutter
shuttered
shutters
shutting
shuttle
shuttlecock
shuttled
shuttles
shuttling
shv
shw
shx
shy
shyly
shyness
shz
si
sia
siag
sib
sibling
siblings
sibsoft
sic
sicherheit
sicherung
sicilia
sick
sicken
sicker
sickest
sickle
sickly
sickness
sicknesses
sickroom
sid
side
sidearm
sideband
sidebar
sidebars
sideboard
sideboards
sideburns
sidecar
sided
sidelight
sidelights
sideline
sider
sidereal
sides
sidesaddle
sideshow
sidestep
sidetrack
sidewalk
sidewalks
sideways
sidewiki
sidewise
siding
sidings
sie
siebel
siege
siegel
sieges
siemens
sierra
sieve
sieves
sif
sifr
sifr3
sift
sifted
sifter
sifting
sig
sigh
sighed
sighing
sighs
sight
sighted
sighting
sightings
sightly
sights
sightseeing
sigma
sign
sign-in
sign-out
sign-up
sign_in
sign_out
sign_up
signage
signal
signaled
signaling
signalled
signalling
signally
signals
signature
signaturepics
signatures
signatureuploads
signed
signer
signers
signet
significance
significant
significantly
significants
signification
signified
signifies
signify
signifying
signin
signing
signoff
signon
signout
signs
signup
signups
sigs
sigver
sih
sii
sij
sik
sil
silc
silence
silenced
silencer
silencers
silences
silencing
silent
silent-storm
silently
silentthought
silhouette
silhouetted
silhouettes
silica
silicate
silicon
silicone
siliconsys
silk
silken
silkier
silkiest
silkily
silks
silky
sill
silliest
silliness
sills
silly
silo
silt
silted
silting
silts
silver
silvercity
silvered
silvering
silverlight
silvernews
silverplatter
silvers
silversmith
silverware
silvery
sim
sima
simages
simba
simg
similar
similarities
similarity
similarly
similars
simile
similitude
simm-comm
simmer
simmered
simmering
simmers
simon
simpbook
simpgb
simple
simple-forum
simpleLogin
simple_captcha
simple_search
simplecdr-x
simplelogin
simplemail
simplemedia
simpleminded
simpleness
simplepie
simplepoll
simpleproxy
simpler
simpler-webb,
simplest
simpletest
simpleton
simpleviewer
simplex
simpliciti
simplicities
simplicity
simplification
simplifications
simplified
simplifier
simplifiers
simplifies
simplify
simplifying
simplistic
simplog
simply
simpsons
simulate
simulated
simulates
simulating
simulation
simulations
simulator
simulators
simulcast
simultaneity
simultaneous
simultaneously
sin
sina
sinc
since
sincere
sincerely
sincerest
sincerity
sine
sines
sinew
sinews
sinewy
sinful
sinfully
sinfulness
sing
singable
singapore
singe
singed
singer
singers
singing
singingly
single
single-sided
single_pages
singleapp
singled
singlehanded
singleness
singles
singlet
singleton
singletons
singling
singly
sings
singsong
singular
singularities
singularity
singularly
sinister
sink
sinked
sinker
sinkers
sinkhole
sinking
sinks
sinned
sinner
sinners
sinning
sins
sinuous
sinus
sinusoid
sinusoidal
sinusoids
sio
sip
sipfoundry
siphon
siphoning
sipping
sips
siq
sir
sircd
sire
sired
siren
sirens
sires
sirs
sirup
sis
sisco
sist
sistem
sistema
sistemas
sistemes
sister
sisterly
sisters
sistina
sit
site
site-admin
site-config
site-images
site-info
site-log
site-management
site-map
site-remote
site-search
site-settings
site-transfer
site-wizard
site1
site10
site2
site2010
site3
site72
site@school
site_admin
site_backup
site_files
site_flash
site_graphics
site_images
site_management
site_manager
site_map
site_media
site_name
site_old
site_search
site_test
site_trailers
siteadmin
sitebackup
sitebar
sitebeater
sitebuilder
sitechecker
sitecom
siteconfig
sitecontent
sitecontrol
sitecopy
sitecore
sitecore_files
sitecrm
sitecubed
sited
sitedata
sitedepth
sitedesign
sitedev
sitedown
siteedit
siteelements
siteenable
sitefiles
sitefinity
siteforum
siteframe
sitegen
siteglobals
sitegraphics
siteimages
siteimg
siteindex
siteinfo
siteinteractive
sitekit
sitelets
sitelogs
sitemaker
sitemaketool
siteman
sitemanage
sitemanager
sitemanager2
sitemap
sitemap_gen
sitemap_xml
sitemapdotnet
sitemapgen
sitemapgenerator
sitemaphtml
sitemaps
sitemedia
sitemgmt
sitemgr
sitenews
siteobjects
siteoffice
sitepages
sitepanel
sitepics
sitepreview
siterefer
sites
sitesearch
siteserver
sitesnagger
sitespeed
sitestats
sitetemplate
sitetest
siteturn
sitewide
siteworks
siti
siting
sitio
sitios
sito
sits
sitter
sitters
sitting
sittings
situ
situate
situated
situates
situating
situation
situational
situationally
situations
siu
siv
siw
six
sixal
sixcms
sixes
sixfold
sixgun
sixhead
sixpence
sixteen
sixteens
sixteenth
sixth
sixties
sixtieth
sixty
siy
siz
sizable
size
size-chart
sized
sizes
sizing
sizings
sizzle
sj
sja
sjb
sjc
sjd
sje
sjf
sjg
sjh
sji
sjj
sjk
sjl
sjm
sjn
sjo
sjp
sjq
sjr
sjs
sjt
sju
sjv
sjw
sjx
sjy
sjz
sk
ska
skabeloner
skate
skated
skater
skaters
skates
skating
skb
skc
skd
ske
skeeter
skel
skeletal
skeleton
skeletons
skeptic
skeptical
skeptically
skepticism
skeptics
sketch
sketchbook
sketched
sketches
sketchily
sketching
sketchpad
sketchy
skew
skewed
skewer
skewers
skewing
skews
skf
skg
skh
ski
ski-holidays
skid
skidding
skidki
skidoo
skied
skies
skiff
skiing
skiljan
skill
skilled
skillet
skillful
skillfully
skillfulness
skills
skillsoft
skim
skimmed
skimming
skimp
skimped
skimping
skimps
skimpy
skims
skin
skin1
skin1_images
skin1_original
skin_acp
skin_backup
skin_cache
skin_default
skincare
skindive
skinned
skinner
skinners
skinning
skinny
skins
skins_dev
skintech
skinwidgets
skip
skipped
skipper
skippers
skipping
skippy
skiprint
skips
skirmish
skirmished
skirmisher
skirmishers
skirmishes
skirmishing
skirt
skirted
skirting
skirts
skis
skit
skj
skk
skl
sklad
sklep
skm
skn
sko
skoom
skp
skq
skr
skript
skripte
skrypty
sks
skt
sku
skulk
skulked
skulker
skulking
skulks
skull
skull-splitter
skullcap
skullduggery
skulls
skulltag
skunk
skunks
skunkweb
skv
skw
skx
sky
skybroadband
skybroadband1
skyeurope
skyhook
skyjack
skylark
skylarking
skylarks
skylight
skylights
skyline
skymarx
skynet
skype
skyrockets
skyscraper
skyscrapers
skystream
skz
sl
sla
slab
slabel
slack
slacken
slacker
slacking
slackly
slackness
slacks
slackware
slain
slam
slammed
slamming
slams
slander
slanderer
slanderous
slanders
slang
slant
slanted
slanting
slants
slap
slapped
slapping
slaps
slapstick
slash
slashcode
slashdot
slashed
slashem
slashes
slashing
slat
slate
slated
slater
slates
slats
slaughter
slaughtered
slaughterhouse
slaughtering
slaughters
slava
slave
slaver
slavery
slaves
slavish
slax
slay
slayer
slayers
slaying
slays
slb
slc
sld
sldsystem
sle
sled
sledding
sledge
sledgehammer
sledges
sleds
sleek
sleep
sleeper
sleepers
sleepily
sleepiness
sleeping
sleepless
sleeplessly
sleeplessness
sleeps
sleepwalk
sleepy
sleepycat
sleet
sleeve
sleeves
sleigh
sleighs
sleight
slender
slenderer
slept
sleuth
slew
slewing
slf
slg
slh
sli
slice
sliced
slicer
slicers
slices
slicing
slick
slicker
slickers
slicks
slid
slide
slide_show
slider
sliders
slides
slideshow
slideshow2
slideshowpro
slideshows
sliding
slight
slighted
slighter
slightest
slighting
slightly
slightness
slights
slike
slim
slimbox
slime
slimed
slimly
slimstat
slimy
sling
slinging
slings
slingshot
slip
slippage
slipped
slipper
slipperiness
slippers
slippery
slipping
slips
slit
slither
slits
sliver
slj
slk
sll
slm
sln
slo
slob
slocate
slogan
slogans
sloop
slop
slope
sloped
sloper
slopers
slopes
sloping
slopped
sloppiness
slopping
sloppy
slops
slot
sloth
sloth_data
sloth_toplist
slothful
sloths
slots
slotted
slotting
slouch
slouched
slouches
slouching
sloughfast
sloughflash
slovenia
slow
slowdown
slowed
slower
slowest
slowing
slowly
slowness
slows
slp
slpw
slq
slr
slrn
sls
slt
slu
sludge
slug
sluggish
sluggishly
sluggishness
slugs
sluice
slum
slumber
slumbered
slumming
slump
slumped
slumps
slums
slung
slur
slurp
slurpconfirm404
slurring
slurry
slurs
slv
slw
slx
sly
slyly
slz
sm
sma
smack
smacked
smacking
smacks
smail
small
small-business
small_image
smallbusiness
smaller
smallest
smallftpd
smallish
smallness
smallpox
smalltime
smap
smaptmpl
smart
smartdesk
smarted
smarteditscripts
smarter
smartertools
smartest
smartforce
smartftp
smarthtml
smartisoft
smartline
smartlist
smartly
smartmax
smartness
smartoptimizer
smartor
smartpeer
smartphone
smarts
smartsection
smartsitecms
smartstuff
smartway
smartwin
smarty
smarty_cache
smarty_libs
smarty_templates
smash
smashed
smasher
smashers
smashes
smashing
smashingly
smattering
smb
smb2www
smb4k
smbcms
smblog
smblogin
smc
smd
sme
smear
smeared
smearing
smears
smell
smelled
smelling
smells
smelly
smelov
smelt
smelter
smelts
smf
smf2
smf_images_url
smg
smgenerator
smh
smi
smile
smiled
smiles
smiley
smileys
smilies
smiling
smilingly
smirk
smite
smith
smithereens
smithmicro
smiths
smithy
smitten
smj
smk
sml
smm
smn
smo
smock
smocking
smocks
smog
smokable
smoke
smoked
smoker
smokers
smokes
smokescreen
smokestack
smokey
smokies
smoking
smoky
smolder
smoldered
smoldering
smolders
smolensk
smooch
smoorenburg
smooth
smoothbore
smoothed
smoother
smoothes
smoothest
smoothing
smoothly
smoothness
smoothwall
smote
smother
smothered
smothering
smothers
smp
smplayers
smq
smr
sms
smt
smtp
smu
smudge
smug
smuggle
smuggled
smuggler
smugglers
smuggles
smuggling
smut
smutty
smv
smw
smx
smy
smz
sn
sna
snack
snafu
snag
snail
snails
snake
snaked
snakelike
snakes
snap
snapdragon
snapfiles
snapgear
snapped
snapper
snappers
snappily
snapping
snapple
snappy
snaps
snapshot
snapshots
snapstream
snare
snared
snares
snaring
snark
snarl
snarled
snarling
snatch
snatched
snatches
snatching
snazzy
snb
snc
snchez
snd
sne
sneak
sneaked
sneaker
sneakers
sneakier
sneakiest
sneakily
sneakiness
sneaking
sneaks
sneaky
sneer
sneered
sneering
sneers
sneeze
sneezed
sneezes
sneezing
snert
snes9x
snf
sng
snh
sni
snickers
sniff
sniffed
sniffing
sniffit
sniffle
sniffs
snifter
snigger
snip
snipe
sniper
snippet
snippetmaster
snippets
snips
snipsnap
snitz
snivel
snj
snk
snl
snm
snmp
snmppd
snn
sno
snob
snobbery
snobbish
snoop
snoopdog
snooped
snooping
snoops
snoopy
snore
snored
snores
snoring
snorkel
snort
snort_inline
snortcenter
snorted
snorting
snorts
snotty
snout
snouts
snow
snowball
snowblind
snowed
snowfall
snowflake
snowier
snowiest
snowily
snowing
snowman
snowmen
snows
snowshoe
snowshoes
snowstorm
snowy
snp
snq
snr
sns
snt
snu
snub
snuff
snuffed
snuffer
snuffing
snuffs
snuffy
snug
snuggle
snuggled
snuggles
snuggling
snugly
snugness
snugserver
snv
snw
snx
sny
snz
so
soa
soak
soaked
soaking
soaks
soap
soapdocs
soaped
soaping
soaprouter
soaps
soapy
soar
soared
soaring
soars
sob
sobbing
sober
sobered
sobering
soberly
soberness
sobers
sobexsrv
sobi2
sobi2_downloads
sobre
sobre-nosotros
sobriety
sobs
soc
socat
soccer
soccer1
sochi
sociability
sociable
sociably
social
social-media
socialism
socialist
socialists
socialize
socialized
socializes
socializing
socially
socialmedia
socialmpn
socialnetwork
societal
societies
society
socioeconomic
sociological
sociologically
sociologist
sociologists
sociology
socios
sock
socked
socket
socketkb
sockets
socketwiz
socking
socks
socrates
sod
soda
sodium
sodomy
sods
soe
soeditor
soeg
sof
sofa
sofas
sofaware
sofotex
soft
soft4e
softball
softbb
softbiz
softek
soften
softened
softening
softens
softer
softerra
softest
softgap
softhouse
softiacom
softlandmark
softly
softmaker
softness
softnews
softrex
softricity
softs
softshoe
software
software,
software602
softwaremap
softwares
softwin
softworks
sog
soggy
soh
sohbet
sohoadmin
soi
soil
soiled
soiling
soils
soiree
soj
sojourn
sojourner
sojourners
sok
sol
solace
solaced
solar
solaris
solarwinds
solbourne
sold
solder
soldered
soldier
soldiering
soldierly
soldiers
soldner
sole
soleil
solely
solemn
solemnity
solemnly
solemnness
solenoid
soles
solicit
solicitation
solicited
soliciting
solicitor
solicitous
solicits
solicitude
solid
solidarity
solidification
solidified
solidifies
solidify
solidifying
solidity
solidly
solidness
solids
solidwaste
soliloquy
solitaire
solitary
solitude
solitudes
solmetra
solo
solos
solr
solsoft
solstice
solubility
soluble
solucija
solupress
solution
solutions
solvable
solve
solved
solvent
solvents
solver
solvers
solves
solving
som
somatic
somber
somberly
some
somebody
someday
somehow
someone
someplace
somersault
somerset
somery
something
sometime
sometimes
somewhat
somewhere
sommaire
sommelier
somnolent
son
sonar
sonata
sonda
sondage
sondages
sondaggi
sondra
song
songbook
songs
sonia
sonic
sonicwall
sonidos
sonium
sonmesajlar
sonnet
sonnets
sonnik
sonny
sons
sonstiges
sony
sonya
soo
soon
sooner
soonest
soot
sooth
soothe
soothed
soother
soothes
soothing
soothsayer
sop
sophie
sophisticated
sophistication
sophistry
sophomore
sophomores
sophos
soporte
soprano
soq
soqor
sor
sorcerer
sorcerers
sorcery
sordid
sordidly
sordidness
sore
sorely
soreness
sorenson
sorer
sores
sorest
sorghum
sorority
sorrel
sorrier
sorriest
sorrow
sorrowful
sorrowfully
sorrows
sorry
sort
sorted
sorter
sorters
sortie
sorties
sortiment
sorting
sorts
sos
sossina
sot
soti
sotlinux
sou
soubory
sought
soul
soulful
souls
soulseek
sound
sound1
sound2
sounded
sounder
soundest
soundfiles
sounding
soundings
soundly
soundmanager
soundness
soundproof
sounds
soup
souped
soups
sour
source
source_files
sourcecraft
sourcefiles
sourceforge
sources
sourceshock
sourcetemplates
sourceworkshop
sourcing
sourdough
soured
sourer
sourest
souring
sourly
sourness
sours
soutez
south
south-carolina
south-dakota
southafrica
southbound
southeast
southeastern
southern
southerner
southerners
southernmost
southland
southpaw
southward
southwest
southwestern
souvenir
sov
sovereign
sovereigns
sovereignty
soviet
soviets
sow
sown
sox
soy
soya
soybean
soz
sozai
sp
sp1
sp2
spa
space
space-username
spacecraft
spaced
spacer
spacers
spaces
spaceship
spaceships
spacesuit
spacing
spacings
spacious
spade
spaded
spades
spading
spadix
spain
spaiz-nuke
spam
spam_vaccine
spamassassin
spaminator
spamoborona
spamprobe
spamtrap
span
spandrel
spaniel
spanish
spanish-english
spank
spankbot
spanked
spanking
spanks
spanky
spanned
spanner
spanners
spanning
spans
spare
spared
sparely
spareness
sparer
spares
sparest
sparing
sparingly
spark
sparked
sparking
sparkle
sparkleblog
sparkling
sparks
sparky
sparring
sparrow
sparrows
sparse
sparsely
sparseness
sparser
sparsest
spas
spasm
spastic
spat
spate
spates
spatial
spatially
spatter
spattered
spatula
spaw
spaw2
spawn
spawned
spawning
spawns
spayed
spb
spc
spd
spe
speak
speakable
speakeasy
speaker
speakers
speaking
speaks
spear
speared
spearhead
spearmint
spears
speartek
spec
special
special-events
special-features
special-offer
special-offers
special_offers
special_pages
specialfeatures
speciali
specialist
specialists
specialization
specializations
specialize
specialized
specializes
specializing
specially
specialoffer
specialoffers
specialpages
specialreports
specials
specialties
specialty
specie
species
specifiable
specific
specifically
specification
specifications
specificity
specifics
specified
specifier
specifiers
specifies
specify
specifying
specimen
specimens
specious
speck
speckle
speckled
speckles
specks
specs
spectacle
spectacled
spectacles
spectacular
spectacularly
spectator
spectators
specter
specters
spectra
spectral
spectrogram
spectrograms
spectrograph
spectrographic
spectrography
spectrometer
spectrophotometer
spectrophotometry
spectroscope
spectroscopic
spectroscopy
spectrum
speculate
speculated
speculates
speculating
speculation
speculations
speculative
speculator
speculators
sped
speech
speeches
speechio
speechless
speechlessness
speed
speedberg
speedboat
speeded
speeder
speeders
speedily
speeding
speedo
speedometer
speedproject
speeds
speedtest
speedtouch
speedup
speedups
speedy
spell
spellbound
spellcheck
spellchecker
spelled
speller
spellers
spelling
spellings
spells
spencer
spend
spender
spenders
spending
spends
spent
sperm
spezial
spf
spg
spgpartenaires
sph
sphera
sphere
sphere1
sphere2
spheres
spherical
spherically
spheroid
spheroidal
sphider
sphinx
sphiro
sphpblog
spi
spice
spiced
spices
spiciness
spicy
spid
spidean
spider
spider-trap
spiderman
spiders
spidersales
spidertrap
spidery
spidey
spiele
spielwiese
spies
spigot
spike
spiked
spikes
spill
spilled
spiller
spilling
spills
spilt
spin
spinach
spinal
spinally
spindle
spindled
spindling
spine
spinnaker
spinner
spinners
spinning
spinoff
spins
spinster
spinworks
spiny
spip
spip-education
spiral
spiraled
spiraling
spirally
spire
spiremedia
spires
spirit
spirited
spiritedly
spiriting
spirits
spiritual
spirituality
spiritually
spirituals
spit
spite
spited
spiteful
spitefully
spitefulness
spites
spitfire
spiting
spits
spitting
spittle
spj
spk
spl
splash
splashed
splashes
splashing
splashy
splatt
spleen
splendid
splendidly
splendor
splenetic
splice
spliced
splicer
splicers
splices
splicing
splicings
spline
splines
splint
splinter
splintered
splinters
splintery
split
splits
splitter
splitters
splitting
splittopics
sploit
splurge
spm
spn
spo
spoff
spoil
spoilage
spoiled
spoiler
spoilers
spoiling
spoils
spoke
spoked
spoken
spokes
spokesman
spokesmen
sponge
sponged
sponger
spongers
sponges
sponging
spongy
sponsor
sponsored
sponsoredlinks
sponsoren
sponsoring
sponsors
sponsorship
sponsorsites
spontaneity
spontaneous
spontaneously
spoof
spook
spooky
spool
spooled
spooler
spoolers
spooling
spools
spoon
spooned
spoonful
spooning
spoonlabs
spoons
sporadic
spore
spores
sport
sported
sportfood
sporting
sporting-events
sportingly
sportive
sports
sports-betting
sports-products
sportsbook
sportsman
sportsmen
sportsphool
sportswear
sportswriter
sportswriting
sporty
spot
spotless
spotlessly
spotlight
spotlights
spots
spotted
spotter
spotters
spotting
spotty
spouse
spouses
spout
spouted
spouting
spouts
spp
spq
spr
sprachen
sprain
sprang
spravka
sprawl
sprawled
sprawling
sprawls
spray
sprayed
sprayer
spraying
sprays
sprea
spread
spread-betting
spreader
spreaders
spreading
spreadings
spreads
spreadsheet
spree
sprees
sprig
sprightly
spring
springboard
springer
springers
springier
springiest
springiness
springing
springs
springtime
springy
sprinkle
sprinkled
sprinkler
sprinkles
sprinkling
sprint
sprint_wml
sprint_xhtml
sprinted
sprinter
sprinters
sprinting
sprints
sprite
spritegen
sprocket
sprout
sprouted
sprouting
spruce
spruced
sprung
spry
spryassests
spryassets
sps
spt
spu
spun
spunk
spunky
spur
spurious
spurn
spurned
spurning
spurns
spurs
spurt
spurted
spurting
spurts
sputter
sputtered
spv
spv2
spw
spx
spy
spyglass
spying
spyke-online
spynet
spytech
spyware
spz
sq
sqa
sqb
sqc
sqd
sqe
sqf
sqg
sqh
sqi
sqj
sqk
sql
sql-admin
sql-ledger
sqladmin
sqlbackup
sqlbuddy
sqldata
sqldump
sqlgrey
sqlmanager
sqlmysql
sqlnet
sqlscripts
sqlweb
sqm
sqmail
sqn
sqo
sqp
sqq
sqr
sqs
sqt
squ
squabble
squabbled
squabbles
squabbling
squad
squadron
squadrons
squads
squalid
squall
squalls
squander
square
squared
squarely
squareness
squarer
squares
squarest
squaring
squash
squashed
squashing
squat
squats
squatting
squaw
squawk
squawked
squawking
squawks
squeak
squeaked
squeaking
squeaks
squeaky
squeal
squealed
squealing
squeals
squeamish
squeeze
squeezed
squeezer
squeezes
squeezing
squelch
squelettes
squelettes-dist
squelettes_c
squery
squid
squidguard
squint
squinted
squinting
squire
squires
squirm
squirmed
squirms
squirmy
squirrel
squirrelcart
squirreled
squirreling
squirrelmail
squirrels
squirt
squishdot
squished
squishy
squito
squitosoft
squiz
sqv
sqw
sqx
sqy
sqz
sr
sra
srb
src
srch
srchad
srchadm
srcpd
srd
sre
srf
srg
srh
sri
srj
srk
srl
srm
srn
sro
srp
srq
srr
srs
srss
srt
sru
srv
srvs
srw
srx
sry
srz
ss
ss_vms_admin_sm
ssa
ssb
ssc
ssd
ssdynamicproduct
sse
ssf
ssfm
ssg
ssh
sshadmin
sshd
ssi
ssi_pl
ssi_templates
ssilki
ssimages
ssj
ssk
ssl
ssl_check
ssleay
sslh
ssltelnetd
sslvpn
ssm
ssmtp
ssn
sso
ssordermanager
ssp
ssp_director
sspadmin
sspwiz
ssq
ssr
sss
sssd
ssssss
sst
ssu
ssv
ssw
sswadmin
sswimage
sswthemes
ssx
ssy
ssz
st
st2
sta
stab
stabbed
stabbing
stabile
stabilities
stability
stabilize
stabilized
stabilizer
stabilizers
stabilizes
stabilizing
stable
stabled
stabler
stables
stabling
stably
stabs
stacey
staci
stacie
stack
stackdump
stacked
stackguard
stacking
stacks
stackshield
stackworks
stacy
stadia
stadium
stadt
stadtaus
stadtplan
staff
staff-portal
staff_directory
staffed
staffer
staffers
staffing
staffonly
staffs
stag
stage
stage2
stagecoach
stagecoaches
staged
stager
stagers
stages
stagger
staggered
staggering
staggers
staging
staging2
stagnant
stagnate
stagnation
stags
staid
stain
stained
staining
stainless
stains
stair
staircase
staircases
stairs
stairway
stairways
stairwell
stake
staked
stakes
stalactite
stale
stalemate
stalk
stalked
stalker
stalkerlab
stalking
stall
stalled
stalling
stallings
stallion
stallions
stalls
stalwart
stalwartly
stamen
stamens
stamina
stammer
stammered
stammerer
stammering
stammers
stamp
stampa
stamped
stampede
stampeded
stampedes
stampeding
stamper
stampers
stamping
stamps
stanback
stanch
stanchest
stanchion
stand
standalone
standard
standardization
standardize
standardized
standardizes
standardizing
standardly
standards
standby
standing
standings
standoff
standorte
standpoint
standpoints
stands
standstill
stanford
stanislav
stanley
stanza
stanzas
staphylococcus
staple
stapler
staples
stapling
star
star69
staradmin
starboard
starch
starched
stardom
stare
stared
starer
stares
starfish
starflow
starforce
stargate
starhub
staring
stark
starkly
starlet
starlight
starling
starphire
starred
starring
starry
stars
stars-rate
stars_rate
starsol
starspeak
start
start_menu
started
startengine_db
starter
starterapps
starters
starthelp
starting
startle
startled
startles
startling
startpage
startpagina
startrek
startrow
starts
startseite
startup
startups
starvation
starve
starved
starves
starving
starwars
starwood
stat
stat_modules
statcountex
statdir
state
state_profiles
state_wire
stated
stately
statement
statements
states
statesman
statesmanlike
statesmen
statewide
stathistory
stati
static
static_content
static_fragment
static_pages
statically
staticcontent
staticfiles
staticmap
staticpages
statics
stating
station
stationary
stationed
stationer
stationery
stationing
stationmaster
stations
statis
statisch
statistic
statistica
statistical
statistically
statistiche
statistician
statisticians
statistics
statistik
statistika
statistiken
statistiques
statit4
stats
stats1
stats2
stats3
stats_back
stats_images
stats_old
statse
statshistory
statsme
statue
statues
statuesque
statuesquely
statuesqueness
statuette
stature
status
status-and-support
statuses
statusicon
statute
statutes
statutorily
statutoriness
statutory
statweb
statystyka
statystyki
statz
staunch
staunchest
staunchly
stave
staved
staves
stavropol
stay
stay_informed
stay_out
stayed
staying
stays
stb
stc
std
ste
stead
steadfast
steadfastly
steadfastness
steadied
steadier
steadies
steadiest
steadily
steadiness
steady
steadying
steak
steaks
steal
stealer
stealing
steals
stealth
stealthily
stealthy
steam
steamboat
steamboats
steamed
steamer
steamers
steaming
steams
steamship
steamships
steamy
steed
steel
steele
steeled
steelers
steelid
steeling
steelmaker
steels
steely
steep
steeped
steeper
steepest
steeping
steeple
steeples
steeply
steepness
steeps
steer
steerable
steered
steering
steers
stefan
stefanov
steffen
stein
stelian
stella
stellar
stellar-x
stellenmarkt
stellensuche
stellent
stem
stemmed
stemming
stems
stenberg
stench
stenches
stencil
stencils
stenographer
stenographers
stenotype
step
step1
step2
step3
stepchild
steph
stephani
stephanie
stephen
stephenson
stepmother
stepmothers
stepped
stepper
stepping
steps
stepson
stepweb
stepwise
stereo
stereos
stereoscopic
stereotype
stereotyped
stereotypes
stereotypical
sterile
sterilization
sterilizations
sterilize
sterilized
sterilizer
sterilizes
sterilizing
sterling
stern
sternly
sternness
sterns
stest
stethoscope
steve
stevedore
steven
stevens
stever
stew
steward
stewardess
stewards
stewed
stews
stf
stg
sth
sti
stick
sticker
stickers
stickier
stickies
stickiest
stickily
stickiness
sticking
stickleback
sticks
sticky
stickymail
stiff
stiffen
stiffens
stiffer
stiffest
stiffly
stiffness
stiffs
stifle
stifled
stifles
stifling
stigma
stigmata
stile
stiles
stiletto
stili
still
stillbirth
stillborn
stilled
stiller
stillest
stilling
stillness
stills
stilt
stilts
stimpy
stimulant
stimulants
stimulate
stimulated
stimulates
stimulating
stimulation
stimulations
stimulative
stimuli
stimulus
sting
sting1
stinging
stingray
stings
stingy
stink
stinker
stinkers
stinking
stinks
stinky
stint
stiot
stipend
stipends
stipulate
stipulated
stipulates
stipulating
stipulation
stipulations
stir
stiri
stirred
stirrer
stirrers
stirring
stirringly
stirrings
stirrup
stirs
stitch
stitched
stitches
stitching
stj
stk
stl
stlouis
stlport
stm
stn
sto
stochastic
stochastically
stock
stockade
stockades
stockbroker
stocked
stocker
stockers
stockholder
stockholders
stocking
stockings
stockman
stockphotos
stockpile
stockroom
stocks
stockton
stocky
stodgy
stoichiometry
stoitsov
stoke
stole
stolen
stoles
stolid
stomach
stomached
stomacher
stomaches
stomaching
stomp
stomper
stomperfull
stompertrial
stompervideo
stone
stoned
stoneedge
stones
stonesoft
stoning
stony
stood
stooge
stool
stoop
stooped
stooping
stoops
stop
stopcock
stopcocks
stopgap
stopover
stoppable
stoppage
stopped
stopper
stoppers
stopping
stops
stopwatch
storage
storages
storagesoft
storagetek
store
store-old
store1
store2
store_closed
store_files
store_images
store_old
store_pictures
store_sitemap
store_taf
store_templates
storeadmin
storebackup
stored
storedata
storefront
storehouse
storehouses
storeimages
storekeeper
storelocator
storemaker
storepickupcmd
storeportal
storeroom
stores
storied
stories
storing
stork
storks
storm
stormed
stormier
stormiest
storminess
storming
storms
stormy
story
storyboard
storyteller
stout
stouter
stoutest
stoutly
stoutness
stove
stover
stoves
stow
stowed
stoyan
stp
stq
str
strack
straddle
strafe
straggle
straggled
straggler
stragglers
straggles
straggling
straight
straightaway
straighten
straightened
straightens
straighter
straightest
straightforward
straightforwardly
straightforwardness
straightness
straightstream
straightway
strain
strained
strainer
strainers
straining
strains
strait
straiten
straits
strand
stranded
stranding
strands
strange
strangely
strangeness
stranger
strangers
strangest
strangle
strangled
strangler
stranglers
strangles
strangling
stranglings
strangulation
strangulations
strap
straps
strat
stratagem
stratagems
stratasoft
strategic
strategicplan
strategies
strategist
strategy
stratford
stratification
stratifications
stratified
stratifies
stratify
stratosphere
stratospheric
stratum
stratus
straw
strawber
strawberries
strawberry
straws
stray
strayed
strays
streak
streaked
streaks
stream
streamcast
streamed
streamer
streamers
streaming
streamline
streamlined
streamliner
streamlines
streamlining
streamripper
streamrotator
streams
streamserve
streber
street
streetcar
streetcars
streeters
streets
streetview
strength
strengthen
strengthened
strengthener
strengthening
strengthens
strengths
strenuous
strenuously
streptococcus
stress
stressed
stresses
stressful
stressing
stretch
stretched
stretcher
stretchers
stretches
stretching
strew
strewn
strews
stricken
strickland
strict
stricter
strictest
strictly
strictness
stricture
stride
strider
strides
striding
strife
strike
strikebreaker
striker
strikers
strikes
striking
strikingly
string
stringed
stringent
stringently
stringer
stringers
stringier
stringiest
stringiness
stringing
stringresources
strings
stringy
strip
stripe
striped
stripes
stripped
stripper
strippers
stripping
strips
striptease
strive
striven
strives
striving
strivings
strobe
strobed
strobes
stroboscopic
strode
strohl
stroke
stroked
stroker
strokers
strokes
stroking
stroll
strolled
stroller
strolling
strolls
strong
stronger
strongest
stronghold
strongly
strongswan
strontium
strony
strove
stroy
stroyka
struck
structural
structurally
structure
structured
structurer
structures
structuring
struggle
struggled
struggles
struggling
strung
strut
struts
strutting
strutture
strychnine
sts
stsoft
stt
stu
stuart
stub
stubble
stubborn
stubbornly
stubbornness
stubby
stubs
stucco
stuck
stud
student
student-life
student_life
studentaffairs
studentlife
students
studentservices
studied
studies
studio
studios
studious
studiously
studium
studs
study
studyabroad
studying
stuff
stuffed
stuffier
stuffiest
stuffing
stuffs
stuffy
stumble
stumbled
stumbleinside
stumbles
stumbling
stump
stumped
stumping
stumps
stun
stung
stunnel
stunnel4
stunning
stunningly
stunt
stunts
stupefy
stupefying
stupendous
stupendously
stupid
stupidest
stupidities
stupidity
stupidly
stupor
sturdiness
sturdy
sturgeon
stutter
stuttgart
stv
stw
stx
stxt
sty
style
style_avatars
style_captcha
style_css
style_emoticons
style_images
style_sheets
styled
styleedit
stylegallery
styleguide
stylelibrary
stylemotion
styler
stylers
styles
stylesheet
stylesheets
stylesheetwidget
styli
styling
stylish
stylishly
stylishness
stylistic
stylistically
stylized
stylus
styly
stz
su
sua
suarez
suave
sub
sub-login
subSilver
subatomic
subcategory
subchannel
subchannels
subclass
subclasses
subcommittees
subcomponent
subcomponents
subcomputation
subcomputations
subconscious
subconsciously
subculture
subcultures
subcycle
subcycles
subdir
subdirectories
subdirectory
subdivide
subdivided
subdivides
subdividing
subdivision
subdivisions
subdomain
subdomains
subdreamer
subdue
subdued
subdues
subduing
subexpression
subexpressions
subfield
subfields
subfile
subfiles
subgoal
subgoals
subgraph
subgraphs
subgroup
subgroups
subinfo
subinterval
subintervals
subir
subject
subjected
subjecting
subjection
subjective
subjectively
subjectivity
subjects
sublanguage
sublanguages
sublayer
sublayers
sublimation
sublimations
sublime
sublimed
sublist
sublists
submarine
submariner
submariners
submarines
submenus
submerge
submerged
submerges
submerging
submission
submissions
submissive
submit
submit-form
submits
submitsite
submittal
submitted
submitter
submitting
submode
submodes
submodule
submodules
submultiplexed
subnav
subnet
subnets
subnetwork
subnetworks
suboptimal
subordinate
subordinated
subordinates
subordination
subpage
subpages
subparts
subphases
subpoena
subproblem
subproblems
subprocesses
subprogram
subprograms
subproject
subproof
subproofs
subrange
subranges
subroutine
subroutines
subs
subschema
subschemas
subscr
subscribe
subscribe2
subscribe_ewsi
subscribed
subscriber
subscribers
subscribes
subscribing
subscript
subscripted
subscripting
subscription
subscriptions
subscripts
subsection
subsections
subsegment
subsegments
subsequence
subsequences
subsequent
subsequently
subservient
subset
subsets
subseven
subside
subsided
subsides
subsidiaries
subsidiary
subsidies
subsiding
subsidize
subsidized
subsidizes
subsidizing
subsidy
subsilver
subsist
subsisted
subsistence
subsistent
subsisting
subsists
subsite
subsites
subslot
subslots
subspace
subspaces
subst
substance
substances
substantial
substantially
substantiate
substantiated
substantiates
substantiating
substantiation
substantiations
substantive
substantively
substantivity
substation
substations
substitutability
substitutable
substitute
substituted
substitutes
substituting
substitution
substitutions
substrate
substrates
substring
substrings
substructure
substructures
subsume
subsumed
subsumes
subsuming
subsystem
subsystems
subtask
subtasks
subterfuge
subterranean
subtitle
subtitled
subtitles
subtle
subtleness
subtler
subtlest
subtleties
subtlety
subtly
subtotal
subtract
subtracted
subtracting
subtraction
subtractions
subtractor
subtractors
subtracts
subtrahend
subtrahends
subtree
subtrees
subunit
subunits
suburb
suburban
suburbia
suburbs
subversion
subversive
subvert
subverted
subverter
subverting
subverts
subway
subways
subzane
suc
succeed
succeeded
succeeding
succeeds
success
success-stories
successes
successful
successfully
succession
successions
successive
successively
successor
successors
succinct
succinctly
succinctness
succor
succumb
succumbed
succumbing
succumbs
such
such-ergebnis
suche
suchen
suck
suckbot
sucked
sucker
suckers
sucking
suckle
suckling
sucks
sucontact
sucrose
suction
sud
sudbox
sudden
suddenly
suddenness
sudoku
suds
sudsing
sue
sued
sues
suf
suffer
sufferance
suffered
sufferer
sufferers
suffering
sufferings
suffers
suffice
sufficed
suffices
sufficiency
sufficient
sufficiently
sufficing
suffix
suffixed
suffixer
suffixes
suffixing
suffocate
suffocated
suffocates
suffocating
suffocation
suffrage
suffragette
sug
sugar
sugarcrm
sugared
sugaring
sugarings
sugars
suggest
suggest-listing
suggestcart
suggested
suggestible
suggesting
suggestion
suggestions
suggestive
suggestively
suggests
suh
sui
suicidal
suicidally
suicide
suicides
suing
suit
suitability
suitable
suitableness
suitably
suitcase
suitcases
suite
suited
suiters
suites
suiteu
suiting
suitor
suitors
suits
suivi
suj
suk
sul
sulfa
sulfur
sulfuric
sulfurous
sulk
sulked
sulkiness
sulking
sulks
sulky
sullen
sullenly
sullenness
sulphate
sulphur
sulphured
sulphuric
sultan
sultans
sultry
sum
sumac
sumari
sumario
sumaris
sumatra
sumavisos
sumidaku
summand
summands
summaries
summarily
summarization
summarizations
summarize
summarized
summarizes
summarizing
summary
summation
summations
summed
summer
summer2010
summertime
summing
summit
summitry
summon
summoned
summoner
summoners
summoning
summons
summonses
sumptuous
sums
sumthin
sumus
sun
sunbeam
sunbeams
sunbelt
sunbird
sunbonnet
sunburn
sunburnt
sundance
sunday
sunder
sundial
sundown
sundries
sundry
sunflowe
sunflower
sung
sungard
sunglass
sunglasses
sunk
sunken
sunlight
sunlit
sunned
sunning
sunny
sunny1
sunos
sunrise
suns
sunset
sunshine
sunshop
sunspot
suntan
suntanned
suntanning
suo
sup
super
super-m
super_admin
super_subinfo
superadmin
superb
superblock
superbly
superbowl
superclick
supercomputer
supercomputers
superego
superegos
superficial
superficially
superfluities
superfluity
superfluous
superfluously
supergroup
supergroups
superhuman
superhumanly
superimpose
superimposed
superimposes
superimposing
superintend
superintendent
superintendents
superior
superiority
superiors
superlative
superlatively
superlatives
superman
supermarket
supermarkets
supermini
superminis
supermod
supernatural
superpose
superposed
superposes
superposing
superposition
superscript
superscripted
superscripting
superscripts
supersede
superseded
supersedes
superseding
superset
supersets
supersmashbrothers
superstage
superstat
superstition
superstitions
superstitious
superuser
supervise
supervised
supervises
supervising
supervision
supervisor
supervisors
supervisory
suphp
supine
suplementos
suport
suporte
supper
suppers
supplant
supplanted
supplanting
supplants
supple
supplement
supplemental
supplementary
supplemented
supplementing
supplements
suppleness
supplication
supplied
supplier
suppliers
supplies
supply
supplying
support
support-center
support-db
support-files
support-tickets
support2
support_login
support_old
supportable
supportdesk
supported
supporter
supporters
supporting
supportingly
supportive
supportively
supportmelive
supporto
supportpro
supports
supportsoft
suppose
supposed
supposedly
supposes
supposing
supposition
suppositions
suppress
suppressed
suppresses
suppressing
suppression
suppressor
suppressors
supra
supranational
supremacy
supreme
supremely
supxml
suq
sur
surcharge
sure
surecom
surely
sureness
sureties
surety
surewave
surf
surf-net
surface
surfaced
surfaceness
surfaces
surfacing
surfboard
surfcontrol
surfer
surfing
surfstats
surge
surged
surgeon
surgeons
surgery
surges
surgical
surgically
surging
surliness
surly
surmise
surmised
surmises
surmount
surmounted
surmounting
surmounts
surname
surnames
surpass
surpassed
surpasses
surpassing
surplus
surpluses
surprise
surprised
surprises
surprising
surprisingly
surreal
surrender
surrendered
surrendering
surrenders
surreptitious
surrey
surrogate
surrogates
surround
surrounded
surrounding
surroundings
surrounds
surtax
survey
survey2
surveyadmin
surveyed
surveying
surveyor
surveyors
surveyresults
surveys
survival
survivals
survive
survived
survives
surviving
survivor
survivors
sus
susan
susanne
susceptible
suse
susie
suspect
suspected
suspecting
suspects
suspend
suspended
suspended.page
suspender
suspenders
suspending
suspends
suspense
suspenses
suspension
suspensions
suspicion
suspicions
suspicious
suspiciously
sustain
sustainability
sustainable
sustained
sustaining
sustains
sustenance
sut
sutra
suture
sutures
suu
suupgrade
suv
suw
sux
suy
suz
suzanne
suzerainty
suzie
suzuki
suzuran
sv
sv-se
sv_se
sva
svb
svc
svd
svdev
sve
sveasoft
svelte
sven
sverige
svf
svg
svgbutton
svh
svi
sviluppo
svj
svk
svl
svm
svn
svn-base
svo
svp
svq
svr
svrstats
svs
svt
svu
svv
svw
svx
svy
svz
sw
swa
swab
swabbing
swagger
swaggered
swaggering
swain
swains
swajax1
swallow
swallowed
swallowing
swallows
swallowtail
swam
swami
swamp
swamped
swamping
swamps
swampy
swan
swank
swanky
swanlike
swans
swap
swapnut
swapped
swapping
swaps
swarm
swarmed
swarming
swarms
swarthy
swastika
swat
swatch
swatches
swatted
sway
swayed
swaying
swb
swc
swd
swe
swear
swearer
swearing
swears
sweat
sweated
sweater
sweaters
sweating
sweats
sweatshirt
sweaty
sweden
swedish
sweep
sweeper
sweepers
sweeping
sweepings
sweeps
sweepstakes
sweet
sweeten
sweetened
sweetener
sweeteners
sweetening
sweetenings
sweetens
sweeter
sweetest
sweetheart
sweethearts
sweetie
sweetish
sweetly
sweetness
sweetpea
sweetphp
sweets
sweety
sweex
swell
swelled
swelling
swellings
swells
swelter
swen
swept
swerve
swerved
swerves
swerving
swf
swf1
swf_files
swf_replacement
swfobject
swfs
swfupload
swg
swh
swi
swift
swifter
swiftest
swiftly
swiftness
swim
swimmer
swimmers
swimming
swimmingly
swims
swimsuit
swindle
swine
swing
swinger
swingers
swinging
swings
swipe
swirl
swirled
swirling
swish
swished
swiss
switch
switchblade
switchboard
switchboards
switched
switcher
switchers
switches
switching
switchings
switchman
switzerland
swivel
swizzle
swj
swk
swl
swm
swmloptin
swn
swo
swollen
swoon
swoop
swooped
swooping
swoops
sword
swordfish
swords
swore
sworn
swp
swq
swr
sws
swsoft
swt
swu
swum
swung
swv
sww
swx
swy
swz
sx
sxa
sxb
sxc
sxd
sxe
sxema
sxf
sxg
sxh
sxi
sxj
sxk
sxl
sxm
sxn
sxo
sxp
sxq
sxr
sxs
sxt
sxu
sxv
sxw
sxx
sxy
sxz
sy
sya
syas
syb
sybari
sybase
sybergen
sybex
sybil
syc
sycamore
syconos
sycophant
sycophantic
syd
sydney
sye
syf
syg
sygate
syh
syi
syj
syk
syl
syllabi
syllable
syllables
syllabus
syllogism
syllogisms
syllogistic
sylpheed
sylpheed-claws
sylvan
sylvia
sylvie
sym
symantec
symark
symatec
symbian
symbiosis
symbiotic
symbol
symbolic
symbolically
symbolics
symbolism
symbolization
symbolize
symbolized
symbolizes
symbolizing
symbols
symfony
symmetric
symmetrical
symmetrically
symmetries
symmetry
symop
sympa
sympathetic
sympathies
sympathize
sympathized
sympathizer
sympathizers
sympathizes
sympathizing
sympathizingly
sympathy
symphonic
symphonies
symphony
sympoll
symposia
symposium
symposiums
symptom
symptomatic
symptoms
syn
synaesthesia
synagogue
synapse
synapses
synaptic
sync
synced
synchro
synchronicity
synchronism
synchronization
synchronize
synchronized
synchronizer
synchronizers
synchronizes
synchronizing
synchronous
synchronously
synchrony
synchrotron
syncopate
syncsort
syndicate
syndicated
syndicates
syndication
syndrome
syndromes
synergism
synergistic
synergy
synkron
synod
synonym
synonymous
synonymously
synonyms
synopses
synopsis
syntactic
syntactical
syntactically
syntax
syntaxcms
syntaxes
syntegra
synthesis
synthesize
synthesized
synthesizer
synthesizers
synthesizes
synthesizing
synthetic
synthetics
syo
syp
syq
syr
syringe
syringes
syrup
syrupy
sys
sys-admin
sys-common
sys_log
sysadm
sysadmin
sysadmin2
sysadmins
sysbin
sysbotz
syscp
sysdata
syshelp
sysimages
sysimg
sysinfo
sysinternals
sysklogd
syslinux
syslog
sysmanager
sysmod
sysop
syssite
sysstat
system
system-admin
system-administration
system_admin
system_administration
system_dntb
system_pages
system_web
systemadmin
systematic
systematically
systematize
systematized
systematizes
systematizing
systemd
systeme
systemfunctions
systemic
systemp
systemrescuecd
systems
systemsoft
systemwide
sysuser
sys~
syt
syu
syv
syw
syx
syy
syz
sz
sza
szablony
szb
szc
szd
sze
szeredi
szewo
szf
szg
szh
szi
szj
szk
szl
szm
szn
szo
szp
szq
szr
szs
szt
szu
szukacz
szukaj
szv
szw
szx
szy
szz
t
t-bone
t-shirts
t-soft
t0
t1
t2
t3
t3-assets
t3feed
t3lib
t4
t5
ta
taa
tab
tabcontent
tabelle
tabernacle
tabernacles
tabid
tabla
tablas
table
tableau
tableaus
tablecloth
tablecloths
tabled
tabledata
tableeditor
tables
tablespoon
tablespoonful
tablespoonfuls
tablespoons
tablet
tabletbookings
tablets
tabling
taboo
taboos
tabs
tabstrip
tabular
tabulate
tabulated
tabulates
tabulating
tabulation
tabulations
tabulator
tabulators
tac
tachometer
tachometers
tachyondecay
tacit
tacitly
tack
tacked
tacking
tackle
tackles
tacobell
tacoma
tact
tactic
tactical
tactics
tactile
tad
tae
taf
taffy
tag
tag_history
tagadelic
tagcloud
tagged
tagging
tagi
tagit!
taglib
tagline
tags
tagtraum
tah
tai
tail
tailed
tailing
tailor
tailored
tailoring
tailors
tails
taint
tainted
taiwan
taj
tak
take
taken
taker
takers
takes
taking
takings
tal
tale
talent
talented
talents
talentsoft
tales
talk
talkative
talkatively
talkativeness
talkback
talked
talker
talkers
talkie
talking
talks
tall
taller
tallest
tallness
tallow
tally
tam
tamara
tamarack
tambov
tame
tamed
tamely
tameness
tamer
tames
tami
tamie
tamil
taming
tammy
tampa
tamper
tampered
tampering
tampers
tan
tandc
tandem
tang
tangent
tangential
tangents
tangerine
tangible
tangibly
tangle
tangled
tango
tangora
tangy
tank
tanker
tankers
tanklogger
tanks
tanne
tanner
tanners
tantalizing
tantalizingly
tantamount
tantia
tantrum
tantrums
tanya
tanzilli
tao
taobao
taobaoke
taoke
taolao
tap
tapchi
tape
taped
taper
tapered
tapering
tapers
tapes
tapestries
tapestry
taping
tapings
tapped
tapper
tappers
tapping
taproot
taproots
taps
taq
tar
tarZ
tara
tarantella
tarbz2
tardiness
tardy
tareas
targem
target
targeted
targeting
targets
targz
tarif
tarifa
tarifas
tarife
tariff
tariffs
tarifrechner
tarifs
tarjetas
tarlz
tarot
tarpit
tarragon
tarry
tars
tarsalgo
tart
tartarus
tartly
tartness
tarxz
tarzan
tarzst
tas
tasha
task
tasked
taskfreak
tasking
tasks
tassel
tassels
taste
tasted
tasteful
tastefully
tastefulness
tasteless
tastelessly
taster
tasters
tastes
tasting
tat
tatham
tatsuya
tatter
tattered
tattoo
tattooed
tattoos
tau
taught
taula
tauler
taunt
taunted
taunter
taunting
taunts
taurus
taurus-horoscope
taut
tautly
tautness
tautological
tautologically
tautologies
tautology
tav
tavern
taverns
taw
tawny
tax
taxable
taxation
taxed
taxes
taxi
taxicab
taxicabs
taxied
taxiing
taxing
taxis
taxonomic
taxonomically
taxonomy
taxonomy_menu
taxonomy_vtn
taxpayer
taxpayers
tay
taylor
taz
tb
tba
tbb
tbc
tbd
tbe
tbf
tbg
tbh
tbi
tbj
tbk
tbkp
tbl
tbm
tbn
tbo
tbp
tbproxy
tbq
tbr
tbs
tbsc
tbt
tbu
tbv
tbw
tbx
tby
tbz
tbz2
tc
tca
tcb
tcc
tcd
tce
tcf
tcg
tch
tchat
tci
tcj
tck
tcl
tclhttpd
tcm
tcn
tco
tcp
tcp-ip
tcpayment
tcpdf
tcpdump
tcpick
tcptraceroute
tcq
tcr
tcs
tcsh
tct
tcu
tcustom
tcv
tcw
tcx
tcy
tcz
td
tda
tdavid
tdb
tdc
tdd
tde
tdf
tdfwd
tdg
tdh
tdi
tdiary
tdj
tdk
tdl
tdm
tdn
tdo
tdp
tdq
tdr
tds
tdt
tdu
tdv
tdw
tdx
tdy
tdz
te
tea
teach
teachable
teacher
teachers
teaches
teaching
teachings
teacup
team
teamcal
teamed
teaming
teams
teamshare
teamstudio
teamware
teapop
tear
teared
tearful
tearfully
tearing
tears
teas
tease
teased
teaser
teasers
teases
teasing
teaspoon
teaspoonful
teaspoonfuls
teaspoons
teatro
teb
tec
teca
tech
tech-noel
tech-source
techdocs
techical
techinfo
techland
technet
technical
technicalities
technicality
technically
technician
technicians
techniek
technik
technique
techniques
techno
technological
technologically
technologies
technologist
technologists
technology
technology-news
technorati
technote
technotes
techonologies
techsmith
techsupport
tecnic
tecnico
tecnicos
tecnologia
tectonique
ted
teddy
teddy1
tedious
tediously
tediousness
tedium
tee
tee-times
teekai
teem
teemed
teeming
teems
teen
teenage
teenaged
teenager
teenagers
teens
teeth
teethe
teethed
teethes
teething
tef
tefonline
teg
teh
tei
tej
tek
tekipedia
tekman
tekno
tektronix
tel
telcondex
tele
telechargement
telecharger
telecom
telecommunication
telecommunications
telefon
telefonia
telefono
telegram
telegrams
telegraph
telegraphed
telegrapher
telegraphers
telegraphic
telegraphing
telegraphs
telekom
telekorn
telemetry
teleological
teleologically
teleology
telepathy
telephone
telephoned
telephoner
telephoners
telephones
telephonic
telephoning
telephony
telepizza
teleport
teleportpro
teleprocessing
telescope
telescoped
telescopes
telescoping
teleseminar
telesite
telesoft
telestream
telesyn
teletype
teletypes
televise
televised
televises
televising
television
televisions
televisor
televisors
telindus
tell
tell-a-friend
tell-friend
tell_a_friend
tell_friend
tell_friends
tellafriend
teller
tellers
tellfriend
telligent
telling
tellmatic
tellme
tells
tellurian
telnet
telop
telugu
tem
tema
temalar
temam
temaoversikt
temas
tematicos
temecula
temes
temp
temp1
temp2
temp3
temp_
temp__
temp_docs
temp_files
temp_images
tempalbums
tempcsv
tempdir
tempdirectory
tempdownloads
tempep
temper
temperament
temperamental
temperaments
temperance
temperate
temperately
temperateness
temperature
temperatures
tempered
tempering
tempers
tempest
tempestuous
tempestuously
tempfiles
tempfolder
tempimage
tempimages
templ
template
template2
template_c
template_cache
template_dwt
template_email
template_files
template_images
templatedata
templatefiles
templateimages
templates
templates_
templates_c
templates_cache
templates_conf
temple
temples
templet
templete
templets
templtes_c
tempo
temporal
temporally
temporaries
temporarily
temporary
temps
tempt
temptation
temptations
tempted
tempter
tempters
tempting
temptingly
tempts
tempupload
ten
tenacious
tenaciously
tenant
tenants
tencent
tend
tended
tendencies
tendency
tender
tenderly
tenderness
tenders
tending
tends
tenement
tenements
tenerife
tenfold
tennessee
tennis
tenor
tenors
tenpay
tens
tense
tensed
tensely
tenseness
tenser
tenses
tensest
tensing
tension
tensions
tent
tentacle
tentacled
tentacles
tentative
tentatively
tented
tenth
tenting
tents
tenure
teo
tep
teq
tequila
ter
tercer
teresa
term
termed
terminal
terminally
terminals
terminate
terminated
terminates
terminating
termination
terminations
terminator
terminators
terminatorx
termine
terming
terminologies
terminology
terminos
terminos-de-uso
terminus
termos-de-uso
terms
terms-conditions
terms-of-service
terms-of-use
terms-service
terms_conditions
terms_of_service
terms_of_use
terms_privacy
termsconditions
termsofservice
termsofuse
termwise
ternary
terra
terrace
terraced
terraces
terrain
terrains
terrestrial
terrestrials
terrible
terribly
terrier
terriers
terrific
terrified
terrifies
terrify
terrifying
territorial
territories
territory
terror
terrorism
terrorist
terroristic
terrorists
terrorize
terrorized
terrorizes
terrorizing
terrors
terry
tertiary
tes
tesco
tesim
tesla
tessier
test
test-2
test-area
test-blog
test-cgi
test-env
test-page
test-pages
test-site
test-tags
test00
test01
test1
test123
test1234
test2
test2010
test3
test4
test5
test6
test7
test_
test_area
test_db
test_files
test_forum
test_new
test_page
test_scripts
test_site
testa
testability
testable
testament
testaments
testarea
testbed
testbereich
testblog
testboard
testcaptcha
testcenter
testcode
testdb
testdir
testdrive
testdriven
teste
tested
testen
testenv
tester
testers
testes
testfiles
testfolder
testform
testforum
testgallery
testi
testicle
testicles
testified
testifier
testifiers
testifies
testify
testifying
testimages
testimon
testimonial
testimonials
testimonies
testimony
testing
testing2
testings
testingsite
testit
testlab
testlive
testmail
testnew
testold
testpage
testpages
testpdf
testphp
tests
testsearch
testseite
testserver
testshop
testsite
testsite2
testsites
teststore
testtest
testumgebung
testvb
testvideo
testweb
testwp
testwww
testy
testzone
teszt
tet
tetex
tetrasix
tetrinet
teu
tev
tew
tex
texas
texis
text
text-base
text-e
text-only
text2
textads
textadv
textarea
textbook
textbooks
texte
textes
textfiles
textile
textiles
texto
textobject
textonly
textor
textos
textove_diskuse
textpattern
textportal
texts
textsize
textual
textually
texture
textured
textures
tey
tez
tf
tfa
tfb
tfc
tfd
tfe
tff
tfg
tfh
tfi
tfj
tfk
tfl
tfm
tfn
tfo
tforum
tfp
tfq
tfr
tfs
tft
tftp
tftpd32
tfu
tfv
tfw
tfx
tfy
tfz
tg
tga
tgb
tgc
tgd
tge
tgf
tgg
tgh
tgi
tgj
tgk
tgl
tgm
tgn
tgo
tgp
tgpx
tgq
tgr
tgs
tgt
tgu
tgv
tgw
tgx
tgy
tgz
th
tha
thai
thailand
thaisresponde
thales
than
thank
thank-you
thank-you-order
thank_you
thanked
thankful
thankfully
thankfulness
thanking
thankless
thanklessly
thanklessness
thanks
thanksgiving
thanksgivings
thankyou
thaoluan
that
thatch
thatches
thats
thatsanorder
thatware
thaw
thawed
thawing
thaws
thb
thc
thd
the
the-all
the-blog
the-news
the-template
theater
theaters
theatre
theatrical
theatrically
theatricals
thebook
theboss
theft
thefts
thehacker
theiler
their
theirs
theking
them
thema
thematic
theme
theme_backup
theme_classic
theme_modern
theme_romance
themecache
themecss
themeimg
themen
themes
themes_c
themes_saved
themeuninstall
themeuninstall_delete
thems
themselves
then
thence
thenceforth
thenomad
theological
theology
theorem
theorems
theoretic
theoretical
theoretically
theoreticians
theories
theorist
theorists
theorization
theorizations
theorize
theorized
theorizer
theorizers
theorizes
theorizing
theory
thepoolclub
therapeutic
therapies
therapist
therapists
therapy
there
thereabouts
thereafter
thereby
therefore
therein
thereof
thereon
theresa
thereto
thereupon
therewith
thermal
thermodynamic
thermodynamics
thermometer
thermometers
thermosphere
thermostat
thermostats
thesaurus
these
theses
thesis
thesitewizard
thestore
thestreet
thesun
thethao
thewebforum
theworldsend
they
thf
thg
thh
thi
thibault
thick
thickbox
thicken
thickens
thicker
thickest
thicket
thickets
thickly
thickness
thief
thiep
thiepmung
thierry
thieve
thieves
thieving
thigh
thighs
thimble
thimbles
thin
thing
things
things-to-do
think
thinkable
thinkably
thinker
thinkers
thinkfactory
thinking
thinkphp
thinks
thinkup
thinly
thinner
thinness
thinnest
third
third-party
thirdly
thirdparty
thirds
thirst
thirsted
thirsts
thirsty
thirteen
thirteens
thirteenth
thirties
thirtieth
thirty
this
thistle
thj
thk
thl
thm
thn
tho
thomas
thomson
thong
thorcms
thorn
thorns
thorny
thorough
thoroughfare
thoroughfares
thoroughly
thoroughness
thorsten
those
though
thought
thoughtful
thoughtfully
thoughtfulness
thoughtless
thoughtlessly
thoughtlessness
thoughts
thoughtworks
thousand
thousands
thousandth
thp
thq
thr
thrash
thrashed
thrasher
thrashes
thrashing
thread
threaded
threader
threaders
threading
threadrate
threads
threadtag
threat
threaten
threatened
threatening
threatens
threats
three
threefold
threes
threescore
threshold
thresholds
threw
thrice
thrift
thrifty
thrill
thrilled
thriller
thrillers
thrilling
thrillingly
thrills
thrive
thrived
thrives
thriving
throat
throated
throats
throb
throbbed
throbbing
throbs
throne
thrones
throng
throngs
throttle
throttled
throttles
throttling
through
throughout
throughput
throw
thrower
throwing
thrown
throws
thrush
thrust
thruster
thrusters
thrusting
thrusts
ths
tht
thu
thud
thuds
thuemmler
thug
thugian
thugs
thumb
thumb1
thumbed
thumbing
thumbnail
thumbnail_images
thumbnails
thumbs
thumbsup
thump
thumped
thumper
thumping
thunder
thunderb
thunderbolt
thunderbolts
thundered
thunderer
thunderers
thundering
thunderlizard
thunders
thunderstone
thunderstorm
thunderstorms
thursday
thus
thusly
thuvien
thv
thw
thwart
thwarted
thwarting
thwarts
thwboard
thx
thx1138
thy
thyme
thyself
thz
ti
tia
tianyu
tib
tibco
tibi
tic
tick
ticked
ticker
tickers
ticket
ticket_list
ticket_new
ticketing
tickets
ticking
tickle
tickled
tickles
tickling
ticklish
ticks
tid
tidal
tidally
tide
tided
tides
tidied
tidiness
tiding
tidings
tidy
tidying
tie
tieba
tied
tienda
tiendas
tier
tier0
tier1_homepage
tiere
tiers
ties
tif
tiffany
tig
tiger
tigerdirect
tigers
tigertom
tigger
tight
tightauction
tighten
tightened
tightener
tighteners
tightening
tightenings
tightens
tighter
tightest
tightly
tightness
tighttwatbot
tightvnc
tigra
tigre
tih
tii
tij
tik
tiki
tiki-admin
tikimovies
tikiwiki
til
tila-tequila
tilde
tildeslash
tile
tiled
tiles
tiling
till
tillable
tilled
tiller
tillers
tilling
tills
tilt
tilted
tilting
tilts
tim
tim-kiem
timages
timber
timbered
timbering
timbers
time
timeclock
timecop
timed
timegate
timeless
timelessly
timelessness
timeline
timely
timeout
timeouts
timer
timers
times
timeshare
timeshares
timesharing
timesheet
timesheets
timeslip
timestamp
timestamps
timesync
timetable
timetables
timid
timidity
timidly
timing
timings
timmerman
timobraun
timothy
timthumb
tin
tin-tuc
tina
tinasoft
tinc
tincan
tincture
tinge
tinged
tingle
tingled
tingles
tingling
tinh
tinhyeu
tinier
tiniest
tinily
tininess
tinker
tinkered
tinkering
tinkers
tinkle
tinkled
tinkles
tinkling
tinnhan
tinnier
tinniest
tinnily
tinniness
tinny
tins
tint
tinted
tintin
tinting
tints
tintuc
tiny
tiny-mce
tiny_mce
tinyfck
tinyhttpd
tinymce
tinymuw
tinyphpforum
tinyproxy
tinyserver
tinysofa
tio
tip
tip-a-friend
tip_balloon
tipafriend
tipo
tipp
tipped
tipper
tippers
tipping
tippingpoint
tipps
tippspiel
tips
tiptoe
tiq
tir
tirage-photo
tire
tired
tiredly
tireless
tirelessly
tirelessness
tires
tiresome
tiresomely
tiresomeness
tiring
tis
tiscali
tisk
tissue
tissues
tit
titan
tithe
tither
tithes
tithing
title
titled
titles
tits
titter
titters
titular
titulars
titz
tiu
tiv
tivo
tiw
tix
tiy
tiz
tizers
tizers_gif
tj
tja
tjb
tjc
tjd
tje
tjf
tjg
tjh
tji
tjj
tjk
tjl
tjm
tjn
tjo
tjp
tjq
tjr
tjs
tjt
tju
tjv
tjw
tjx
tjy
tjz
tk
tka
tkai's
tkajaxcontent
tkb
tkc
tkcontentedit
tkcvs
tkd
tkdiff
tke
tkf
tkg
tkh
tki
tkincludemodule
tkj
tkk
tkl
tkm
tkmail
tkn
tko
tkp
tkprintable
tkprintableframe
tkq
tkr
tkrelated
tkresults
tks
tksearchadvanced
tksslsign
tkt
tku
tkuserdata
tkv
tkw
tkx
tky
tkz
tl
tl_files
tla
tlb
tlc
tld
tle
tlen
tlf
tlg
tlh
tli
tlj
tlk
tll
tlm
tln
tlo
tlp
tlq
tlr
tls
tlt
tlu
tlv
tlw
tlx
tly
tlz
tm
tm2
tma
tmax
tmb
tmc
tmd
tme
tmf
tmg
tmh
tmi
tmj
tmk
tml
tmm
tmn
tmo
tmobile
tmp
tmp2
tmp3
tmpfileop
tmpl
tmpl_c
tmpls
tmps
tmpsession
tmq
tmr
tms
tmsdeveloper
tmsnc
tmt
tmu
tmv
tmw
tmx
tmy
tmz
tn
tn_images
tna
tnb
tnc
tncms
tnd
tne
tnf
tng
tnh
tni
tnj
tnk
tnl
tnm
tnn
tno
tnp
tnq
tnr
tns
tnt
tnu
tnv
tnw
tnx
tny
tnz
to
toa
toad
toads
toast
toasted
toaster
toasting
toasts
tob
tobacco
tobias
tobishoku
toby
toc
toca
tochuc
tocrawl
tod
todas
today
todays
todd
todel
todo
todos
toe
toendacms
toes
tof
tog
together
togetherness
toggle
toggled
toggles
toggling
togo
toh
toi
toil
toiled
toiler
toilet
toilets
toiling
toils
toj
tok
token
tokens
tokyo
tol
told
toledo
tolerability
tolerable
tolerably
tolerance
tolerances
tolerant
tolerantly
tolerate
tolerated
tolerates
tolerating
toleration
tolis
tolkien
toll
tolled
tolls
tolsty
tolva
tolyatti
tom
tomahawk
tomahawks
tomas
tomasz
tomato
tomatoes
tomb
tombs
tomcat
tomcat-docs
tommy
tomography
tomorrow
tomorrows
tomoyuki
toms
tomsk
ton
tone
toned
toner
tones
tongji
tongs
tongue
tongued
tongues
tonic
tonics
tonight
toning
tonnage
tons
tonsil
tony
too
took
tool
toolbar
toolbars
toolbox
tooled
tooler
toolers
tooling
toolkit
toolpage
toolpak
tools
tools_cms1
toolsprivate
tooltip
tooltips
toons
toor
tooth
toothbrush
toothbrushes
toothpaste
toothpick
toothpicks
tootsie
top
top-clubs
top-rated
top-tpl
top1
top10
top100
top5
top_area
top_friends
top_menu
topcat
topcmm
toper
topgun
topher
topher1kenobe
topic
topicadmin
topical
topically
topics
topicsearch
topik
topimages
toplayer
toplevel
toplinks
toplist
topliste
toplists
topmost
topnav
topnews
topo
topography
topological
topologies
topology
toppe
topple
toppled
toppler
topples
toppling
tops
topsecret
topsite
topsites
topten
topup
topuplogin
topusers
toq
tor
toraterli
torbstoff
torch
torches
tore
torment
tormented
tormenter
tormenters
tormenting
torn
tornado
tornadoes
toronto
torpedo
torpedoes
torque
torrent
torrentbar
torrentflux
torrential
torrentimg
torrents
torrenttrader
torrevieja
torrid
tortoise
tortoisecvs
tortoises
torture
tortured
torturer
torturers
tortures
torturing
torus
toruses
tos
toshiaki
toshiba
toshimaku
tosite
toss
tossed
tosses
tossing
tot
total
total_reviews
totalecommerce
totaled
totaling
totalities
totality
totalled
totaller
totallers
totalling
totally
totals
totes
toto
tots
totter
tottered
tottering
totters
tou
touch
touchable
touched
touches
touchier
touchiest
touchily
touchiness
touching
touchingly
touchtunes
touchy
tough
toughen
tougher
toughest
toughly
toughness
tour
tour1
tour2
toured
touring
tourism
tourist
tourists
tournament
tournaments
tourney
tours
tourtillott
tov
tovar
tow
toward
towards
towed
towel
toweling
towelled
towelling
towels
tower
towerblog
towered
towering
towers
town
towns
township
townships
tox
toxic
toxsoft
toy
toy-story
toyed
toying
toyota
toys
toysrus
toysrusat
toysrusuk
toz
tp
tp-downloads
tp-files
tp-images
tpa
tpb
tpc
tpd
tpe
tpf
tpg
tph
tpi
tpj
tpk
tpl
tpl_c
tpllib
tpls
tpm
tpn
tpo
tpp
tpq
tpr
tps
tpt
tpu
tpv
tpvgames
tpw
tpx
tpy
tpz
tq
tqa
tqb
tqc
tqd
tqe
tqf
tqg
tqh
tqi
tqj
tqk
tql
tqm
tqn
tqo
tqp
tqq
tqr
tqs
tqt
tqu
tqv
tqw
tqx
tqy
tqz
tr
tr-gb
tr-tr
tra
trabajador
trabajadores
trabajo
trac
trace
traceable
traced
tracer
traceroute
tracers
traces
traci
tracie
tracing
tracings
track
track_visit
trackback
trackclick
tracked
tracker
trackercam
trackers
trackimage
tracking
trackip
trackit
trackorderstatus
trackpackage
tracks
tract
tractability
tractable
traction
tractive
tractor
tractors
tracts
tracy
trad
trade
trade-traffic
traded
tradedoubler
tradefiles
tradeinfo
tradeleads
trademark
trademarks
tradeoff
tradeoffs
trader
traders
trades
tradeshow
tradeshows
tradesman
tradesoft
tradetracker
trading
tradition
traditional
traditionally
traditions
traductions
traffic
trafficcam
trafficked
trafficker
traffickers
trafficking
traffics
trafic
tragedies
tragedy
tragic
tragically
trail
trailed
trailer
trailers
trailing
trailings
trails
train
trained
trainee
trainees
trainer
trainers
training
trainings
trainingvideos
trains
trait
traitor
traitors
traits
trajectories
trajectory
trak
tramp
tramped
tramping
trample
trampled
trampler
tramples
trampling
tramps
trance
trances
trangchu
tranquil
tranquility
tranquilly
trans
transaccional
transact
transaction
transactions
transatlantic
transceive
transceiver
transceivers
transcend
transcended
transcendent
transcending
transcends
transconsole
transcontinental
transcribe
transcribed
transcriber
transcribers
transcribes
transcribing
transcript
transcription
transcriptions
transcripts
transfer
transferability
transferable
transferal
transferals
transference
transferred
transferrer
transferrers
transferring
transfers
transfert
transfinite
transform
transformable
transformation
transformational
transformations
transformed
transformer
transformers
transforming
transforms
transgress
transgressed
transgression
transgressions
transience
transiency
transient
transiently
transients
transistor
transistorize
transistorized
transistorizing
transistors
transit
transition
transitional
transitioned
transitions
transitive
transitively
transitiveness
transitivity
transito
transitory
translatability
translatable
translate
translate_a
translate_c
translate_f
translate_static
translated
translates
translating
translation
translational
translations
translator
translators
translucent
transmissio
transmission
transmissions
transmit
transmits
transmittal
transmitted
transmitter
transmitters
transmitting
transmogrification
transmogrify
transpacific
transparencies
transparency
transparent
transparently
transpire
transpired
transpires
transpiring
transplant
transplanted
transplanting
transplants
transponder
transponders
transport
transportability
transportation
transported
transporter
transporters
transporting
transports
transpose
transposed
transposes
transposing
transposition
transsoft
transware
trap
trapeze
trapezoid
trapezoidal
trapezoids
trapped
trapper
trappers
trapping
trappings
traps
trash
trashcan
trashcan_deleteitem
trashcan_empty
trashcan_restoreitem
trashcan_viewitem
trasparenza
traspaso
traueranzeigen
trauma
traumatic
travail
travel
travel-guide
travel-guides
travel-insurance
travel-news
travel-offers
travel-tourism
travel_plans
travelagents
traveled
traveler
travelers
traveling
travelings
travelnow
travels
travers
traversal
traversals
traverse
traversed
traverses
traversing
travesties
travesty
trawler
trax
tray
trays
trazi
trb
trc
trcpromo
trd
tre
treacheries
treacherous
treacherously
treachery
tread
treading
treads
treason
treasure
treasured
treasurer
treasures
treasuries
treasuring
treasury
treat
treated
treaties
treating
treatise
treatises
treatment
treatments
treats
treaty
treballador
treballadors
treble
trebor
tree
treeicons
treelineimages
trees
treetop
treetops
treinamento
trek
treks
tremble
trembled
trembles
trembling
tremendous
tremendously
tremor
tremors
trench
trencher
trenches
trend
trending
trendingreports
trends
trespass
trespassed
trespasser
trespassers
trespasses
tress
tresses
trevor
trf
trg
trh
tri
trial
trialpay
trials
triangle
triangles
triangular
triangularly
tribal
tribe
tribes
tribunal
tribunals
tribune
tribunes
tributary
tribute
tributes
trichotomy
tricia
trick
tricked
trickier
trickiest
trickiness
tricking
trickle
trickled
trickles
trickling
tricks
tricky
trident
tridia
tridion
tried
trier
triers
tries
trifle
trifler
trifles
trifling
trigger
triggered
triggering
triggers
triggertg
trigonometric
trigonometry
trigram
trigrams
trihedral
trilateral
trill
trilled
triller
trillion
trillions
trillionth
trim
trimite-comanda
trimly
trimmed
trimmer
trimmest
trimming
trimmings
trimness
trims
trinket
trinkets
trio
triornis
trip
tripbit
triple
tripled
triples
triplet
triplets
tripling
tripod
tripplanner
trips
tripwire
trish
trisha
triska
tristan
tritanium
triteal
triumph
triumphal
triumphant
triumphantly
triumphed
triumphing
triumphs
triv
trivalie
trivia
trivial
trivialities
triviality
trivially
trixie
trj
trk
trl
trlinux
trm
trn
tro
troan
trochoi
trod
troll
trolley
trolleys
trolls
trolltech
trombone
tron
tronics
trony
troop
trooper
troopers
troops
trophies
trophy
tropic
tropical
tropics
trot
trots
trouble
troubled
troublemaker
troublemakers
troubles
troubleshoot
troubleshooter
troubleshooters
troubleshooting
troubleshoots
troublesome
troublesomely
troubling
trough
trouser
trousers
trout
trovaprezzi
trowel
trowels
trp
trq
trr
trs
trt
tru
tru-zone
truant
truants
trubetskoy
truce
truck
trucked
trucker
truckers
trucking
trucks
trudge
trudged
true
true_robot
trued
truelogik
truer
trues
truest
truing
truism
truisms
truly
trump
trumped
trumpet
trumpeter
trumps
truncate
truncated
truncates
truncating
truncation
truncations
trunghoc
trunk
trunks
truprint
trussuplift
trust
trusted
trustee
trustees
trustful
trustfully
trustfulness
trusting
trustingly
trustix
trusts
trustworthiness
trustworthy
trusty
truth
truthful
truthfully
truthfulness
truths
truveo
truveo-mrss
truyen
trv
trw
trx
try
trying
trz
ts
ts_files
tsa
tsb
tsbsub
tsc
tsd
tse
tsep
tsf
tsg
tsguestbook
tsh
tshirt
tshirts
tsi
tsj
tsk
tsl
tslib
tsm
tsn
tso
tsp
tsq
tsr
tss
tsscript
tst
tsts
tsu
tsv
tsw
tsweb
tsx
tsy
tsz
tt
tt2483
tta
ttb
ttc
ttcms
ttd
tte
ttest
ttf
ttforum
ttg
tth
tti
ttipos
ttj
ttk
ttl
ttm
ttn
tto
ttp
ttq
ttr
tts
ttssh
ttt
ttt_toplist
tttadmin
ttu
ttv
ttw
ttx
tty
ttz
tu
tua
tualblog
tuan
tuangou
tub
tubas
tube
tuber
tuberculosis
tubers
tubes
tubing
tubs
tuc
tuck
tucked
tucker
tucking
tucks
tucson
tud
tue
tuesday
tuf
tufat
tuft
tufts
tug
tugs
tugzip
tuh
tui
tuition
tuj
tuk
tul
tula
tulip
tulips
tum
tumble
tumbled
tumbler
tumblers
tumbles
tumbleweed
tumbling
tumblr
tumen
tumor
tumors
tumult
tumults
tumultuous
tun
tunable
tune
tuned
tuner
tuners
tunes
tunez
tung
tungare
tunic
tunics
tuning
tunisia
tunix
tunnel
tunneled
tunnels
tuo
tuomas
tup
tupian
tuple
tuples
tuq
tur
turan
turban
turbans
turbine
turbo
turbolinux
turbosoft
turbotraffictrader
turbulence
turbulent
turbulently
turf
turgid
turgidly
turingos
turismo
turkey
turkeys
turmoil
turmoils
turn
turn-k
turnable
turnaround
turned
turner
turners
turning
turnings
turnip
turnips
turnitinbot
turnkeywebtools
turnover
turns
turpentine
turquoise
turret
turrets
turtle
turtleneck
turtles
tus
tuscany
tut
tuto
tutor
tutored
tutoriais
tutorial
tutoriales
tutorials
tutoring
tutors
tutos
tuts
tutti
tuttle
tuttophp
tuu
tuv
tuw
tux
tuxbank
tuxbr
tuxwebmail
tuy
tuz
tv
tv-listings
tv-program
tv-programm
tv2
tv5
tv_box
tva
tvb
tvc
tvd
tve
tver
tvf
tvg
tvguide
tvh
tvi
tvj
tvk
tvl
tvlistings
tvm
tvn
tvo
tvp
tvq
tvr
tvs
tvt
tvu
tvv
tvw
tvx
tvy
tvz
tw
twa
twain
twang
twas
twatch
twatch_include
twb
twc
twd
twe
tweak
tweed
tweet
tweets
tweety
twelfth
twelve
twelves
twenties
twentieth
twenty
twentyten
twf
twg
twh
twi
twibright
twice
twiceler
twig
twigs
twiki
twilight
twilights
twilio
twill
twin
twine
twined
twiner
twinkle
twinkled
twinkler
twinkles
twinkling
twins
twirl
twirled
twirler
twirling
twirls
twist
twisted
twister
twister-update
twisters
twisting
twists
twit
twitch
twitched
twitching
twitter
twittered
twittering
twitteroauth
twj
twk
twl
twm
twn
two
twofold
twofolds
twombly
twos
twp
twq
twr
tws
twt
twu
twv
tww
twx
twy
twz
tx
txa
txb
txc
txd
txe
txf
txg
txh
txi
txj
txk
txl
txm
txn
txo
txp
txq
txr
txs
txt
txtdata
txtfiles
txtforum
txu
txv
txw
txx
txy
txz
ty
tya
tyb
tyc
tyd
tye
tyf
tyg
tyh
tyi
tying
tyj
tyk
tyl
tyler
tym
tyn
tyndiuk
tyo
typ
type
typed
typeout
types
typesetter
typesofwells
typespeed
typewriter
typewriters
typhoid
typical
typically
typicalness
typified
typifies
typify
typifying
typing
typist
typists
typo
typo3
typo3_src
typo3conf
typo3temp
typographic
typographical
typographically
typography
typolight
typsoft
tyq
tyr
tyrannical
tyranny
tyrant
tyrants
tyres
tys
tyt
tyu
tyumen
tyv
tyw
tyx
tyy
tyz
tz
tza
tzb
tzc
tzd
tze
tzf
tzg
tzh
tzi
tzj
tzk
tzl
tzm
tzn
tzo
tzp
tzq
tzr
tzs
tzt
tzu
tzv
tzw
tzx
tzy
tzz
u
u-foot
u1
ua
ua-fe
ua-gb
ua-ru
uaa
uab
uac
uad
uadmin
uae
uaf
uag
uah
uai
uaj
uak
ual
uam
uan
uao
uap
uapplication
uaq
uar
uas
uat
uau
uav
uaw
uax
uay
uaz
ub
uba
ubb
ubbcentral
ubbcgi
ubbdesign
ubbthreads
ubc
ubd
ube
uber
ubf
ubg
ubh
ubi
ubiquitous
ubiquitously
ubiquity
ubisoft
ubj
ubk
ubl
ubm
ubn
ubnt
ubo
uboard
ubp
ubq
ubr
ubs
ubt
ubu
ubuntu
ubuntu-6
ubv
ubw
ubx
uby
ubytovani
ubz
uc
uc4
uc_client
uc_server
uca
ucb
ucc
ucd
ucd-snmp
uce
ucenter
ucf
ucg
uch
uchome
uci
ucj
uck
ucl
ucm
ucn
uco
ucp
ucq
ucr
ucs
uct
ucu
ucv
ucw
ucx
ucy
ucz
ud
uda
udadmin
udata
udb
udc
udd
uddeimfiles
uddi
ude
udf
udg
udh
udi
udj
udk
udl
udm
udm-resources
udn
udo
udp
udq
udr
uds
udt
udu
udv
udw
udx
udy
udz
ue
uea
ueb
ueber
ueber-uns
ueber_uns
uebersetzung
ueberuns
uebimiau
uec
ued
uee
uef
ueg
ueh
uei
uej
uek
uel
uem
uen
ueo
uep
ueq
uer
ues
uet
ueu
uev
uew
uex
uey
uez
uf
ufa
ufb
ufc
ufd
ufe
uff
ufg
ufh
ufi
ufi_img
ufj
ufk
ufl
ufm
ufn
ufo
ufo2000
ufp
ufq
ufr
ufs
uft
ufu
ufv
ufw
ufx
ufy
ufz
ug
uga
ugb
ugc
ugd
uge
ugf
ugg
ugh
ugi
ugj
ugk
ugl
uglier
ugliest
ugliness
ugly
ugm
ugn
ugo
ugp
ugq
ugr
ugroup
ugs
ugt
ugu
ugv
ugw
ugx
ugy
ugyfelszolgalat
ugz
uha
uhb
uhc
uhd
uhe
uhf
uhg
uhh
uhi
uhj
uhk
uhl
uhm
uhn
uho
uhp
uhq
uhr
uhs
uht
uhtbin
uhu
uhv
uhw
uhx
uhy
uhz
ui
uia
uib
uic
uid
uie
uif
uig
uih
uii
uij
uik
uil
uim
uimat
uimch
uimde
uin
uio
uip
uiq
uir
uis
uit
uiu
uiv
uiw
uix
uiy
uiz
uj
uja
ujb
ujc
ujd
uje
ujf
ujg
ujh
uji
ujj
ujk
ujl
ujm
ujn
ujo
ujp
ujq
ujr
ujs
ujt
uju
ujv
ujw
ujx
ujy
ujz
uk
uk-travel-offers
uka
ukb
ukc
ukd
uke
ukf
ukg
ukh
uki
ukiweb
ukj
ukk
ukl
ukm
ukn
uko
ukp
ukq
ukr
ukraine
ukrainian
ukranian
uks
ukt
uku
ukv
ukw
ukx
uky
ukz
ul
ula
ulb
ulc
ulcer
ulcers
uld
ule
ulf
ulg
ulh
uli
ulj
ulk
ull
ulm
uln
ulo
ulp
ulq
ulr
ulrich
ulrik
uls
ult
ultimate
ultimatefooterad
ultimately
ultimatezip
ultr@vnc
ultra
ultraapps
ultracms
ultrafunk
ultramagnetic
ultrascripts
ultrasonic
ultrix
ulu
ulubionedodaj
ulv
ulw
ulx
uly
ulyanovsk
ulz
um
uma
umb
umbraco
umbraco_client
umbrage
umbrella
umbrellas
umc
umd
ume
umesh
umf
umfrage
umfragen
umg
umh
umi
umil
umj
umk
uml
umleitung
umm
umn
umo
umountfs
umountfsys
umountsys
ump
umpire
umpires
umq
umr
ums
umt
umts
umu
umut
umv
umw
umx
umy
umz
un
una
unabated
unabbreviated
unable
unacceptability
unacceptable
unacceptably
unaccountable
unaccustomed
unachievable
unacknowledged
unadulterated
unaesthetically
unaffected
unaffectedly
unaffectedness
unaided
unak
unalienability
unalienable
unalterably
unaltered
unalz
unambiguous
unambiguously
unambitious
unanalyzable
unanimity
unanimous
unanimously
unanswerable
unanswered
unanticipated
unapprove
unarmed
unary
unassailable
unassigned
unassisted
unattainability
unattainable
unattended
unattractive
unattractively
unauthorized
unavailability
unavailable
unavoidable
unavoidably
unaware
unawareness
unawares
unb
unbalanced
unbearable
unbecoming
unbelievable
unbiased
unbind
unblock
unblocked
unblocking
unblocks
unborn
unbound
unbounded
unbreakable
unbridled
unbroken
unbuffered
unc
uncancelled
uncanny
uncapitalized
uncategorized
uncaught
uncertain
uncertainly
uncertainties
uncertainty
unchangeable
unchanged
unchanging
unclaimed
unclassified
uncle
unclean
uncleanly
uncleanness
unclear
uncleared
uncles
unclesam
unclosed
uncomfortable
uncomfortably
uncommitted
uncommon
uncommonly
uncompromising
uncomputable
unconcerned
unconcernedly
unconditional
unconditionally
unconnected
unconscionable
unconscious
unconsciously
unconsciousness
unconstitutional
unconstrained
uncontrollability
uncontrollable
uncontrollably
uncontrolled
unconventional
unconventionally
unconvinced
unconvincing
uncoordinated
uncorrectable
uncorrected
uncountable
uncountably
uncouth
uncover
uncovered
uncovering
uncovers
und
undamaged
undaunted
undauntedly
undead
undecidable
undecided
undeclared
undecomposable
undefinability
undefined
undeleted
undeniable
undeniably
under
under_update
underbrush
underdone
underestimate
underestimated
underestimates
underestimating
underestimation
underflow
underflowed
underflowing
underflows
underfoot
undergo
undergoes
undergoing
undergone
undergrad
undergraduate
undergraduates
underground
underlie
underlies
underline
underlined
underlines
underling
underlings
underlining
underlinings
underloaded
underlying
undermine
undermined
undermines
undermining
underneath
underpinning
underpinnings
underplay
underplayed
underplaying
underplays
underscore
underscored
underscores
understand
understandability
understandable
understandably
understanding
understandingly
understandings
understands
understated
understood
undertake
undertaken
undertaker
undertakers
undertakes
undertaking
undertakings
undertook
underwater
underway
underwear
underwent
underworld
underwrite
underwriter
underwriters
underwrites
underwriting
undesirability
undesirable
undetectable
undetected
undetermined
undeveloped
undid
undiminished
undirected
undisciplined
undiscovered
undisturbed
undivided
undo
undocumented
undoes
undoing
undoings
undone
undoubtedly
undress
undressed
undresses
undressing
undue
unduly
une
uneasily
uneasiness
uneasy
uneconomic
uneconomical
unembellished
unemployed
unemployment
unencrypted
unending
unenlightening
unequal
unequaled
unequally
unequivocal
unequivocally
unessential
unevaluated
uneven
unevenly
unevenness
uneventful
unexcused
unexpanded
unexpected
unexpectedly
unexplained
unexplored
unextended
unf
unfair
unfairly
unfairness
unfaithful
unfaithfully
unfaithfulness
unfamiliar
unfamiliarity
unfamiliarly
unfavorable
unfettered
unfinished
unfit
unfitness
unflagging
unfold
unfolded
unfolding
unfolds
unforeseen
unforgeable
unforgiving
unformatted
unfortunate
unfortunately
unfortunates
unfounded
unfriendliness
unfriendly
unfulfilled
ung
ungrammatical
ungrateful
ungratefully
ungratefulness
ungrounded
unguarded
unguided
unh
unhappier
unhappiest
unhappily
unhappiness
unhappy
unharmed
unhealthy
unheard
unheeded
uni
uni-vert
unichat
unicode
unicorn
unicorns
unicycle
unidentified
unidirectional
unidirectionality
unidirectionally
unidomedia
unification
unifications
unified
unifier
unifiers
unifies
uniform
uniformed
uniformity
uniformly
uniforms
uniforum
unify
unifying
unilluminating
unimaginable
unimpeded
unimplemented
unimportant
unindented
uninet
uninitialized
uninstall
uninsulated
unintelligible
unintended
unintentional
unintentionally
uninteresting
uninterestingly
uninterpreted
uninterrupted
uninterruptedly
union
unionization
unionize
unionized
unionizer
unionizers
unionizes
unionizing
unions
uniprocessor
unique
uniquely
uniqueness
uniscene
unison
unisphere
unisys
unit
unit_tests
unite
unitech
united
united-kingdom
unitedadmins
unites
unities
uniting
units
unittests
unity
univ
univalve
univalves
universal
universalimages
universality
universally
universals
universe
universes
universite
universities
university
unix
unix-guide
unj
unjust
unjustifiable
unjustified
unjustly
unk
unkind
unkindly
unkindness
unknowable
unknowing
unknowingly
unknown
unknowns
unl
unlabelled
unlawful
unlawfully
unleash
unleashed
unleashes
unleashing
unless
unlike
unlikely
unlikeness
unlimited
unlink
unlinked
unlinking
unlinks
unload
unloaded
unloading
unloads
unlock
unlocked
unlocking
unlocks
unlucky
unm
unmanageable
unmanageably
unmanned
unmarked
unmarried
unmask
unmasked
unmatched
unmentionable
unmerciful
unmercifully
unmistakable
unmistakably
unmodified
unmoved
unn
unnamed
unnatural
unnaturally
unnaturalness
unnecessarily
unnecessary
unneeded
unnerve
unnerved
unnerves
unnerving
unnoticed
uno
unobservable
unobserved
unobtainable
unoccupied
unofficial
unofficially
unopened
unordered
unp
unpack
unpacked
unpacking
unpacks
unpaid
unparalleled
unparsed
unplanned
unpleasant
unpleasantly
unpleasantness
unplug
unpopular
unpopularity
unprecedented
unpredictable
unpredictably
unprescribed
unpreserved
unprimed
unprofitable
unprojected
unprotected
unprovability
unprovable
unproven
unpublished
unq
unqualified
unqualifiedly
unquestionably
unquestioned
unquoted
unr
unravel
unraveled
unraveling
unravels
unreachable
unread
unreadreplies
unreal
unrealistic
unrealistically
unreasonable
unreasonableness
unreasonably
unrecognizable
unrecognized
unreg
unregister
unregulated
unrelated
unreliability
unreliable
unreported
unrepresentable
unresolved
unresponsive
unrest
unrestrained
unrestricted
unrestrictedly
unrestrictive
unroll
unrolled
unrolling
unrolls
unruly
uns
unsafe
unsafely
unsanitary
unsatisfactory
unsatisfiability
unsatisfiable
unsatisfied
unsatisfying
unscd
unscrupulous
unseeded
unseen
unselected
unselfish
unselfishly
unselfishness
unsent
unsettled
unsettling
unshaken
unshared
unsigned
unsinn
unskilled
unslotted
unsolvable
unsolved
unsophisticated
unsorted
unsound
unspeakable
unspecified
unstable
unsteadiness
unsteady
unstructured
unsub
unsubscribe
unsuccessful
unsuccessfully
unsuitable
unsuited
unsupported
unsure
unsurprising
unsurprisingly
unsynchronized
unt
untagged
untapped
untenable
unterhaltung
unterkuenfte
unterkunft
unterminated
unternehmen
untested
unthinkable
unthinking
untidiness
untidy
untie
untied
unties
until
untimely
untitled
unto
untold
untouchable
untouchables
untouched
untoward
untrained
untranslated
untreated
untried
untrue
untruthful
untruthfulness
untying
unu
unusable
unused
unusual
unusually
unv
unvarying
unveil
unveiled
unveiling
unveils
unw
unwanted
unwelcome
unwholesome
unwieldiness
unwieldy
unwilling
unwillingly
unwillingness
unwind
unwinder
unwinders
unwinding
unwinds
unwise
unwisely
unwiser
unwisest
unwitting
unwittingly
unworthiness
unworthy
unwound
unwrap
unwrapped
unwrapping
unwraps
unwritten
unx
uny
unz
unzoo
uoa
uob
uoc
uocnguyen
uod
uoe
uof
uog
uoh
uoi
uoj
uok
uol
uom
uon
uong
uoo
uop
uoq
uor
uos
uot
uou
uov
uow
uox
uoy
uoz
up
up-imapproxy
upa
upb
upbraid
upc
upcat
upcch
upcnl
upcoming
upcoming-events
upd
update
updatecart
updatecheck
updated
updateinstaller
updater
updates
updates-topic
updating
updown
upe
upf
upfile
upfiles
upg
upgrade
upgraded
upgrades
upgrading
uph
upheld
uphill
uphold
upholder
upholders
upholding
upholds
upholster
upholstered
upholsterer
upholstering
upholsters
upi
upimages
upimg
upj
upk
upkeep
upl
upland
uplands
uplift
uplimg
uplink
uplinks
upload
upload-photo
upload-photos
upload-pictures
upload-video
upload-videos
upload1
upload2
upload2server
upload_dir
upload_file
upload_files
upload_images
upload_img
upload_pic
upload_profile_pic
uploadcp
uploaded
uploaded_files
uploaded_images
uploaded_img_x
uploaded_logos
uploaded_temp
uploadedfiles
uploadedimages
uploader
uploades
uploadfile
uploadfiles
uploadify
uploadimage
uploadimages
uploadimg
uploadphoto
uploadpic
uploads
uploads2
uploads_admin
uploads_event
uploads_forum
uploads_group
uploads_user
uploads_video
upm
upmenuoptions
upn
upo
upoint
upon
upp
uppages
upper
uppermost
uppic
upq
upr
upright
uprightly
uprightness
uprising
uprisings
uproar
uproot
uprooted
uprooting
uproots
ups
upsell
upset
upsets
upshot
upshots
upside
upstairs
upstream
upt
uptime
uptimes
upturn
upturned
upturning
upturns
upu
upv
upw
upward
upwards
upx
upy
upz
uqa
uqb
uqc
uqd
uqe
uqf
uqg
uqh
uqi
uqj
uqk
uql
uqm
uqn
uqo
uqp
uqq
uqr
uqs
uqt
uqu
uqv
uqw
uqx
uqy
uqz
ur
ur-admin
ura
uranus
urb
urban
urc
urchin
urchin_test
urchins
urd
urdu
ure
uresk
urf
urg
urge
urged
urgent
urgently
urges
urging
urgings
urh
uri
urinate
urinated
urinates
urinating
urination
urine
urj
urk
url
url_spider_pro
urlaub
urldispatcher
urllist
urlogy
urlrewrite
urlrewriter
urls
urly
urm
urn
urns
uro
urology
urp
urq
urr
urs
ursoftware
ursula
urt
uru
uruguay
urun
urv
urvs
urw
urx
ury
urz
us
us-en
us_admin
usa
usability
usable
usably
usage
usage2
usage_200909
usage_202604
usages
usanet
usb
usbmux
usc
uscan
uschedule
usd
use
usebb
usecenter
used
used-cars
used-inventory
usedcar
usedcars
useful
useful-links
usefully
usefulness
useless
uselessly
uselessness
usemodwiki
usenet
user
user-account
user-accounts
user-controls
user-mode
user-profile
user1
user2userpoints
userLoggedIn
userSettigns
user_
user_admin
user_carts
user_content
user_controls
user_data
user_files
user_guide
user_id
user_images
user_info
user_media
user_pics
user_profile
user_session
user_sessions
user_upload
user_uploads
useraccount
useraccountview
useradmin
userads
useralbums
userapp
userarea
userassets
userbars
usercenter
usercontent
usercontrol
usercontroller
usercontrols
usercp
usercp2
usercpannouncepm
usercpdraftbox
usercpignorelist
usercpinbox
usercpnotice
usercppreference
usercpprofile
usercpsentbox
usercpsubscribe
userdata
userdir
userfiles
usergroups
userguide
userids
userimages
userimg
userimgs
userinfo
userinterface
userlibfile
userlist
userlog
userlogin
usermanager
usermin
usermods
username
usernames
usernote
useronline
userpages
userpanel
userphotos
userpics
userplane
userpoints
userprofile
users
users_files
userscripts
usersonline
usersonlinepage
userspace
useruploads
uservideos
uses
usf
usg
ush
usher
ushered
ushering
ushers
usi
using
usio
usj
usk
usl
uslugi
usm
usn
uso
usolved
usp
usps
usq
usr
usrmgr
usrs
uss
ust
ustats
usu
usual
usually
usuari
usuario
usuarios
usuaris
usurp
usurped
usurper
usv
usw
usx
usy
usz
ut
uta
utah
utb
utc
utd
ute
utempter
utensil
utensils
utente
utenti
utf
utf8
utg
uth
uti
util
util-linux
utilidades
utilisateur
utilitarios
utilities
utility
utility_login
utilitypages
utilization
utilizations
utilize
utilized
utilizes
utilizing
utilmind
utils
utimaco
utj
utk
utl
utm
utmost
utn
uto
utopia
utopian
utopians
utp
utq
utr
uts
utskrift
utstarcom
utt
utter
utterance
utterances
uttered
uttering
utterly
uttermost
utters
utu
utube
utv
utw
utx
uty
utz
uu
uua
uub
uuc
uucp
uucpadm
uud
uudeview
uue
uuencoded
uuf
uug
uuh
uui
uuid
uuidd
uuj
uuk
uul
uum
uun
uuo
uup
uuq
uur
uus
uut
uutiset
uuu
uuv
uuw
uux
uuy
uuz
uva
uvb
uvc
uvd
uve
uvf
uvg
uvh
uvi
uvj
uvk
uvl
uvm
uvn
uvo
uvp
uvq
uvr
uvs
uvt
uvu
uvv
uvw
uvx
uvy
uvz
uwa
uwb
uwc
uwd
uwe
uwf
uwg
uwh
uwi
uwj
uwk
uwl
uwm
uwn
uwo
uwp
uwq
uwr
uws
uwt
uwu
uwv
uww
uwx
uwy
uwz
ux
uxa
uxb
uxc
uxd
uxe
uxf
uxg
uxh
uxi
uxj
uxk
uxl
uxm
uxn
uxo
uxp
uxq
uxr
uxs
uxt
uxu
uxv
uxw
uxx
uxy
uxz
uy
uya
uyb
uyc
uyd
uye
uyeler
uyelik
uyf
uyg
uyh
uyi
uyj
uyk
uyl
uym
uyn
uyo
uyp
uyq
uyr
uys
uyt
uyu
uyv
uyw
uyx
uyy
uyz
uz
uza
uzb
uzc
uzd
uze
uzenofal
uzf
uzg
uzh
uzi
uzivatel
uzj
uzk
uzl
uzm
uzn
uzo
uzp
uzq
uzr
uzs
uzt
uzu
uzv
uzw
uzx
uzy
uzytkownicy
uzytkownik
uzz
v
v-creator
v-web
v-webmail
v0
v1
v10
v2
v2b
v2flashslideshow
v3
v3chat
v3flashslideshow
v4
v4_backup
v5
v6
v7
v8
v9
va
vaa
vab
vac
vacaciones
vacancies
vacancy
vacant
vacantly
vacanze
vacate
vacated
vacates
vacating
vacation
vacation-rentals
vacationed
vacationer
vacationers
vacationing
vacationrentalscript
vacations
vacatures
vacio
vacuo
vacuous
vacuously
vacuum
vacuumed
vacuuming
vad
vader
vadmin
vadmind
vae
vaf
vag
vagabond
vagabonds
vagaries
vagary
vagina
vaginas
vagrant
vagrantly
vague
vaguely
vagueness
vaguer
vaguest
vah
vai
vain
vainly
vaj
vak
val
val03
val08
valdersoft
vale
valence
valences
valencia
valente
valentin
valentine
valentines
valerie
vales
valet
valets
valhalla
valiant
valiantly
valicert
valid
validate
validated
validates
validateuserid
validating
validation
validatior
validator
validity
validly
validness
valle
valley
valleys
valor
valuable
valuables
valuably
valuation
valuations
value
valued
valuer
valuers
values
valuing
valusoft
valve
valves
vam
vamp
vampire
van
vanbrunt
vancouver
vandalize
vandalized
vandalizes
vandalizing
vane
vanes
vanessa
vanguard
vanilla
vanillasoft
vanish
vanished
vanisher
vanishes
vanishing
vanishingly
vanities
vanity
vanquish
vanquished
vanquishes
vanquishing
vans
vantage
vao
vap
vapor
vaporing
vapors
vaq
var
varia
variability
variable
variableness
variables
variably
variance
variances
variant
variantly
variants
variation
variations
varicad
varie
varied
varies
varieties
variety
varios
various
variously
varnish
varnishes
vars
vary
varying
varyings
vas
vasant
vasco
vascular
vase
vases
vassal
vast
vastal
vaster
vastest
vastly
vastness
vat
vats
vau
vaudeville
vault
vault_scripts
vaulted
vaulter
vaulting
vaults
vaunt
vaunted
vav
vavoom
vaw
vax
vay
vaz
vb
vb2
vb3
vb4
vb5
vb_ad_management
vb_albums
vba
vbadjuntos
vbb
vbb1
vbb2
vbb3
vbc
vbd
vbe
vbf
vbforum
vbg
vbh
vbi
vbj
vbk
vbl
vbm
vbmembermap
vbmodcp
vbn
vbo
vboptimise
vbp
vbpinstall
vbportal
vbpro
vbq
vbr
vbs
vbscript
vbscripts
vbseo
vbseo_sitemap
vbseocp
vbt
vbtest
vbu
vbulletin
vbv
vbw
vbx
vby
vbz
vbzoom
vc
vc-wiesbaden
vca
vcalendar
vcard
vcard4j
vcards
vcb
vcc
vcd
vcd-db
vce
vcf
vcg
vcgi-bin
vch
vchat
vci
vcj
vck
vcl
vcm
vcn
vco
vcode
vcom
vcp
vcq
vcr
vcs
vcss
vct
vcu
vcv
vcw
vcx
vcy
vcz
vd
vd2
vda
vdaemon
vdata
vdb
vdc
vdd
vde
vdf
vdg
vdh
vdi
vdj
vdk
vdl
vdm
vdn
vdo
vdonet
vdp
vdq
vdr
vds
vdsbackup
vdt
vdu
vdv
vdw
vdx
vdy
vdz
ve
vea
veal
veb
vec
vecchio
vecio
vector
vectorization
vectorizing
vectors
ved
vee
veer
veered
veering
veers
vef
veg
vegadns
vegas
vegetable
vegetables
vegetarian
vegetarians
vegetate
vegetated
vegetates
vegetating
vegetation
vegetative
vego
veh
vehemence
vehement
vehemently
vehicle
vehiclemakeoffer
vehiclequote
vehicles
vehicletestdrive
vehicular
vei
veil
veiled
veiling
veils
vein
veined
veining
veins
vej
vek
vel
vell
velocities
velocity
velux
velvet
vem
ven
venda
vendor
vendors
venera
venerable
veneration
venezuela
vengeance
venial
venison
venom
venomous
venomously
vent
ventafax
ventana
ventanna
ventas
vente
vented
ventia
ventilate
ventilated
ventilates
ventilating
ventilation
ventricle
ventricles
vents
ventura
venture
ventured
venturer
venturers
ventures
venturi
venturing
venturings
venue
venueinfo
venues
venus
veo
vep
veq
ver
ver1
ver2
vera
veracity
veranda
verandas
veranstalter
veranstaltungen
veranstaltungen2
verb
verbal
verbalize
verbalized
verbalizes
verbalizing
verbally
verbose
verbs
verdict
verdure
verein
verge
vergelijk
verger
verges
vergleich
vergleichen
veridis
verifiability
verifiable
verification
verifications
verified
verifier
verifiers
verifies
verify
verify_email
verifying
veriler
verilink
verily
verisign
veritable
veritas
verity
verizon
vermeulen
vermieter
vermin
vermont
vernacular
veronica
verreault
versa
versand
versandkosten
versant
versatile
versatilebulletinboard
versatility
verse
versed
versenden
verses
versicherung
versing
version
version1
version2
versions
verso
versus
vertebrate
vertebrates
vertex
vertical
vertically
verticalness
vertices
vertigo
vertrieb
verwaltung
very
verylost
verzeichnis
ves
vessel
vessels
vest
vested
vestern
vestige
vestiges
vestigial
vests
vet
veteran
veterans
veterinarian
veterinarians
veterinary
veto
vetoed
vetoer
vetoes
veu
veure
vev
vew
vex
vexation
vexed
vexes
vexing
vey
vez
vf
vfa
vfb
vfc
vfd
vfe
vfend
vff
vfg
vfh
vfi
vfj
vfk
vfl
vfm
vfn
vfo
vforum
vfp
vfq
vfr
vfs
vft
vfu
vfv
vfw
vfx
vfy
vfz
vg
vg1
vga
vgb
vgc
vgd
vge
vgf
vgg
vgh
vgi
vgj
vgk
vgl
vgm
vgn
vgo
vgp
vgq
vgr
vgs
vgt
vgu
vgv
vgw
vgx
vgy
vgz
vha
vhb
vhc
vhcs
vhcs2
vhd
vhe
vhf
vhg
vhh
vhi
vhj
vhk
vhl
vhm
vhn
vho
vhost
vhost_ssl
vhosts
vhp
vhq
vhr
vhs
vht
vhu
vhv
vhw
vhx
vhy
vhz
vi
via
viability
viable
viably
viaggi
viagra
viaje
viajes
vial
vials
viart
viatoradmin
vib
vibechild
vibrate
vibrated
vibrating
vibration
vibrations
vibrator
vic
vice
viceroy
vices
vicinity
vicious
viciously
viciousness
vicissitude
vicissitudes
vicky
vicomsoft
victim
victimize
victimized
victimizer
victimizers
victimizes
victimizing
victims
victor
victoria
victorian
victories
victorious
victoriously
victors
victory
victual
victualer
victuals
vid
vidal
video
video-player
video-porno
video2
video_test
videochat
videodb
videofiles
videogallery
videoplayer
videopop
videopreview
videoprograminfo
videos
videos-pics
videos-pictures
videos2
videosearch
videotape
videotapes
videotest
videowr
vids
vie
vied
viejo
vienuke
vier
vies
vietnam
vietvbb
view
view-girls
view-source
view_cart
view_image
viewable
viewallcards
viewallphotos
viewattachrev
viewauth
viewbasket
viewbasket-add
viewbasket-view
viewcart
viewcat
viewcvs
viewed
viewer
viewers
viewfile
viewforum
viewimg
viewing
viewitem
viewlogin
viewonline
viewpoint
viewpoints
viewprivacy
viewprofile
viewrequisition
viewrev
views
views-blogs
views_bookmark
viewsource
viewsvn
viewthread
viewtopic
viewuser
viewvc
viewwishlist
vif
vig
vigilance
vigilant
vigilante
vigilantes
vigilantly
vignette
vignettes
vigor
vigorous
vigorously
vih
vihor
vii
vij
vijesti
vik
viking
vikingboard
viktorina
vil
vile
vilely
vileness
vilification
vilifications
vilified
vilifies
vilify
vilifying
vilistextum
villa
village
villager
villagers
villages
villain
villainous
villainously
villainousness
villains
villainy
villas
vim
vin
vincent
vincent-leclercq
vindicate
vindicated
vindication
vindictive
vindictively
vindictiveness
vine
vinegar
vines
vineyard
vineyards
vintage
vintela
vio
violate
violated
violates
violating
violation
violations
violator
violators
violence
violent
violently
violet
violets
violin
violinist
violinists
violins
vip
viper
viper-download
viper1
vipers
vipnet
vipul
viq
vir
viral
virgil
virgin
virginia
virginity
virginmedia
virgins
virginvault
virgo-horoscope
virobot
virtools
virtual
virtual-shop
virtual-tours
virtual_tour
virtualcart
virtually
virtualtour
virtualtours
virtualzone
virtuastore
virtuasystems
virtue
virtuemart
virtues
virtuoso
virtuosos
virtuous
virtuously
virulent
virus
virusblokada
viruses
vis
visa
visage
visale
visas
viscount
viscounts
viscous
visibility
visible
visibly
vision
visionary
visiongate
visions
visit
visitas
visitation
visitations
visite
visited
visitenkarte
visites
visiteurs
visiting
visitor
visitormessage
visitors
visits
vismation
visnetic
visor
visor_cursos
visor_hoteles
visors
vista
vistabb
vistas
visual
visualclick
visualize
visualized
visualizer
visualizes
visualizing
visually
visuals
visualshapers
vit
vit_bin
vit_cnf
vit_log
vit_pvt
vit_txt
vita
vitae
vital
vitality
vitally
vitals
vitrax
vitrine
vitual
vitualpath
viu
viv
vivek
vivendi
vivid
vividly
vividness
vivisimo
viw
vix
vixie
viy
viz
vizbook
vizer
vizier
vizra
vja
vjb
vjc
vjd
vje
vjf
vjg
vjh
vji
vjj
vjk
vjl
vjm
vjn
vjo
vjp
vjq
vjr
vjs
vjt
vju
vjv
vjw
vjx
vjy
vjz
vk
vka
vkb
vkc
vkd
vke
vkf
vkg
vkh
vki
vkj
vkk
vkl
vkm
vkn
vko
vkontakte
vkp
vkq
vkr
vks
vkt
vku
vkv
vkw
vkx
vky
vkz
vl
vla
vladimir
vladivostok
vlan
vlb
vlc
vld
vle
vlf
vlg
vlh
vli
vlj
vlk
vll
vlm
vln
vlo
vlog
vlp
vlq
vlr
vls
vlt
vlu
vlv
vlw
vlx
vly
vlz
vm
vma
vmailadmin
vmap
vmb
vmc
vmchk
vmd
vme
vmf
vmg
vmh
vmi
vmist
vmj
vmk
vml
vmm
vmn
vmo
vmoods
vmp
vmq
vmr
vms
vmt
vmu
vmv
vmw
vmware
vmx
vmy
vmz
vn
vna
vnb
vnc
vncthing
vnd
vne
vnf
vng
vnh
vni
vnj
vnk
vnl
vnm
vnn
vno
vnp
vnq
vnr
vns
vnt
vnu
vnv
vnw
vnx
vny
vnz
vo
voa
vob
voc
voc-project
vocabularies
vocabulary
vocal
vocally
vocals
vocaltec
vocation
vocational
vocationally
vocations
vocus
vod
vodafone
voe
voeux
vof
vog
vogue
voh
voi
voice
voice-peers
voicecards
voiced
voicer
voicers
voices
voicing
void
voided
voider
voiding
voids
voip
voir
voj
vok
vol
volano
volatile
volatilities
volatility
volcanic
volcano
volcanos
volgograd
voli
volition
volker
volley
volleyball
volleyballs
volo
vologda
vols
volt
voltage
voltages
volts
volume
volumes
voluntarily
voluntary
volunteer
volunteered
volunteering
volunteers
volvo
vom
vomit
vomited
vomiting
vomits
von
voo
voodoo
voorwaarden
voos
vop
voq
vor
vorlagen
voronezh
vorschau
vorstand
vorteile
vortex
vos
vot
vote
vote_tdsasp
vote_tdsphp
vote_up_down
voteasp
votebadge
voted
votephp
voter
voters
votes
voting
votive
voto
vou
vouch
voucher
vouchers
vouches
vouching
vov
vow
vowed
vowel
vowels
vower
vowing
vows
vox
voxel
voy
voyage
voyaged
voyager
voyagers
voyages
voyaging
voyagings
voyance
voyant
voz
vp
vp-asp
vpa
vpanel
vpb
vpc
vpd
vpe
vpf
vpg
vph
vpi
vpj
vpk
vpl
vpm
vpn
vpnet
vpo
vpop3d
vpopmail
vpopmail-cgiapps
vpp
vpq
vpr
vpro
vps
vpsinfo
vpt
vpu
vpv
vpw
vpx
vpy
vpz
vqa
vqb
vqc
vqd
vqe
vqf
vqg
vqh
vqi
vqj
vqk
vql
vqm
vqn
vqo
vqp
vqq
vqr
vqs
vqsoft
vqt
vqu
vqv
vqw
vqx
vqy
vqz
vr
vr_maintainence
vra
vrb
vrc
vrd
vre
vrf
vrg
vrh
vri
vrj
vrk
vrl
vrm
vrn
vro
vrp
vrq
vrr
vrs
vrt
vru
vrv
vrw
vrx
vry
vrz
vs
vsa
vsadmin
vsb
vsc
vscripts
vsd
vse
vserver
vsf
vsftpd
vsg
vsh
vshop
vsi
vsj
vsk
vsl
vsm
vsn
vso
vsp
vspfiles
vsq
vsr
vss
vst
vstats
vstest
vsu
vsv
vsw
vsx
vsy
vsz
vt
vta
vtb
vtc
vtd
vte
vtf
vtg
vth
vti
vti-bin
vti-cnf
vti-log
vti-pvt
vti-txt
vti_
vti_adm
vti_admin
vti_aut
vti_autdefault
vti_bin
vti_cnf
vti_conf
vti_inf
vti_log
vti_map
vti_private
vti_pvt
vti_rpc
vti_script
vti_shm
vti_txt
vtiger
vtigercrm
vtj
vtk
vtl
vtm
vtn
vto
vtour
vtours
vtp
vtq
vtr
vts
vtt
vtu
vtun
vtv
vtw
vtx
vty
vtz
vu
vua
vub
vubb
vuc
vud
vue
vuelos
vuf
vug
vuh
vui
vuj
vuk
vul
vulgar
vulgarly
vuln
vulnerabilities
vulnerability
vulnerable
vulture
vultures
vum
vun
vuo
vup
vuq
vur
vus
vut
vuu
vuv
vuw
vux
vuy
vuz
vv
vva
vvb
vvc
vvc_display
vvd
vve
vvf
vvg
vvh
vvi
vvj
vvk
vvl
vvm
vvn
vvo
vvp
vvq
vvr
vvs
vvt
vvu
vvv
vvw
vvx
vvy
vvz
vw
vwa
vwar
vwb
vwc
vwd
vwd_scripts
vwdev
vwe
vwebserver
vwf
vwg
vwh
vwi
vwj
vwk
vwl
vwm
vwn
vwo
vwp
vwq
vwr
vws
vwt
vwu
vwv
vww
vwx
vwy
vwz
vxa
vxb
vxc
vxd
vxe
vxf
vxg
vxh
vxi
vxj
vxk
vxl
vxm
vxml
vxn
vxo
vxp
vxq
vxr
vxs
vxt
vxu
vxv
vxw
vxx
vxy
vxz
vya
vyb
vyc
vyd
vye
vyf
vyg
vyh
vyhledavani
vyi
vyj
vyk
vyl
vym
vyn
vyo
vyp
vypiska
vypress
vyq
vyr
vyre4
vys
vyt
vytek
vyu
vyv
vyw
vyx
vyy
vyz
vz
vza
vzb
vzc
vzd
vze
vzf
vzg
vzh
vzi
vzj
vzk
vzl
vzm
vzn
vzo
vzp
vzq
vzr
vzs
vzt
vzu
vzv
vzw
vzx
vzy
vzz
w
w-agora
w-channel
w1
w2
w2b
w3
w3a
w3c
w3clogvalidator
w3m
w3perl
w3s
w3svc
w3tc
w_inc
wa
wa_
wa_cookies
wa_dataassist
wa_ecart
wa_globals
wa_irite
waa
wab
wac
wacha
wackowiki
wacky
wad
wadbsearch
wade
waded
wader
wades
wading
wadmin
wae
waf
wafer
wafers
waffle
waffles
waft
wag
wage
waged
wager
wagers
wages
waging
wagner
wagon
wagoner
wagons
wags
wah
wahm
wai
wail
wailed
wailing
wails
wais
waist
waistcoat
waistcoats
waists
wait
waited
waiter
waiters
waiting
waitress
waitresses
waits
waive
waived
waiver
waiverable
waives
waiving
waj
wak
wake
waked
waken
wakened
wakening
wakes
wakeup
waking
wal
walberg
wales
walk
walked
walker
walkers
walking
walks
wall
walla
walled
wallet
wallets
walling
wallow
wallowed
wallowing
wallows
wallpaper
wallpapers
walls
wally
walmart
walnut
walnuts
walrus
walruses
walter
waltz
waltzed
waltzes
waltzing
wam
wamnet
wampp
wamu
wan
wand
wander
wandered
wanderer
wanderers
wandering
wanderings
wanders
wandsoft
wane
waned
wanes
wanewsletter
waning
wanker
wanly
want
wanted
wanting
wantlive
wanton
wantonly
wantonness
wants
wanttobuy
wao
wap
wap2
wapi
waps
wapsearch
wapserv
waq
war
warble
warbled
warbler
warbles
warbling
warcraft
ward
warden
wardens
warder
wardrobe
wardrobes
wards
ware
warehouse
warehouses
warehousing
warenkorb
wares
warez
warfare
warforge
wargames
warily
wariness
warlike
warm
warmed
warmer
warmers
warmest
warming
warmly
warms
warmth
warn
warned
warner
warning
warningly
warnings
warns
warp
warped
warping
warps
warpspeed
warrant
warranted
warranties
warranting
warrants
warranty
warred
warren
warring
warrior
warriors
wars
warship
warships
wart
wartime
warts
wartung
wartungsarbeiten
wary
was
wasd
wash
washed
washer
washers
washes
washing
washings
washington
washington-dc
wasp
wasps
waste
wasted
wasteful
wastefully
wastefulness
wasteland
wastes
wasting
wat
watch
watchdog
watched
watcher
watchers
watches
watchfire
watchful
watchfully
watchfulness
watchguard
watching
watchings
watchlist
watchman
watchword
watchwords
water
water_country
watered
waterfall
waterfalls
watering
waterings
watermark
watermarks
waterproof
waterproofing
waterway
waterways
watery
watson
wau
wav
wave
waved
waveform
waveforms
wavefront
wavefronts
waveguides
wavelength
wavelengths
waver
wavers
waves
waving
wavs
waw
wax
waxed
waxen
waxer
waxers
waxes
waxing
waxtrapp
waxy
way
way-board
wayback
wayne
ways
wayside
wayward
waz
wb
wba
wbadmin
wbb
wbb2
wbb3
wbblite
wbboard
wbc
wbcextensions
wbd
wbe
wbf
wbg
wbh
wbi
wbj
wbk
wbl
wbm
wbn
wbo
wbp
wbq
wbr
wbs
wbsadmin
wbt
wbtextbox
wbu
wbutil
wbv
wbw
wbx
wby
wbz
wc
wc2
wca
wcb
wcc
wcd
wce
wcf
wcg
wch
wci
wcj
wck
wcl
wcm
wcms
wcn
wco
wconnect
wcp
wcq
wcr
wcs
wcsstore
wct
wcu
wcv
wcw
wcx
wcy
wcz
wd
wda
wdav
wdb
wdc
wdd
wddx
wde
wdeutsch
wdf
wdg
wdh
wdi
wdj
wdk
wdl
wdm
wdn
wdo
wdp
wdq
wdr
wds
wdt
wdu
wdv
wdw
wdx
wdy
wdz
we
we_info5
we_thumbs__
wea
weak
weaken
weakened
weakening
weakens
weaker
weakest
weakly
weakness
weaknesses
wealth
wealthiest
wealths
wealthy
wean
weaned
weaning
weapon
weapons
wear
wearable
wearer
wearied
wearier
weariest
wearily
weariness
wearing
wearisome
wearisomely
wears
weary
wearying
weasel
weasels
weather
weathercock
weathercocks
weathered
weathering
weathers
weave
weaver
weaverslave
weaves
weaving
web
web-admin
web-beans
web-console
web-content
web-cyradm
web-design
web-development
web-directory
web-erp
web-hosting
web-inf
web-labs
web-links
web-marketing
web-news
web-optimizer
web-provence
web-resources
web-scripts
web-services
web-stats
web.config
web1
web2
web20
web2mail
web2printer
web3
web3king
web4
web4future
web_admin
web_edit
web_editor
web_files
web_first
web_images
web_inf
web_manager
web_resources
web_scripts
web_services
web_store
web_users
weba
webaccess
webad
webadm
webadmin
webads
webadverts
webagent
webalbum
webalizer
webalizer.hist
webalizer2
webalyzer
webapp
webapp_data
webapp_template
webapplication1
webapps
webart
webassist
webasyst
webauto
webb
webbandit
webbbs
webboa
webboard
webbox
webbuilder
webcache
webcal
webcalendar
webcall
webcam
webcamnow
webcams
webcapture
webcards
webcart
webcast
webcasts
webcatalog
webcenter
webcgi
webcharts
webchat
webcheck
webcms
webcom
webconfig
webcontent
webcontrol
webcontrols
webcopier
webcortex
webct
webctrl_client
webdata
webdav
webdb
webdemo
webdesign
webdesignhq
webdev
webdevelopment
webdir
webdirectory
webdisk
webdist
webdocs
webdynamite
webeasymail
webedit
webedition
webedition4
webeditor
webenhancer
weber
webevent
webeveyn
webex
webfilemanager
webfiles
webfm_send
webform
webforms
webframe
webfroot
webfs
webftp
webfx
webgais
webgallery
webgate
webgeneius
webglimpse
webgui
webguide
webhelp
webhits
webhost
webhosting
webim
webimage
webimages
webimg
webinar
webinars
webinator
webinc
webinfo
webinsta
webitems
webjeff
webkatalog
webkey
weblication
weblink
weblink8
weblinks
weblog
weblogic
weblogin
weblogs
webmail
webmail.conf
webmails
webman
webmanage
webmanager
webmaste
webmaster
webmaster_logs
webmasters
webmatic
webmedia
webmerchant
webmethods
webmilesat
webmilesde
webmin
webmobo
webmod
webmodules
webmoney
webnews
webobjects
weboffice
webositespeedup
webpage
webpagecity
webpages
webpanel
webparts
webpics
webplayer
webplus
webportal
webposition
webprojectdb
webreferences
webreg
webreport
webreports
webresolve
webresource
webresources
webridge
webring
webrings
webroot
webs
websale7
websauger
webscripts
webscriptworld
websearch
webseiten
websense
webserver
webservice
webservices
websetters
webshop
websidestory
websight
websina
websiphon
website
website-design
website2
websites
webslice
websnips
websoft
webspace
webspell
websphere
webspot
websql
webstar
webstat
webstat-ssl
webstatistik
webstats
webster
webstore
webstorecpanel
webstripper
webstyles
websvc
websvn
webteacher
webteam
webtest
webtools
webtop
webtr
webtraffic
webtrends
webtv
webusage
webusercontrols
webusers
webvideo
webviewer
webvpn
webwork
webx
webyep-system
webzip
wec
wed
wedded
wedding
wedding-fashion
wedding-features
weddings
wedge
wedged
wedges
wedging
wedlock
weds
wedstrijden
wee
weed
weeds
week
weekend
weekends
weekfilm
weekly
weenie
weep
weeper
weeping
weeps
weer
wef
weg
weh
wei
weibo
weigert
weigh
weighed
weighing
weighings
weighs
weight
weight-loss
weighted
weighting
weightloss
weights
weighty
weihnachten
weird
weirdly
weiter
weiterempfehlen
weiterleitung
wej
wek
wel
welcome
welcome_ads
welcomeback
welcomed
welcomes
welcoming
weld
welded
welder
welding
welds
welfare
well
wellcome
welled
welling
wellness
wellpoint
wellsfargo
welsh
wem
wen
wench
wenches
wenda
wendi
wendland
wendy
went
wenwen
wenzhang
weo
wep
wept
weq
wer
werbebanner
werbemittel
werbung
were
werkstatt
werkzeug
werner
wes
wesley
wespacedata
west
west-virginia
westbill
westbound
westerfeld
western
westerner
westerners
westnet
westpalmbeach
westward
westwards
wet
wetly
wetness
wets
wettbewerb
wetted
wetter
wetterimages
wettest
wetting
weu
wev
wew
wex
wey
wez
wf
wfa
wfb
wfc
wfd
wfe
wff
wfg
wfh
wfi
wfj
wfk
wfl
wfm
wfn
wfo
wfp
wfq
wfr
wfs
wft
wfu
wfv
wfw
wfx
wfy
wfz
wg
wga
wgb
wgc
wgd
wge
wget
wgf
wgg
wgh
wgi
wgj
wgk
wgl
wgm
wgn
wgo
wgp
wgq
wgr
wgs
wgt
wgu
wgv
wgw
wgx
wgy
wgz
wh
wha
whack
whacked
whacking
whacks
whale
whaler
whales
whaling
wharf
wharves
what
what-we-do
whatever
whatnot
whats-new
whats-on
whats_happening
whats_new
whatsnew
whatsoever
whatson
whatwedo
whatwikiis
whb
whc
whd
whe
wheat
wheaten
wheel
wheeled
wheeler
wheelers
wheeling
wheelings
wheels
whelp
when
whence
whenever
where
where-to-buy
whereabouts
whereas
whereby
wherein
wheretobuy
whereupon
wherever
whether
whf
whg
whh
whi
which
whichever
while
whim
whimper
whimpered
whimpering
whimpers
whims
whimsical
whimsically
whimsies
whimsy
whine
whined
whines
whining
whip
whipped
whipper
whippers
whipping
whippings
whips
whirl
whirled
whirling
whirlpool
whirlpools
whirls
whirlwind
whirr
whirring
whisk
whisked
whisker
whiskers
whiskey
whisking
whisks
whisky
whisper
whispered
whispering
whisperings
whispers
whistle
whistled
whistler
whistlers
whistles
whistling
whit
whitaker
white
white-papers
whitelabel
whitely
whiten
whitened
whitener
whiteners
whiteness
whitening
whitens
whitepaper
whitepapers
whiter
whites
whitespace
whitest
whitewash
whitewashed
whiting
whitney
whittle
whittled
whittles
whittling
whiz
whizzed
whizzes
whizzing
whj
whk
whl
whm
whmcs
whn
who
who-we-are
who_we_are
whoami
whoever
whois
whole
wholehearted
wholeheartedly
wholeness
wholes
wholesale
wholesaler
wholesalers
wholesome
wholesomeness
wholly
whom
whomever
whoop
whooped
whooping
whoops
whoopsie
whore
whores
whorl
whorls
whose
whosonline
whoswho
whoweare
whp
whq
whr
whs
wht
whu
whv
whw
whx
why
whyorderonline
whz
wi
wia
wib
wic
wick
wicked
wickedly
wickedness
wicker
wicket
wicks
wid
wide
wide_search
wideband
widely
widen
widened
widener
widening
widens
wider
widerruf
widerrufsrecht
widespread
widest
widget
widgets
widow
widowed
widower
widowers
widows
width
widths
wie
wield
wielded
wielder
wielding
wields
wiesbaden
wif
wife
wifely
wifi
wig
wigs
wigwam
wih
wii
wij
wik
wiki
wiki2
wikinvest
wikiothispopupv2
wikipedia
wikis
wikistats
wikitest
wil
wilbur
wild
wildcat
wildcats
wilder
wilderness
wildest
wildlife
wildly
wildness
wile
wiles
wilford
wiliness
will
willed
willful
willfully
william
williams
williamsburg
willie
willing
willingly
willingness
willow
willows
willy
wilma
wilson
wilt
wilted
wilting
wilts
wily
wim
wimg
wimpy
win
win32
win95
wince
winced
winces
wincing
wind
winded
winder
winders
winding
windmill
windmills
window
window-repair
windowfiles
windows
windows7
windowsticker
winds
windsurf
windy
wine
wined
winer
winers
wines
wing
winged
winging
wings
winiisapi
wining
wink
winked
winkel
winkelmandje
winkelwagen
winkelwagentje
winker
winking
winks
winner
winners
winnerseal
winnie
winning
winningly
winnings
winnt
wins
winston
winter
wintered
wintering
wintry
winzip
wio
wip
wip4
wipe
wiped
wiper
wipers
wipes
wiping
wiq
wir
wir-ueber-uns
wird-geloescht
wire
wired
wireframe
wireless
wireless_cobrand
wires
wiretap
wiretappers
wiretapping
wiretaps
wiriness
wiring
wirtschaft
wiry
wis
wisconsin
wisdom
wisdoms
wise
wised
wisely
wiser
wisest
wish
wished
wisher
wishers
wishes
wishes-tags
wishful
wishing
wishlist
wishlist-show
wishlists
wishsort
wisp
wisps
wissen
wistful
wistfully
wistfulness
wit
witch
witchcraft
witches
witching
with
with-photo
with_friends
withal
withdraw
withdrawal
withdrawals
withdrawing
withdrawn
withdraws
withdrew
wither
withers
withheld
withhold
withholder
withholders
withholding
withholdings
withholds
within
without
withstand
withstanding
withstands
withstood
witness
witnessed
witnesses
witnessing
wits
witty
witze
wiu
wiv
wives
wiw
wix
wiy
wiz
wizard
wizards
wizmysqladmin
wizzair
wj
wja
wjb
wjc
wjd
wje
wjf
wjg
wjh
wji
wjj
wjk
wjl
wjm
wjn
wjo
wjp
wjq
wjr
wjs
wjt
wju
wjv
wjw
wjx
wjy
wjz
wk
wka
wkb
wkc
wkd
wke
wkf
wkforms
wkg
wkh
wki
wkimages
wkj
wkk
wkl
wkm
wkn
wko
wkorb
wkp
wkq
wkr
wks
wkt
wku
wkv
wkw
wkx
wky
wkz
wl
wla
wlan
wlb
wlc
wld
wle
wlf
wlg
wlh
wli
wlj
wlk
wll
wlm
wln
wlo
wlp
wlq
wlr
wls
wlt
wlu
wlv
wlw
wlx
wly
wlz
wm
wma
wma-pop-up
wmail
wmb
wmc
wmd
wme
wmf
wmg
wmh
wmi
wmj
wmk
wml
wmm
wmn
wmo
wmp
wmq
wmr
wms
wmt
wmu
wmv
wmw
wmx
wmy
wmz
wn
wna
wnb
wnc
wnd
wne
wnf
wng
wnh
wni
wnj
wnk
wnl
wnm
wnn
wno
wnp
wnq
wnr
wns
wnt
wnu
wnv
wnw
wnx
wny
wnz
wo
woa
wob
woc
wod
woe
woeful
woefully
wof
wog
woh
wohnen
woi
woj
wojtczuk
wok
woke
wol
wolf
wolf1
wolfMan
wolff
wolfgang
wolters
wolthuis
wolverin
wolves
wom
woman
womanhood
womanly
womb
wombat
wombs
women
womenshealth
won
wonder
wondered
wonderful
wonderfully
wonderfulness
wondering
wonderingly
wonderment
wonders
wondrous
wondrously
wont
wonted
woo
woo_custom
woo_uploads
wood
woodchuck
woodchucks
woodcock
woodcocks
woodcraft
wooded
wooden
woodenly
woodenness
woodland
woodman
woodpecker
woodpeckers
woodwind
woodwork
woodworking
woody
wooed
wooer
woof
woofed
woofer
woofers
woofing
woofs
wooing
wool
woolen
woolly
wools
woordenboek
woos
wop
woq
wor
word
worded
wordily
wordiness
wording
wordpad
wordpress
wordpress2
words
wordtracker
wordy
wore
work
work2
work_files
workable
workably
workarea
workbench
workbenches
workbook
workbooks
workdir
worked
worker
workers
workfiles
workflow
workflowtasks
workforce
workhorse
workhorses
working
workingadvantage
workingman
workings
workinprogress
workload
workman
workmanship
workmen
workouts
workplace
works
worksheets
workshop
workshops
worksite
workspace
workstation
workstations
world
world-uk-sport
world1
world2
world_flags
worldcup
worldgroup
worldliness
worldly
worldpay
worldpayreturn
worlds
worldwide
worm
wormatia-worms
wormed
worming
worms
wormwood
worn
worried
worrier
worriers
worries
worrisome
worry
worrying
worryingly
worse
worship
worshiped
worshiper
worshipful
worshiping
worships
worst
worsted
worth
worthiest
worthiness
worthless
worthlessness
worths
worthwhile
worthwhileness
worthy
wos
wot
wou
would
wound
wounded
wounding
wounds
wov
wove
woven
wow
wox
woy
woz
wp
wp-admin
wp-app
wp-atom
wp-blog-header
wp-cache
wp-comments
wp-commentsrss2
wp-config
wp-content
wp-content-cache
wp-contents
wp-cron
wp-cumulus
wp-custom
wp-dbmanager
wp-feed
wp-filez
wp-galleryo
wp-icludes
wp-images
wp-include
wp-includes
wp-links-opml
wp-load
wp-login
wp-mail
wp-pass
wp-photos
wp-plugins
wp-postratings
wp-postviews
wp-rdf
wp-register
wp-rss
wp-rss2
wp-settings
wp-shopping-cart
wp-signup
wp-stattraq
wp-syntax
wp-test
wp-themes
wp-trackback
wp1
wp2
wp3
wp_admin
wpa
wpartner
wpau-backup
wpb
wpblog
wpc
wpcallback
wpcontent
wpd
wpdev
wpe
wpf
wpg
wph
wpi
wpimages
wpj
wpk
wpl
wplogin
wpm
wpmu
wpn
wpo
wpp
wpq
wpr
wpresources
wpress
wps
wpscripts
wpt
wptest
wpthumbnails
wpu
wpv
wpw
wpx
wpy
wpz
wqa
wqb
wqc
wqd
wqe
wqf
wqg
wqh
wqi
wqj
wqk
wql
wqm
wqn
wqo
wqp
wqq
wqr
wqs
wqsb
wqt
wqu
wqv
wqw
wqx
wqy
wqz
wr
wra
wrangle
wrangled
wrangler
wrap
wraparound
wrapped
wrapper
wrappers
wrapping
wrappings
wraps
wrath
wrb
wrc
wrd
wre
wreak
wreaks
wreath
wreathed
wreathes
wreck
wreckage
wrecked
wrecker
wreckers
wrecking
wrecks
wren
wrench
wrenched
wrenches
wrenching
wrens
wrest
wrestle
wrestler
wrestles
wrestling
wrestlings
wretch
wretched
wretchedness
wretches
wrf
wrg
wrh
wri
wriggle
wriggled
wriggler
wriggles
wriggling
wright
wring
wringer
wrings
wrinkle
wrinkled
wrinkles
wrist
wrists
wristwatch
wristwatches
writ
writable
write
write-review
write_review
writer
writereview
writers
writes
writhe
writhed
writhes
writhing
writing
writings
writs
written
wrj
wrk
wrl
wrm
wrn
wro
wrong
wronged
wronging
wrongly
wrongs
wrote
wrought
wrp
wrq
wrr
wrs
wrt
wru
wrung
wrv
wrw
wrx
wry
wrz
ws
ws-client
ws2
ws_admin
ws_ftp
wsa
wsadmin
wsaffil
wsb
wsc
wsd
wsdl
wsdocs
wse
wsearch
wsexec
wsf
wsg
wsh
wsi
wsimages
wsj
wsk
wsl
wsm
wsmab
wsmicons
wsmkb
wsmleads
wsmmail
wsmnewsletter
wsmstats
wsmtasks
wsn
wso
wsop
wsp
wsq
wsr
wss
wst
wstat
wstat7
wstats
wsu
wsv
wsw
wsx
wsy
wsz
wt
wta
wtai
wtb
wtc
wtcday
wtcmoscow
wtd
wte
wtec
wtf
wtg
wtg-backup
wtg-feeds
wth
wthvideo
wti
wtj
wtk
wtl
wtm
wtn
wto
wtp
wtq
wtr
wts
wtt
wtu
wtv
wtw
wtx
wty
wtz
wua
wub
wuc
wud
wue
wueb
wuf
wug
wuh
wui
wuj
wuk
wul
wum
wun
wunschzettel
wuo
wup
wuq
wur
wurfl
wus
wusage
wuscripts
wut
wuu
wuv
wuw
wux
wuy
wuz
wv
wva
wvb
wvc
wvd
wve
wvf
wvg
wvh
wvi
wvj
wvk
wvl
wvm
wvn
wvo
wvp
wvq
wvr
wvs
wvt
wvu
wvv
wvw
wvx
wvy
wvz
ww
ww2
wwa
wwb
wwc
wwd
wwe
wwf
wwg
wwh
wwhelp
wwi
wwj
wwk
wwl
wwm
wwn
wwo
wwp
wwq
wwr
wws
wwt
wwu
wwv
www
www-collector-e
www-data
www-sql
www1
www2
www3
www_logs
www_reports
www_stats
wwwadmin
wwwboard
wwwdev
wwwforum
wwwjoin
wwwlog
wwwlogs
wwwroot
wwwsite
wwwstat
wwwstats
wwwthreads
wwwuser
wwx
wwy
wwz
wx
wxa
wxb
wxc
wxd
wxe
wxf
wxg
wxh
wxi
wxj
wxk
wxl
wxm
wxn
wxo
wxp
wxq
wxr
wxs
wxt
wxu
wxv
wxw
wxx
wxy
wxz
wy
wya
wyatt
wyb
wyc
wyd
wydarzenia
wye
wyf
wyg
wyh
wyi
wyj
wyk
wyl
wym
wyn
wyo
wyoming
wyp
wyq
wyr
wys
wysiwyg
wysiwygpro
wyszukiwarka
wyt
wyu
wyv
wyw
wyx
wyy
wyz
wz
wza
wzb
wzc
wzd
wze
wzf
wzg
wzh
wzi
wzj
wzk
wzl
wzm
wzn
wzo
wzp
wzq
wzr
wzs
wzt
wzu
wzv
wzw
wzx
wzy
wzz
x
x2
x7chat
xaa
xab
xac
xad
xadmin
xae
xaf
xag
xah
xai
xaj
xajax
xajax_js
xak
xal
xalan
xam
xampp
xampp-dav-unsecure
xan
xanadu
xandra
xao
xap
xaq
xar
xaradodb
xas
xat
xativa
xau
xav
xavier
xaw
xax
xay
xaz
xba
xbb
xbc
xbcr
xbd
xbe
xbf
xbg
xbh
xbi
xbj
xbk
xbl
xbm
xbn
xbo
xbox
xbp
xbq
xbr
xbs
xbt
xbu
xbv
xbw
xbx
xby
xbz
xc
xca
xcache
xcache-admin
xcart
xcartsalex
xcb
xcbjb
xcc
xcd
xce
xcf
xcg
xch
xchange
xchg
xci
xcj
xck
xcl
xcm
xcn
xco
xcountry
xcp
xcq
xcr
xcs
xct
xcu
xcv
xcw
xcx
xcy
xcz
xd_receiver
xda
xdb
xdc
xdd
xde
xdf
xdg
xdh
xdi
xdj
xdk
xdl
xdm
xdn
xdo
xdp
xdq
xdr
xds
xdt
xdu
xdv
xdw
xdx
xdy
xdz
xe
xea
xeabdbfddaccx
xeb
xec
xed
xee
xef
xeg
xeh
xei
xej
xek
xel
xem
xen
xenakis
xenus
xeo
xep
xeq
xer
xerces
xerox
xes
xet
xeu
xev
xew
xex
xey
xez
xfa
xfb
xfc
xfd
xfe
xfer
xff
xfg
xfguestbook
xfh
xfi
xfiles
xfj
xfk
xfl
xfm
xfn
xfo
xfp
xfq
xfr
xfs
xft
xfu
xfv
xfw
xfx
xfx7
xfy
xfz
xga
xgallery
xgb
xgc
xgd
xge
xgf
xgg
xgh
xgi
xgj
xgk
xgl
xgm
xgn
xgo
xgp
xgq
xgr
xgs
xgt
xgu
xgv
xgw
xgx
xgy
xgz
xha
xhb
xhc
xhd
xhe
xhf
xhg
xhh
xhi
xhj
xhk
xhl
xhm
xhn
xho
xhp
xhprof
xhq
xhr
xhs
xht
xhtml
xhu
xhv
xhw
xhx
xhy
xhz
xia
xib
xic
xid
xie
xif
xig
xih
xii
xij
xik
xil
xim
ximages
xin
xinha
xinwen
xio
xip
xiq
xir
xis
xit
xiu
xiv
xiw
xix
xiy
xiz
xja
xjb
xjc
xjd
xje
xjf
xjg
xjh
xji
xjj
xjk
xjl
xjm
xjn
xjo
xjp
xjq
xjr
xjs
xjt
xju
xjv
xjw
xjx
xjy
xjz
xka
xkb
xkc
xkd
xke
xkf
xkg
xkh
xki
xkj
xkk
xkl
xkm
xkn
xko
xkp
xkq
xkr
xks
xkt
xku
xkv
xkw
xkx
xky
xkz
xla
xlb
xlc
xld
xle
xlf
xlg
xlh
xli
xlj
xlk
xll
xlm
xln
xlo
xlogin
xlp
xlq
xlr
xls
xlsx
xlt
xlu
xlv
xlw
xlx
xly
xlz
xm
xma
xmail
xmas
xmas25
xmb
xmc
xmd
xme
xmedia
xmf
xmg
xmh
xmi
xmj
xmk
xml
xml-editor
xml-generator
xml-rpc
xml-sitemap
xml_data
xml_export
xml_files
xml_rpc
xmlcache
xmldata
xmlexport
xmlfeed
xmlfeeds
xmlfiles
xmlhttp
xmlimporter
xmllog
xmllogs
xmlpackages
xmlparser
xmlrpc
xmlrpc_server
xmlrss
xmls
xmlsitemap
xmlsrv
xmm
xmn
xmo
xmodem
xmp
xmq
xmr
xms
xmt
xmu
xmv
xmw
xmx
xmy
xmz
xn
xna
xnb
xnc
xnd
xne
xnet
xnf
xng
xnh
xni
xnj
xnk
xnl
xnm
xnn
xno
xnp
xnq
xnr
xns
xnt
xnu
xnv
xnw
xnx
xny
xnz
xoa
xob
xoc
xod
xoe
xof
xog
xoh
xoi
xoj
xok
xol
xom
xon
xoo
xoops
xop
xoport
xoq
xor
xos
xot
xou
xov
xow
xox
xoy
xoz
xp
xpa
xpackage
xpage
xpanel
xpayments
xpb
xpc
xpd
xpdb
xpe
xperience
xpf
xpg
xph
xpi
xpj
xpk
xpl
xploit
xpm
xpn
xpo
xpopr
xpp
xpq
xpr
xpress
xps
xpt
xpu
xpv
xpw
xpx
xpy
xpz
xq
xqa
xqb
xqc
xqd
xqe
xqf
xqg
xqh
xqi
xqj
xqk
xql
xqm
xqn
xqo
xqp
xqq
xqr
xqs
xqt
xqu
xqv
xqw
xqx
xqy
xqz
xra
xrb
xrc
xrd
xre
xrf
xrg
xrh
xri
xrj
xrk
xrl
xrm
xrn
xro
xrp
xrq
xrr
xrs
xrt
xru
xrv
xrw
xrx
xry
xrz
xs
xs_action
xs_mod
xsa
xsb
xsc
xsd
xse
xsf
xsg
xsh
xsi
xsj
xsk
xsl
xslfiles
xslt
xsltfiles
xslttemplates
xsm
xsn
xso
xsp
xsq
xsql
xsr
xss
xst
xstatistik
xsu
xsv
xsw
xsx
xsy
xsz
xt
xt_
xta
xtadmin
xtb
xtc
xtcommerce
xtcore
xtcsid
xtd
xte
xtest
xtf
xtframework
xtg
xth
xthemes
xti
xtj
xtk
xtl
xtlogs
xtm
xtn
xto
xtp
xtq
xtr
xtra
xtracker
xtras
xtree2b
xtreme
xtreme3
xts
xtt
xtu
xtv
xtw
xtx
xty
xtz
xu
xua
xub
xuc
xud
xue
xuf
xug
xuh
xui
xuj
xuk
xul
xum
xun
xuo
xup
xuq
xur
xus
xut
xuu
xuv
xuw
xux
xuy
xuz
xva
xvb
xvc
xvd
xve
xvf
xvg
xvh
xvi
xvj
xvk
xvl
xvm
xvn
xvo
xvp
xvq
xvr
xvs
xvt
xvu
xvv
xvw
xvx
xvy
xvz
xwa
xwb
xwc
xwd
xwe
xwf
xwg
xwh
xwi
xwiki
xwj
xwk
xwl
xwm
xwn
xwo
xwp
xwq
xwr
xws
xwt
xwu
xwv
xww
xwx
xwy
xwz
xx
xxa
xxb
xxc
xxd
xxe
xxf
xxg
xxh
xxi
xxj
xxk
xxl
xxm
xxn
xxo
xxp
xxpafaq
xxq
xxr
xxs
xxt
xxu
xxv
xxw
xxx
xxx2
xxxx
xxy
xxz
xya
xyb
xyc
xyd
xye
xyf
xyg
xyh
xyi
xyiznwsk
xyj
xyk
xyl
xylo
xym
xyn
xyo
xyp
xyq
xyr
xys
xyt
xyu
xyv
xyw
xyx
xyy
xyz
xyzzy
xz
xza
xzb
xzc
xzd
xze
xzf
xzg
xzh
xzi
xzj
xzk
xzl
xzm
xzn
xzo
xzp
xzq
xzr
xzs
xzt
xzu
xzv
xzw
xzx
xzy
xzz
y
y2k
ya
yaa
yab
yabb
yabb2
yabbfiles
yabbhelp
yabbimages
yabbse
yac
yaco
yacoub
yad
yae
yaf
yag
yah
yahoo
yahoo_site_admin
yai
yaj
yak
yal
yalst
yam
yamaguchi
yamaha
yaml
yan
yandex
yang
yank
yanked
yankees
yanking
yanks
yao
yaolan
yap
yaq
yar
yard
yards
yardsale
yardstick
yardsticks
yarn
yarns
yaroslavl
yas
yasitemap
yasitemap_users
yat
yau
yav
yaw
yawn
yawner
yawning
yax
yay
yaz
yazdir
yba
ybb
ybc
ybd
ybe
ybf
ybg
ybh
ybi
ybj
ybk
ybl
ybm
ybn
ybo
ybp
ybq
ybr
ybs
ybt
ybu
ybv
ybw
ybx
yby
ybz
yca
ycb
ycc
ycd
yce
ycf
ycg
ych
yci
ycj
yck
ycl
ycm
ycn
yco
ycp
ycq
ycr
ycs
yct
ycu
ycv
ycw
ycx
ycy
ycz
yd
yd-gb
yda
ydb
ydc
ydd
yde
ydf
ydg
ydh
ydi
ydj
ydk
ydl
ydm
ydn
ydo
ydp
ydq
ydr
yds
ydt
ydu
ydv
ydw
ydx
ydxuanhao
ydy
ydz
ye
yea
year
year_round
yearly
yearn
yearned
yearning
yearnings
years
yeas
yeast
yeasts
yeb
yec
yed
yedek
yee
yeepay
yef
yeg
yeh
yei
yej
yek
yel
yell
yelled
yeller
yelling
yellow
yellowed
yellower
yellowest
yellowing
yellowish
yellowness
yellowpages
yellows
yellowstone
yelp
yelped
yelping
yelps
yem
yemen
yen
yeni
yeo
yeoman
yeomen
yep
yeq
yer
yerramsetti
yes
yesterday
yesterdays
yet
yeu
yev
yew
yex
yey
yez
yfa
yfb
yfc
yfd
yfe
yff
yfg
yfh
yfi
yfj
yfk
yfl
yfm
yfn
yfo
yfp
yfq
yfr
yfs
yft
yfu
yfv
yfw
yfx
yfy
yfz
yga
ygb
ygc
ygd
yge
ygf
ygg
ygh
ygi
ygj
ygk
ygl
ygm
ygn
ygo
ygp
ygptemp
ygq
ygr
ygs
ygt
ygu
ygv
ygw
ygx
ygy
ygz
yh
yha
yhb
yhc
yhd
yhe
yhf
yhg
yhh
yhi
yhj
yhk
yhl
yhm
yhn
yho
yhp
yhq
yhr
yhs
yht
yhu
yhv
yhw
yhx
yhy
yhz
yi
yia
yib
yic
yid
yie
yield
yielded
yielding
yields
yif
yig
yih
yii
yij
yik
yil
yim
yin
yink
yio
yip
yiq
yir
yis
yit
yiu
yiv
yiw
yix
yiy
yiyuan
yiz
yja
yjb
yjc
yjd
yje
yjf
yjg
yjh
yji
yjj
yjk
yjl
yjm
yjn
yjo
yjp
yjq
yjr
yjs
yjt
yju
yjv
yjw
yjx
yjy
yjz
yk
yka
ykb
ykc
ykd
yke
ykf
ykg
ykh
yki
ykj
ykk
ykl
ykm
ykn
yko
ykp
ykq
ykr
yks
ykt
yku
ykv
ykw
ykx
yky
ykz
yla
ylang
ylb
ylc
yld
yle
ylf
ylg
ylh
yli
ylj
ylk
yll
yllapito
ylm
yln
ylo
ylp
ylq
ylr
yls
ylt
ylu
ylv
ylw
ylx
yly
ylz
ym
yma
ymb
ymc
ymd
yme
ymf
ymg
ymh
ymi
ymix
ymj
ymk
yml
ymm
ymn
ymo
ymp
ymq
ymr
yms
ymt
ymu
ymv
ymw
ymx
ymy
ymz
yna
ynb
ync
ynd
yne
ynet
ynf
yng
ynh
yni
ynj
ynk
ynl
ynm
ynn
yno
ynp
ynq
ynr
yns
ynt
ynu
ynv
ynw
ynx
yny
ynz
yoa
yoast-ga
yob
yoc
yod
yoda
yoe
yof
yog
yoga
yoh
yoi
yoj
yok
yoke
yokes
yokohamashi
yol
yolanda
yom
yomama
yon
yonder
yonet
yonetici
yonetim
yoo
yop
yoq
yor
york
yorum
yos
yosemite
yot
you
young
younger
youngest
youngly
youngster
youngsters
youporn
your
your-details
your-money
your-votes
your_account
youraccount
yours
yourself
yourselves
yourstore
youth
youthes
youthful
youthfully
youthfulness
youtube
youxi
yov
yow
yox
yoy
yoz
yp
ypa
ypb
ypc
ypd
ype
ypf
ypg
yph
ypi
ypj
ypk
ypl
ypm
ypn
ypo
ypp
ypq
ypr
yps
ypt
ypu
ypv
ypw
ypx
ypy
ypz
yqa
yqb
yqc
yqd
yqe
yqf
yqg
yqh
yqi
yqj
yqk
yql
yqm
yqn
yqo
yqp
yqq
yqr
yqs
yqt
yqu
yqv
yqw
yqx
yqy
yqz
yr
yra
yrb
yrc
yrd
yre
yrf
yrg
yrh
yri
yrj
yrk
yrl
yrm
yrn
yro
yrp
yrq
yrr
yrs
yrt
yru
yrv
yrw
yrx
yry
yrz
ys
ysa
ysb
ysc
ysd
yse
ysf
ysg
ysh
yshop
yshout
ysi
ysite
ysj
ysk
ysl
ysm
ysn
yso
ysp
ysq
ysr
yss
yst
ysu
ysv
ysw
ysx
ysy
ysz
yt
yta
ytb
ytc
ytd
yte
ytf
ytg
yth
yti
ytj
ytk
ytl
ytm
ytn
yto
ytp
ytq
ytr
ytrewq
yts
ytt
ytu
ytv
ytw
ytx
yty
ytz
yu
yu-gb
yua
yub
yuc
yud
yuding
yue
yuf
yug
yuh
yui
yuj
yuk
yul
yum
yun
yuo
yup
yuq
yur
yus
yut
yuu
yuv
yuw
yux
yuy
yuz
yva
yvb
yvc
yvd
yve
yvf
yvg
yvh
yvi
yvj
yvk
yvl
yvm
yvn
yvo
yvonne
yvp
yvq
yvr
yvs
yvt
yvu
yvv
yvw
yvx
yvy
yvz
ywa
ywb
ywc
ywd
ywe
ywf
ywg
ywh
ywi
ywj
ywk
ywl
ywm
ywn
ywo
ywp
ywq
ywr
yws
ywt
ywu
ywv
yww
ywx
ywy
ywz
yxa
yxb
yxc
yxd
yxe
yxf
yxg
yxh
yxi
yxj
yxk
yxl
yxm
yxn
yxo
yxp
yxq
yxr
yxs
yxt
yxu
yxv
yxw
yxx
yxy
yxz
yy
yya
yyb
yyc
yyd
yye
yyf
yyg
yyh
yyi
yyj
yyk
yyl
yym
yyn
yyo
yyp
yyq
yyr
yys
yyt
yyu
yyv
yyw
yyx
yyy
yyz
yz
yza
yzb
yzc
yzd
yze
yzf
yzg
yzh
yzi
yzj
yzk
yzl
yzm
yzn
yzo
yzp
yzq
yzr
yzs
yzt
yzu
yzv
yzw
yzx
yzy
yzz
z
z-donotpublish
z-omniupdate
z-test
z_
z_csapda
z_old
za
za-gb
zaa
zab
zabbix
zac
zachary
zack
zad
zadmin
zae
zaehler
zaf
zag
zah
zahariev
zahlung
zahlungsarten
zai
zaj
zak
zakaz
zakaznik
zakladki
zal
zaloguj
zam
zamowienie
zan
zao
zap
zapata
zapatec
zapchasti
zaphod
zapros
zaq
zar
zaragoza
zas
zat
zau
zav
zaw
zawinski
zax
zay
zaz
zba
zbb
zbblock
zbc
zbd
zbe
zbf
zbg
zbh
zbi
zbj
zbk
zbl
zbm
zbn
zbo
zboard
zbp
zbq
zbr
zbs
zbt
zbu
zbv
zbw
zbx
zby
zbz
zc
zc989_install
zca
zcb
zcc
zcd
zce
zcf
zcg
zch
zci
zcj
zck
zcl
zcm
zcn
zco
zcp
zcq
zcr
zcs
zct
zcu
zcv
zcw
zcx
zcy
zcz
zd
zda
zdb
zdc
zdd
zde
zdf
zdg
zdh
zdi
zdj
zdjecia
zdjecie
zdk
zdl
zdm
zdn
zdo
zdp
zdq
zdr
zds
zdt
zdu
zdv
zdw
zdx
zdy
zdz
zea
zeal
zealous
zealously
zealousness
zeb
zebra
zebras
zec
zed
zedgraphimages
zee
zeeff
zef
zeg
zeh
zei
zeitung
zej
zek
zel
zem
zen
zen-cart
zencart
zend
zendplatform
zenith
zenphoto
zeo
zep
zephyr
zeppelin
zeq
zer
zero
zeroclipboard
zeroed
zeroes
zeroing
zeros
zeroth
zertifikate
zes
zest
zet
zeta
zeu
zeus
zev
zew
zex
zey
zez
zf
zfa
zfb
zfc
zfd
zfe
zff
zfg
zfh
zfi
zfj
zfk
zfl
zfm
zfn
zfo
zforumffffff
zfp
zfq
zfr
zfs
zft
zfu
zfv
zfw
zfx
zfy
zfz
zga
zgb
zgc
zgd
zge
zgf
zgg
zgh
zgi
zgj
zgk
zgl
zgm
zgn
zgo
zgp
zgq
zgr
zgs
zgt
zgu
zgv
zgw
zgx
zgy
zgz
zh
zh-cn
zh-hans
zh-hant
zh-tw
zh_CN
zh_TW
zh_tw
zha
zhaopin
zhb
zhc
zhd
zhe
zhengxing
zhf
zhg
zhh
zhi
zhidao
zhj
zhk
zhl
zhm
zhn
zho
zhong
zhongguo
zhp
zhq
zhr
zhs
zht
zhu
zhuanjia
zhuanti
zhv
zhw
zhx
zhy
zhz
zi
zia
zib
zic
zid
zie
zif
zig
ziggy
zigzag
zih
zii
zij
zik
zil
zilla
zillions
zim
zimages
zimbra
zimmerman
zin
zinc
zine
zines
zio
zip
zipcode
zipcodes
zipfile
zipfiles
zipimport
zipped
zips
ziq
zir
zis
zit
ziu
ziv
ziw
zix
zixun
ziy
ziz
zja
zjb
zjc
zjd
zje
zjf
zjg
zjh
zji
zjj
zjk
zjl
zjm
zjn
zjo
zjp
zjq
zjr
zjs
zjt
zju
zjv
zjw
zjx
zjy
zjz
zka
zkb
zkc
zkd
zke
zkf
zkg
zkh
zki
zkj
zkk
zkl
zkm
zkn
zko
zkp
zkq
zkr
zks
zkt
zku
zkv
zkw
zkx
zky
zkz
zl
zla
zlb
zlc
zld
zle
zlf
zlg
zlh
zli
zlj
zlk
zll
zlm
zln
zlo
zlp
zlq
zlr
zls
zlt
zlu
zlv
zlw
zlx
zly
zlz
zm
zma
zmail
zmb
zmc
zmd
zme
zmf
zmg
zmh
zmi
zmj
zmk
zml
zmm
zmn
zmo
zmodem
zmp
zmq
zmr
zms
zmt
zmu
zmv
zmw
zmx
zmy
zmz
zna
znb
znc
znd
zne
znf
zng
znh
zni
znj
znk
znl
znm
znn
zno
znp
znq
znr
zns
znt
znu
znv
znw
znx
zny
znz
zoa
zob
zobacz
zoc
zod
zodiac
zoe
zoek
zoeken
zof
zog
zoh
zoi
zoj
zok
zol
zold
zom
zombie
zon
zona
zonal
zonally
zone
zoned
zones
zoning
zoo
zoological
zoologically
zoom
zoomf
zoomf-search
zoomify
zooms
zoomsearch
zoos
zop
zope
zoq
zor
zorro
zorum
zos
zot
zou
zov
zow
zox
zoy
zoz
zp
zp-core
zp-data
zpa
zpb
zpc
zpcal
zpd
zpe
zpf
zpg
zph
zpi
zpj
zpk
zpl
zpm
zpn
zpo
zpp
zpq
zpr
zps
zpt
zpu
zpv
zpw
zpx
zpy
zpz
zqa
zqb
zqc
zqd
zqe
zqf
zqg
zqh
zqi
zqj
zqk
zql
zqm
zqn
zqo
zqp
zqq
zqr
zqs
zqt
zqu
zqv
zqw
zqx
zqy
zqz
zra
zrb
zrc
zrd
zre
zrf
zrg
zrh
zri
zrj
zrk
zrl
zrm
zrn
zro
zrp
zrq
zrr
zrs
zrt
zru
zrv
zrw
zrx
zry
zrz
zs
zsa
zsb
zsc
zsd
zse
zsf
zsg
zsh
zsi
zsj
zsk
zsl
zsm
zsn
zso
zsp
zsq
zsr
zss
zst
zsu
zsv
zsw
zsx
zsy
zsz
zt
zta
ztb
ztc
ztd
zte
ztest
ztf
ztg
zth
zti
ztj
ztk
ztl
ztm
ztml
ztn
zto
ztp
ztq
ztr
zts
ztt
ztu
ztv
ztw
ztx
zty
ztz
zua
zub
zubehoer
zuc
zuckerberg
zud
zue
zuf
zug
zuh
zui
zuj
zuk
zul
zum
zun
zuo
zup
zuq
zur
zus
zut
zuu
zuv
zuw
zux
zuy
zuz
zva
zvb
zvc
zvd
zve
zvents
zvf
zvg
zvh
zvi
zvj
zvk
zvl
zvm
zvn
zvo
zvp
zvq
zvr
zvs
zvt
zvu
zvv
zvw
zvx
zvy
zvz
zw
zwa
zwb
zwc
zwd
zwe
zwf
zwg
zwh
zwi
zwj
zwk
zwl
zwm
zwn
zwo
zworkingfiles
zwp
zwq
zwr
zws
zwt
zwu
zwv
zww
zwx
zwy
zwz
zx
zxa
zxb
zxc
zxcvbnm
zxd
zxe
zxf
zxg
zxh
zxi
zxj
zxk
zxl
zxm
zxn
zxo
zxp
zxq
zxr
zxs
zxt
zxu
zxv
zxw
zxx
zxy
zxydat
zxz
zya
zyb
zyc
zyd
zye
zyf
zyg
zyh
zyi
zyj
zyk
zyl
zym
zyn
zyo
zyp
zyq
zyr
zys
zyt
zyu
zyv
zyw
zyx
zyy
zyz
zz
zza
zzb
zzc
zzd
zze
zzf
zzg
zzh
zzi
zzj
zzk
zzl
zzm
zzn
zzo
zzp
zzq
zzr
zzs
zzt
zzu
zzv
zzw
zzx
zzy
zzz